prompt,image_path
Angiogram image of the right heart showing signs of inflammation.,images/angiogram_heart_inflammation_0.jpg
Mammogram image of the lower breast showing signs of hernia.,images/mammogram_breast_hernia_1.jpg
CT scan image of the right spine showing signs of fluid accumulation.,images/ct_scan_spine_fluid accumulation_2.jpg
CT scan image of the anterior abdomen showing signs of abnormal growth.,images/ct_scan_abdomen_abnormal growth_3.jpg
Angiogram image of the left thyroid showing signs of scar tissue.,images/angiogram_thyroid_scar tissue_4.jpg
CT scan image of the upper lung showing signs of scar tissue.,images/ct_scan_lung_scar tissue_5.jpg
Ultrasound image of the posterior abdomen showing signs of abnormal growth.,images/ultrasound_abdomen_abnormal growth_6.jpg
Ultrasound image of the right heart showing signs of fluid accumulation.,images/ultrasound_heart_fluid accumulation_7.jpg
Endoscopy image of the posterior eye showing signs of fluid accumulation.,images/endoscopy_eye_fluid accumulation_8.jpg
CT scan image of the no specific pancreas showing signs of calcification.,images/ct_scan_pancreas_calcification_9.jpg
Mammogram image of the central bladder showing signs of blockage.,images/mammogram_bladder_blockage_10.jpg
Mammogram image of the left thyroid showing signs of lesion.,images/mammogram_thyroid_lesion_11.jpg
X-ray image of the anterior spine showing signs of calcification.,images/x-ray_spine_calcification_12.jpg
X-ray image of the no specific liver showing signs of abnormal growth.,images/x-ray_liver_abnormal growth_13.jpg
PET scan image of the central breast showing signs of hernia.,images/pet_scan_breast_hernia_14.jpg
Angiogram image of the lower thyroid showing signs of inflammation.,images/angiogram_thyroid_inflammation_15.jpg
MRI image of the right knee showing signs of hernia.,images/mri_knee_hernia_16.jpg
PET scan image of the lower knee showing signs of degeneration.,images/pet_scan_knee_degeneration_17.jpg
Endoscopy image of the anterior brain showing signs of fluid accumulation.,images/endoscopy_brain_fluid accumulation_18.jpg
Ultrasound image of the right heart showing signs of hernia.,images/ultrasound_heart_hernia_19.jpg
Mammogram image of the left eye showing signs of mass.,images/mammogram_eye_mass_20.jpg
Mammogram image of the central bladder showing signs of mass.,images/mammogram_bladder_mass_21.jpg
PET scan image of the right lung showing signs of abnormal growth.,images/pet_scan_lung_abnormal growth_22.jpg
Mammogram image of the no specific eye showing signs of atrophy.,images/mammogram_eye_atrophy_23.jpg
Ultrasound image of the upper lung showing signs of blockage.,images/ultrasound_lung_blockage_24.jpg
MRI image of the lower breast showing signs of abnormal growth.,images/mri_breast_abnormal growth_25.jpg
Ultrasound image of the posterior heart showing signs of degeneration.,images/ultrasound_heart_degeneration_26.jpg
X-ray image of the left knee showing signs of scar tissue.,images/x-ray_knee_scar tissue_27.jpg
PET scan image of the anterior pancreas showing signs of hernia.,images/pet_scan_pancreas_hernia_28.jpg
Mammogram image of the upper lung showing signs of calcification.,images/mammogram_lung_calcification_29.jpg
PET scan image of the posterior knee showing signs of calcification.,images/pet_scan_knee_calcification_30.jpg
CT scan image of the central bladder showing signs of tumor.,images/ct_scan_bladder_tumor_31.jpg
CT scan image of the upper bladder showing signs of lesion.,images/ct_scan_bladder_lesion_32.jpg
CT scan image of the left knee showing signs of blockage.,images/ct_scan_knee_blockage_33.jpg
Endoscopy image of the upper abdomen showing signs of degeneration.,images/endoscopy_abdomen_degeneration_34.jpg
PET scan image of the bilateral abdomen showing signs of tumor.,images/pet_scan_abdomen_tumor_35.jpg
CT scan image of the left bladder showing signs of lesion.,images/ct_scan_bladder_lesion_36.jpg
MRI image of the bilateral bladder showing signs of abnormal growth.,images/mri_bladder_abnormal growth_37.jpg
Mammogram image of the upper brain showing signs of fluid accumulation.,images/mammogram_brain_fluid accumulation_38.jpg
PET scan image of the no specific breast showing signs of scar tissue.,images/pet_scan_breast_scar tissue_39.jpg
Mammogram image of the central pancreas showing signs of inflammation.,images/mammogram_pancreas_inflammation_40.jpg
CT scan image of the posterior liver showing signs of inflammation.,images/ct_scan_liver_inflammation_41.jpg
PET scan image of the left knee showing signs of lesion.,images/pet_scan_knee_lesion_42.jpg
Ultrasound image of the bilateral heart showing signs of degeneration.,images/ultrasound_heart_degeneration_43.jpg
X-ray image of the no specific bladder showing signs of lesion.,images/x-ray_bladder_lesion_44.jpg
MRI image of the upper abdomen showing signs of calcification.,images/mri_abdomen_calcification_45.jpg
MRI image of the anterior knee showing signs of scar tissue.,images/mri_knee_scar tissue_46.jpg
Ultrasound image of the right eye showing signs of scar tissue.,images/ultrasound_eye_scar tissue_47.jpg
Angiogram image of the upper brain showing signs of degeneration.,images/angiogram_brain_degeneration_48.jpg
X-ray image of the right bladder showing signs of mass.,images/x-ray_bladder_mass_49.jpg
PET scan image of the lower breast showing signs of degeneration.,images/pet_scan_breast_degeneration_50.jpg
X-ray image of the upper breast showing signs of lesion.,images/x-ray_breast_lesion_51.jpg
Ultrasound image of the upper thyroid showing signs of cyst.,images/ultrasound_thyroid_cyst_52.jpg
PET scan image of the no specific breast showing signs of hernia.,images/pet_scan_breast_hernia_53.jpg
X-ray image of the anterior eye showing signs of blockage.,images/x-ray_eye_blockage_54.jpg
Angiogram image of the right eye showing signs of inflammation.,images/angiogram_eye_inflammation_55.jpg
Endoscopy image of the central abdomen showing signs of fracture.,images/endoscopy_abdomen_fracture_56.jpg
Ultrasound image of the no specific breast showing signs of infection.,images/ultrasound_breast_infection_57.jpg
CT scan image of the upper liver showing signs of tumor.,images/ct_scan_liver_tumor_58.jpg
MRI image of the no specific eye showing signs of scar tissue.,images/mri_eye_scar tissue_59.jpg
X-ray image of the left breast showing signs of infection.,images/x-ray_breast_infection_60.jpg
Endoscopy image of the left liver showing signs of degeneration.,images/endoscopy_liver_degeneration_61.jpg
Mammogram image of the bilateral pancreas showing signs of inflammation.,images/mammogram_pancreas_inflammation_62.jpg
Angiogram image of the right breast showing signs of atrophy.,images/angiogram_breast_atrophy_63.jpg
Angiogram image of the no specific thyroid showing signs of fluid accumulation.,images/angiogram_thyroid_fluid accumulation_64.jpg
X-ray image of the central pancreas showing signs of infection.,images/x-ray_pancreas_infection_65.jpg
CT scan image of the central heart showing signs of degeneration.,images/ct_scan_heart_degeneration_66.jpg
X-ray image of the lower bladder showing signs of calcification.,images/x-ray_bladder_calcification_67.jpg
Mammogram image of the right abdomen showing signs of blockage.,images/mammogram_abdomen_blockage_68.jpg
CT scan image of the right brain showing signs of calcification.,images/ct_scan_brain_calcification_69.jpg
Endoscopy image of the anterior spine showing signs of atrophy.,images/endoscopy_spine_atrophy_70.jpg
Endoscopy image of the no specific brain showing signs of hernia.,images/endoscopy_brain_hernia_71.jpg
Mammogram image of the left breast showing signs of cyst.,images/mammogram_breast_cyst_72.jpg
PET scan image of the upper eye showing signs of fracture.,images/pet_scan_eye_fracture_73.jpg
Angiogram image of the posterior brain showing signs of inflammation.,images/angiogram_brain_inflammation_74.jpg
Endoscopy image of the bilateral heart showing signs of fracture.,images/endoscopy_heart_fracture_75.jpg
Ultrasound image of the right breast showing signs of atrophy.,images/ultrasound_breast_atrophy_76.jpg
Ultrasound image of the no specific liver showing signs of tumor.,images/ultrasound_liver_tumor_77.jpg
Ultrasound image of the anterior bladder showing signs of blockage.,images/ultrasound_bladder_blockage_78.jpg
MRI image of the anterior thyroid showing signs of blockage.,images/mri_thyroid_blockage_79.jpg
Endoscopy image of the no specific knee showing signs of abnormal growth.,images/endoscopy_knee_abnormal growth_80.jpg
CT scan image of the posterior abdomen showing signs of calcification.,images/ct_scan_abdomen_calcification_81.jpg
MRI image of the no specific heart showing signs of mass.,images/mri_heart_mass_82.jpg
Ultrasound image of the lower liver showing signs of scar tissue.,images/ultrasound_liver_scar tissue_83.jpg
Ultrasound image of the bilateral pancreas showing signs of atrophy.,images/ultrasound_pancreas_atrophy_84.jpg
Endoscopy image of the posterior pancreas showing signs of mass.,images/endoscopy_pancreas_mass_85.jpg
Ultrasound image of the posterior pancreas showing signs of lesion.,images/ultrasound_pancreas_lesion_86.jpg
PET scan image of the bilateral lung showing signs of cyst.,images/pet_scan_lung_cyst_87.jpg
Angiogram image of the lower lung showing signs of blockage.,images/angiogram_lung_blockage_88.jpg
X-ray image of the right bladder showing signs of calcification.,images/x-ray_bladder_calcification_89.jpg
Ultrasound image of the no specific thyroid showing signs of infection.,images/ultrasound_thyroid_infection_90.jpg
Endoscopy image of the bilateral bladder showing signs of scar tissue.,images/endoscopy_bladder_scar tissue_91.jpg
Endoscopy image of the bilateral brain showing signs of infection.,images/endoscopy_brain_infection_92.jpg
Endoscopy image of the no specific abdomen showing signs of hernia.,images/endoscopy_abdomen_hernia_93.jpg
Ultrasound image of the left eye showing signs of calcification.,images/ultrasound_eye_calcification_94.jpg
Mammogram image of the no specific bladder showing signs of blockage.,images/mammogram_bladder_blockage_95.jpg
CT scan image of the upper brain showing signs of scar tissue.,images/ct_scan_brain_scar tissue_96.jpg
Mammogram image of the no specific pancreas showing signs of fracture.,images/mammogram_pancreas_fracture_97.jpg
CT scan image of the right heart showing signs of swelling.,images/ct_scan_heart_swelling_98.jpg
X-ray image of the lower heart showing signs of infection.,images/x-ray_heart_infection_99.jpg
MRI image of the left eye showing signs of swelling.,images/mri_eye_swelling_100.jpg
MRI image of the right breast showing signs of blockage.,images/mri_breast_blockage_101.jpg
X-ray image of the right breast showing signs of atrophy.,images/x-ray_breast_atrophy_102.jpg
Endoscopy image of the right heart showing signs of swelling.,images/endoscopy_heart_swelling_103.jpg
X-ray image of the upper eye showing signs of cyst.,images/x-ray_eye_cyst_104.jpg
MRI image of the posterior lung showing signs of atrophy.,images/mri_lung_atrophy_105.jpg
PET scan image of the posterior liver showing signs of lesion.,images/pet_scan_liver_lesion_106.jpg
PET scan image of the anterior pancreas showing signs of lesion.,images/pet_scan_pancreas_lesion_107.jpg
Mammogram image of the no specific knee showing signs of blockage.,images/mammogram_knee_blockage_108.jpg
MRI image of the anterior heart showing signs of tumor.,images/mri_heart_tumor_109.jpg
PET scan image of the central knee showing signs of atrophy.,images/pet_scan_knee_atrophy_110.jpg
X-ray image of the no specific heart showing signs of infection.,images/x-ray_heart_infection_111.jpg
Mammogram image of the lower breast showing signs of fracture.,images/mammogram_breast_fracture_112.jpg
Angiogram image of the lower bladder showing signs of cyst.,images/angiogram_bladder_cyst_113.jpg
Endoscopy image of the anterior knee showing signs of cyst.,images/endoscopy_knee_cyst_114.jpg
Mammogram image of the central breast showing signs of infection.,images/mammogram_breast_infection_115.jpg
Endoscopy image of the upper thyroid showing signs of infection.,images/endoscopy_thyroid_infection_116.jpg
Mammogram image of the central eye showing signs of fluid accumulation.,images/mammogram_eye_fluid accumulation_117.jpg
Endoscopy image of the upper liver showing signs of mass.,images/endoscopy_liver_mass_118.jpg
PET scan image of the central liver showing signs of inflammation.,images/pet_scan_liver_inflammation_119.jpg
Endoscopy image of the lower knee showing signs of infection.,images/endoscopy_knee_infection_120.jpg
Ultrasound image of the lower spine showing signs of degeneration.,images/ultrasound_spine_degeneration_121.jpg
PET scan image of the upper breast showing signs of atrophy.,images/pet_scan_breast_atrophy_122.jpg
X-ray image of the upper spine showing signs of hernia.,images/x-ray_spine_hernia_123.jpg
CT scan image of the right lung showing signs of swelling.,images/ct_scan_lung_swelling_124.jpg
X-ray image of the right eye showing signs of atrophy.,images/x-ray_eye_atrophy_125.jpg
MRI image of the no specific bladder showing signs of cyst.,images/mri_bladder_cyst_126.jpg
Ultrasound image of the anterior spine showing signs of tumor.,images/ultrasound_spine_tumor_127.jpg
Angiogram image of the no specific heart showing signs of tumor.,images/angiogram_heart_tumor_128.jpg
MRI image of the posterior lung showing signs of swelling.,images/mri_lung_swelling_129.jpg
Ultrasound image of the posterior knee showing signs of hernia.,images/ultrasound_knee_hernia_130.jpg
MRI image of the anterior knee showing signs of blockage.,images/mri_knee_blockage_131.jpg
CT scan image of the lower bladder showing signs of scar tissue.,images/ct_scan_bladder_scar tissue_132.jpg
Endoscopy image of the right breast showing signs of cyst.,images/endoscopy_breast_cyst_133.jpg
Mammogram image of the anterior knee showing signs of swelling.,images/mammogram_knee_swelling_134.jpg
Endoscopy image of the lower lung showing signs of calcification.,images/endoscopy_lung_calcification_135.jpg
Ultrasound image of the right brain showing signs of tumor.,images/ultrasound_brain_tumor_136.jpg
Mammogram image of the central abdomen showing signs of inflammation.,images/mammogram_abdomen_inflammation_137.jpg
Ultrasound image of the bilateral bladder showing signs of swelling.,images/ultrasound_bladder_swelling_138.jpg
Endoscopy image of the left eye showing signs of hernia.,images/endoscopy_eye_hernia_139.jpg
Ultrasound image of the no specific pancreas showing signs of scar tissue.,images/ultrasound_pancreas_scar tissue_140.jpg
Ultrasound image of the posterior brain showing signs of cyst.,images/ultrasound_brain_cyst_141.jpg
Endoscopy image of the left spine showing signs of tumor.,images/endoscopy_spine_tumor_142.jpg
Mammogram image of the bilateral liver showing signs of swelling.,images/mammogram_liver_swelling_143.jpg
Ultrasound image of the lower liver showing signs of lesion.,images/ultrasound_liver_lesion_144.jpg
CT scan image of the left brain showing signs of atrophy.,images/ct_scan_brain_atrophy_145.jpg
PET scan image of the lower heart showing signs of tumor.,images/pet_scan_heart_tumor_146.jpg
Angiogram image of the posterior pancreas showing signs of tumor.,images/angiogram_pancreas_tumor_147.jpg
Angiogram image of the right knee showing signs of tumor.,images/angiogram_knee_tumor_148.jpg
Ultrasound image of the posterior breast showing signs of inflammation.,images/ultrasound_breast_inflammation_149.jpg
CT scan image of the left lung showing signs of swelling.,images/ct_scan_lung_swelling_150.jpg
CT scan image of the no specific breast showing signs of scar tissue.,images/ct_scan_breast_scar tissue_151.jpg
CT scan image of the lower spine showing signs of inflammation.,images/ct_scan_spine_inflammation_152.jpg
Ultrasound image of the upper spine showing signs of mass.,images/ultrasound_spine_mass_153.jpg
CT scan image of the lower thyroid showing signs of lesion.,images/ct_scan_thyroid_lesion_154.jpg
Endoscopy image of the bilateral lung showing signs of fracture.,images/endoscopy_lung_fracture_155.jpg
PET scan image of the upper lung showing signs of fracture.,images/pet_scan_lung_fracture_156.jpg
Angiogram image of the no specific abdomen showing signs of degeneration.,images/angiogram_abdomen_degeneration_157.jpg
Ultrasound image of the bilateral lung showing signs of swelling.,images/ultrasound_lung_swelling_158.jpg
Ultrasound image of the posterior eye showing signs of infection.,images/ultrasound_eye_infection_159.jpg
CT scan image of the anterior knee showing signs of abnormal growth.,images/ct_scan_knee_abnormal growth_160.jpg
PET scan image of the lower thyroid showing signs of blockage.,images/pet_scan_thyroid_blockage_161.jpg
CT scan image of the central bladder showing signs of degeneration.,images/ct_scan_bladder_degeneration_162.jpg
Ultrasound image of the central abdomen showing signs of fluid accumulation.,images/ultrasound_abdomen_fluid accumulation_163.jpg
X-ray image of the anterior brain showing signs of blockage.,images/x-ray_brain_blockage_164.jpg
PET scan image of the no specific eye showing signs of scar tissue.,images/pet_scan_eye_scar tissue_165.jpg
Angiogram image of the no specific bladder showing signs of degeneration.,images/angiogram_bladder_degeneration_166.jpg
Ultrasound image of the bilateral breast showing signs of degeneration.,images/ultrasound_breast_degeneration_167.jpg
Mammogram image of the left lung showing signs of swelling.,images/mammogram_lung_swelling_168.jpg
MRI image of the central eye showing signs of hernia.,images/mri_eye_hernia_169.jpg
Ultrasound image of the central abdomen showing signs of abnormal growth.,images/ultrasound_abdomen_abnormal growth_170.jpg
PET scan image of the left lung showing signs of hernia.,images/pet_scan_lung_hernia_171.jpg
CT scan image of the lower eye showing signs of blockage.,images/ct_scan_eye_blockage_172.jpg
PET scan image of the left lung showing signs of atrophy.,images/pet_scan_lung_atrophy_173.jpg
Ultrasound image of the no specific eye showing signs of lesion.,images/ultrasound_eye_lesion_174.jpg
X-ray image of the upper breast showing signs of calcification.,images/x-ray_breast_calcification_175.jpg
Endoscopy image of the upper brain showing signs of hernia.,images/endoscopy_brain_hernia_176.jpg
Ultrasound image of the anterior bladder showing signs of abnormal growth.,images/ultrasound_bladder_abnormal growth_177.jpg
Ultrasound image of the central thyroid showing signs of inflammation.,images/ultrasound_thyroid_inflammation_178.jpg
MRI image of the central thyroid showing signs of abnormal growth.,images/mri_thyroid_abnormal growth_179.jpg
X-ray image of the upper abdomen showing signs of atrophy.,images/x-ray_abdomen_atrophy_180.jpg
PET scan image of the lower lung showing signs of fracture.,images/pet_scan_lung_fracture_181.jpg
PET scan image of the left spine showing signs of blockage.,images/pet_scan_spine_blockage_182.jpg
CT scan image of the lower heart showing signs of mass.,images/ct_scan_heart_mass_183.jpg
MRI image of the posterior bladder showing signs of tumor.,images/mri_bladder_tumor_184.jpg
PET scan image of the no specific pancreas showing signs of hernia.,images/pet_scan_pancreas_hernia_185.jpg
X-ray image of the right heart showing signs of cyst.,images/x-ray_heart_cyst_186.jpg
PET scan image of the bilateral pancreas showing signs of inflammation.,images/pet_scan_pancreas_inflammation_187.jpg
CT scan image of the anterior breast showing signs of abnormal growth.,images/ct_scan_breast_abnormal growth_188.jpg
Ultrasound image of the upper abdomen showing signs of infection.,images/ultrasound_abdomen_infection_189.jpg
X-ray image of the anterior pancreas showing signs of abnormal growth.,images/x-ray_pancreas_abnormal growth_190.jpg
Mammogram image of the anterior brain showing signs of scar tissue.,images/mammogram_brain_scar tissue_191.jpg
Ultrasound image of the anterior abdomen showing signs of mass.,images/ultrasound_abdomen_mass_192.jpg
Ultrasound image of the bilateral spine showing signs of cyst.,images/ultrasound_spine_cyst_193.jpg
MRI image of the anterior liver showing signs of fluid accumulation.,images/mri_liver_fluid accumulation_194.jpg
PET scan image of the upper eye showing signs of scar tissue.,images/pet_scan_eye_scar tissue_195.jpg
Ultrasound image of the left spine showing signs of lesion.,images/ultrasound_spine_lesion_196.jpg
CT scan image of the upper pancreas showing signs of fracture.,images/ct_scan_pancreas_fracture_197.jpg
X-ray image of the bilateral pancreas showing signs of inflammation.,images/x-ray_pancreas_inflammation_198.jpg
Mammogram image of the posterior spine showing signs of fracture.,images/mammogram_spine_fracture_199.jpg
Mammogram image of the posterior brain showing signs of fluid accumulation.,images/mammogram_brain_fluid accumulation_200.jpg
PET scan image of the lower heart showing signs of blockage.,images/pet_scan_heart_blockage_201.jpg
Angiogram image of the central lung showing signs of hernia.,images/angiogram_lung_hernia_202.jpg
Endoscopy image of the right abdomen showing signs of swelling.,images/endoscopy_abdomen_swelling_203.jpg
CT scan image of the central brain showing signs of tumor.,images/ct_scan_brain_tumor_204.jpg
Ultrasound image of the upper brain showing signs of fracture.,images/ultrasound_brain_fracture_205.jpg
Mammogram image of the no specific knee showing signs of infection.,images/mammogram_knee_infection_206.jpg
X-ray image of the bilateral abdomen showing signs of calcification.,images/x-ray_abdomen_calcification_207.jpg
Ultrasound image of the bilateral lung showing signs of hernia.,images/ultrasound_lung_hernia_208.jpg
Angiogram image of the bilateral eye showing signs of abnormal growth.,images/angiogram_eye_abnormal growth_209.jpg
X-ray image of the no specific lung showing signs of scar tissue.,images/x-ray_lung_scar tissue_210.jpg
CT scan image of the upper abdomen showing signs of fracture.,images/ct_scan_abdomen_fracture_211.jpg
Mammogram image of the upper abdomen showing signs of infection.,images/mammogram_abdomen_infection_212.jpg
Angiogram image of the posterior lung showing signs of infection.,images/angiogram_lung_infection_213.jpg
Angiogram image of the bilateral lung showing signs of calcification.,images/angiogram_lung_calcification_214.jpg
Ultrasound image of the upper breast showing signs of inflammation.,images/ultrasound_breast_inflammation_215.jpg
Ultrasound image of the lower liver showing signs of inflammation.,images/ultrasound_liver_inflammation_216.jpg
Angiogram image of the left bladder showing signs of fracture.,images/angiogram_bladder_fracture_217.jpg
Mammogram image of the central brain showing signs of abnormal growth.,images/mammogram_brain_abnormal growth_218.jpg
MRI image of the left abdomen showing signs of fluid accumulation.,images/mri_abdomen_fluid accumulation_219.jpg
MRI image of the bilateral lung showing signs of blockage.,images/mri_lung_blockage_220.jpg
Endoscopy image of the left pancreas showing signs of mass.,images/endoscopy_pancreas_mass_221.jpg
MRI image of the central spine showing signs of calcification.,images/mri_spine_calcification_222.jpg
MRI image of the right brain showing signs of fluid accumulation.,images/mri_brain_fluid accumulation_223.jpg
Mammogram image of the anterior liver showing signs of fracture.,images/mammogram_liver_fracture_224.jpg
Mammogram image of the lower eye showing signs of fracture.,images/mammogram_eye_fracture_225.jpg
Endoscopy image of the central breast showing signs of inflammation.,images/endoscopy_breast_inflammation_226.jpg
PET scan image of the lower pancreas showing signs of lesion.,images/pet_scan_pancreas_lesion_227.jpg
CT scan image of the lower lung showing signs of fluid accumulation.,images/ct_scan_lung_fluid accumulation_228.jpg
CT scan image of the right heart showing signs of atrophy.,images/ct_scan_heart_atrophy_229.jpg
Endoscopy image of the left eye showing signs of lesion.,images/endoscopy_eye_lesion_230.jpg
MRI image of the posterior pancreas showing signs of inflammation.,images/mri_pancreas_inflammation_231.jpg
CT scan image of the posterior liver showing signs of lesion.,images/ct_scan_liver_lesion_232.jpg
Ultrasound image of the anterior eye showing signs of fluid accumulation.,images/ultrasound_eye_fluid accumulation_233.jpg
MRI image of the lower lung showing signs of atrophy.,images/mri_lung_atrophy_234.jpg
Endoscopy image of the bilateral eye showing signs of tumor.,images/endoscopy_eye_tumor_235.jpg
X-ray image of the anterior knee showing signs of calcification.,images/x-ray_knee_calcification_236.jpg
X-ray image of the no specific eye showing signs of fluid accumulation.,images/x-ray_eye_fluid accumulation_237.jpg
Angiogram image of the central liver showing signs of cyst.,images/angiogram_liver_cyst_238.jpg
MRI image of the left pancreas showing signs of lesion.,images/mri_pancreas_lesion_239.jpg
Mammogram image of the left breast showing signs of lesion.,images/mammogram_breast_lesion_240.jpg
Angiogram image of the posterior breast showing signs of lesion.,images/angiogram_breast_lesion_241.jpg
Mammogram image of the no specific lung showing signs of atrophy.,images/mammogram_lung_atrophy_242.jpg
CT scan image of the lower spine showing signs of fracture.,images/ct_scan_spine_fracture_243.jpg
Angiogram image of the upper brain showing signs of abnormal growth.,images/angiogram_brain_abnormal growth_244.jpg
Mammogram image of the central thyroid showing signs of calcification.,images/mammogram_thyroid_calcification_245.jpg
MRI image of the posterior eye showing signs of inflammation.,images/mri_eye_inflammation_246.jpg
Endoscopy image of the upper spine showing signs of atrophy.,images/endoscopy_spine_atrophy_247.jpg
PET scan image of the central pancreas showing signs of degeneration.,images/pet_scan_pancreas_degeneration_248.jpg
CT scan image of the no specific liver showing signs of blockage.,images/ct_scan_liver_blockage_249.jpg
PET scan image of the posterior brain showing signs of tumor.,images/pet_scan_brain_tumor_250.jpg
Endoscopy image of the anterior knee showing signs of degeneration.,images/endoscopy_knee_degeneration_251.jpg
Ultrasound image of the no specific abdomen showing signs of degeneration.,images/ultrasound_abdomen_degeneration_252.jpg
Endoscopy image of the left breast showing signs of inflammation.,images/endoscopy_breast_inflammation_253.jpg
CT scan image of the left liver showing signs of scar tissue.,images/ct_scan_liver_scar tissue_254.jpg
Mammogram image of the lower eye showing signs of blockage.,images/mammogram_eye_blockage_255.jpg
PET scan image of the upper heart showing signs of calcification.,images/pet_scan_heart_calcification_256.jpg
CT scan image of the anterior heart showing signs of tumor.,images/ct_scan_heart_tumor_257.jpg
Endoscopy image of the no specific lung showing signs of fluid accumulation.,images/endoscopy_lung_fluid accumulation_258.jpg
PET scan image of the bilateral knee showing signs of swelling.,images/pet_scan_knee_swelling_259.jpg
X-ray image of the posterior knee showing signs of hernia.,images/x-ray_knee_hernia_260.jpg
MRI image of the anterior abdomen showing signs of fluid accumulation.,images/mri_abdomen_fluid accumulation_261.jpg
Ultrasound image of the central thyroid showing signs of swelling.,images/ultrasound_thyroid_swelling_262.jpg
Mammogram image of the right eye showing signs of scar tissue.,images/mammogram_eye_scar tissue_263.jpg
MRI image of the upper heart showing signs of blockage.,images/mri_heart_blockage_264.jpg
Mammogram image of the left lung showing signs of swelling.,images/mammogram_lung_swelling_265.jpg
Angiogram image of the posterior bladder showing signs of mass.,images/angiogram_bladder_mass_266.jpg
X-ray image of the upper knee showing signs of tumor.,images/x-ray_knee_tumor_267.jpg
Mammogram image of the bilateral heart showing signs of blockage.,images/mammogram_heart_blockage_268.jpg
Angiogram image of the bilateral brain showing signs of tumor.,images/angiogram_brain_tumor_269.jpg
CT scan image of the left breast showing signs of calcification.,images/ct_scan_breast_calcification_270.jpg
MRI image of the upper brain showing signs of calcification.,images/mri_brain_calcification_271.jpg
Mammogram image of the no specific eye showing signs of atrophy.,images/mammogram_eye_atrophy_272.jpg
Endoscopy image of the no specific pancreas showing signs of lesion.,images/endoscopy_pancreas_lesion_273.jpg
MRI image of the posterior liver showing signs of tumor.,images/mri_liver_tumor_274.jpg
Endoscopy image of the left thyroid showing signs of blockage.,images/endoscopy_thyroid_blockage_275.jpg
Endoscopy image of the central liver showing signs of swelling.,images/endoscopy_liver_swelling_276.jpg
MRI image of the lower thyroid showing signs of tumor.,images/mri_thyroid_tumor_277.jpg
Ultrasound image of the left pancreas showing signs of tumor.,images/ultrasound_pancreas_tumor_278.jpg
Endoscopy image of the bilateral liver showing signs of abnormal growth.,images/endoscopy_liver_abnormal growth_279.jpg
PET scan image of the anterior liver showing signs of mass.,images/pet_scan_liver_mass_280.jpg
Ultrasound image of the central thyroid showing signs of tumor.,images/ultrasound_thyroid_tumor_281.jpg
PET scan image of the lower heart showing signs of inflammation.,images/pet_scan_heart_inflammation_282.jpg
MRI image of the left pancreas showing signs of fracture.,images/mri_pancreas_fracture_283.jpg
Endoscopy image of the lower eye showing signs of tumor.,images/endoscopy_eye_tumor_284.jpg
MRI image of the upper pancreas showing signs of hernia.,images/mri_pancreas_hernia_285.jpg
Angiogram image of the right thyroid showing signs of blockage.,images/angiogram_thyroid_blockage_286.jpg
Angiogram image of the right liver showing signs of swelling.,images/angiogram_liver_swelling_287.jpg
Endoscopy image of the no specific thyroid showing signs of lesion.,images/endoscopy_thyroid_lesion_288.jpg
MRI image of the posterior brain showing signs of abnormal growth.,images/mri_brain_abnormal growth_289.jpg
MRI image of the bilateral breast showing signs of mass.,images/mri_breast_mass_290.jpg
MRI image of the anterior eye showing signs of lesion.,images/mri_eye_lesion_291.jpg
PET scan image of the lower bladder showing signs of mass.,images/pet_scan_bladder_mass_292.jpg
MRI image of the right liver showing signs of scar tissue.,images/mri_liver_scar tissue_293.jpg
PET scan image of the left breast showing signs of atrophy.,images/pet_scan_breast_atrophy_294.jpg
Endoscopy image of the lower pancreas showing signs of inflammation.,images/endoscopy_pancreas_inflammation_295.jpg
Endoscopy image of the left liver showing signs of tumor.,images/endoscopy_liver_tumor_296.jpg
Angiogram image of the central eye showing signs of swelling.,images/angiogram_eye_swelling_297.jpg
PET scan image of the upper spine showing signs of scar tissue.,images/pet_scan_spine_scar tissue_298.jpg
Angiogram image of the upper thyroid showing signs of scar tissue.,images/angiogram_thyroid_scar tissue_299.jpg
PET scan image of the central pancreas showing signs of scar tissue.,images/pet_scan_pancreas_scar tissue_300.jpg
CT scan image of the posterior bladder showing signs of blockage.,images/ct_scan_bladder_blockage_301.jpg
PET scan image of the central knee showing signs of inflammation.,images/pet_scan_knee_inflammation_302.jpg
PET scan image of the anterior lung showing signs of mass.,images/pet_scan_lung_mass_303.jpg
Angiogram image of the anterior eye showing signs of abnormal growth.,images/angiogram_eye_abnormal growth_304.jpg
PET scan image of the no specific breast showing signs of fracture.,images/pet_scan_breast_fracture_305.jpg
MRI image of the upper knee showing signs of swelling.,images/mri_knee_swelling_306.jpg
X-ray image of the right lung showing signs of fracture.,images/x-ray_lung_fracture_307.jpg
CT scan image of the upper brain showing signs of hernia.,images/ct_scan_brain_hernia_308.jpg
CT scan image of the no specific knee showing signs of infection.,images/ct_scan_knee_infection_309.jpg
Ultrasound image of the upper abdomen showing signs of inflammation.,images/ultrasound_abdomen_inflammation_310.jpg
Mammogram image of the no specific spine showing signs of abnormal growth.,images/mammogram_spine_abnormal growth_311.jpg
Angiogram image of the upper knee showing signs of lesion.,images/angiogram_knee_lesion_312.jpg
Ultrasound image of the posterior bladder showing signs of fracture.,images/ultrasound_bladder_fracture_313.jpg
PET scan image of the lower brain showing signs of mass.,images/pet_scan_brain_mass_314.jpg
Mammogram image of the upper pancreas showing signs of lesion.,images/mammogram_pancreas_lesion_315.jpg
Ultrasound image of the anterior heart showing signs of fluid accumulation.,images/ultrasound_heart_fluid accumulation_316.jpg
Mammogram image of the upper thyroid showing signs of blockage.,images/mammogram_thyroid_blockage_317.jpg
PET scan image of the lower pancreas showing signs of infection.,images/pet_scan_pancreas_infection_318.jpg
Angiogram image of the posterior knee showing signs of inflammation.,images/angiogram_knee_inflammation_319.jpg
Angiogram image of the no specific brain showing signs of degeneration.,images/angiogram_brain_degeneration_320.jpg
MRI image of the central knee showing signs of fracture.,images/mri_knee_fracture_321.jpg
CT scan image of the lower breast showing signs of blockage.,images/ct_scan_breast_blockage_322.jpg
CT scan image of the left lung showing signs of atrophy.,images/ct_scan_lung_atrophy_323.jpg
MRI image of the bilateral knee showing signs of calcification.,images/mri_knee_calcification_324.jpg
Endoscopy image of the upper brain showing signs of hernia.,images/endoscopy_brain_hernia_325.jpg
CT scan image of the right lung showing signs of fracture.,images/ct_scan_lung_fracture_326.jpg
Mammogram image of the central thyroid showing signs of infection.,images/mammogram_thyroid_infection_327.jpg
Ultrasound image of the right liver showing signs of swelling.,images/ultrasound_liver_swelling_328.jpg
Mammogram image of the left breast showing signs of abnormal growth.,images/mammogram_breast_abnormal growth_329.jpg
PET scan image of the posterior knee showing signs of abnormal growth.,images/pet_scan_knee_abnormal growth_330.jpg
Endoscopy image of the posterior lung showing signs of swelling.,images/endoscopy_lung_swelling_331.jpg
X-ray image of the no specific heart showing signs of calcification.,images/x-ray_heart_calcification_332.jpg
X-ray image of the posterior knee showing signs of hernia.,images/x-ray_knee_hernia_333.jpg
Angiogram image of the no specific spine showing signs of swelling.,images/angiogram_spine_swelling_334.jpg
PET scan image of the left liver showing signs of cyst.,images/pet_scan_liver_cyst_335.jpg
Angiogram image of the right brain showing signs of abnormal growth.,images/angiogram_brain_abnormal growth_336.jpg
Mammogram image of the lower knee showing signs of lesion.,images/mammogram_knee_lesion_337.jpg
Endoscopy image of the lower knee showing signs of degeneration.,images/endoscopy_knee_degeneration_338.jpg
PET scan image of the lower brain showing signs of fracture.,images/pet_scan_brain_fracture_339.jpg
MRI image of the central knee showing signs of blockage.,images/mri_knee_blockage_340.jpg
MRI image of the bilateral brain showing signs of swelling.,images/mri_brain_swelling_341.jpg
CT scan image of the posterior pancreas showing signs of inflammation.,images/ct_scan_pancreas_inflammation_342.jpg
Ultrasound image of the upper bladder showing signs of infection.,images/ultrasound_bladder_infection_343.jpg
Ultrasound image of the posterior bladder showing signs of calcification.,images/ultrasound_bladder_calcification_344.jpg
Ultrasound image of the anterior brain showing signs of tumor.,images/ultrasound_brain_tumor_345.jpg
Angiogram image of the upper abdomen showing signs of degeneration.,images/angiogram_abdomen_degeneration_346.jpg
Endoscopy image of the posterior lung showing signs of calcification.,images/endoscopy_lung_calcification_347.jpg
CT scan image of the no specific lung showing signs of tumor.,images/ct_scan_lung_tumor_348.jpg
PET scan image of the left spine showing signs of calcification.,images/pet_scan_spine_calcification_349.jpg
CT scan image of the bilateral knee showing signs of infection.,images/ct_scan_knee_infection_350.jpg
Mammogram image of the lower heart showing signs of fluid accumulation.,images/mammogram_heart_fluid accumulation_351.jpg
Angiogram image of the anterior knee showing signs of calcification.,images/angiogram_knee_calcification_352.jpg
Ultrasound image of the left heart showing signs of degeneration.,images/ultrasound_heart_degeneration_353.jpg
Mammogram image of the anterior spine showing signs of mass.,images/mammogram_spine_mass_354.jpg
MRI image of the left thyroid showing signs of atrophy.,images/mri_thyroid_atrophy_355.jpg
Endoscopy image of the lower spine showing signs of cyst.,images/endoscopy_spine_cyst_356.jpg
Mammogram image of the no specific liver showing signs of blockage.,images/mammogram_liver_blockage_357.jpg
MRI image of the bilateral liver showing signs of inflammation.,images/mri_liver_inflammation_358.jpg
PET scan image of the right eye showing signs of abnormal growth.,images/pet_scan_eye_abnormal growth_359.jpg
X-ray image of the left brain showing signs of scar tissue.,images/x-ray_brain_scar tissue_360.jpg
MRI image of the lower brain showing signs of atrophy.,images/mri_brain_atrophy_361.jpg
PET scan image of the right liver showing signs of swelling.,images/pet_scan_liver_swelling_362.jpg
Mammogram image of the central abdomen showing signs of blockage.,images/mammogram_abdomen_blockage_363.jpg
Angiogram image of the right abdomen showing signs of atrophy.,images/angiogram_abdomen_atrophy_364.jpg
Mammogram image of the posterior bladder showing signs of scar tissue.,images/mammogram_bladder_scar tissue_365.jpg
X-ray image of the posterior heart showing signs of fracture.,images/x-ray_heart_fracture_366.jpg
Angiogram image of the anterior pancreas showing signs of degeneration.,images/angiogram_pancreas_degeneration_367.jpg
MRI image of the left abdomen showing signs of degeneration.,images/mri_abdomen_degeneration_368.jpg
Ultrasound image of the anterior spine showing signs of lesion.,images/ultrasound_spine_lesion_369.jpg
Mammogram image of the left eye showing signs of cyst.,images/mammogram_eye_cyst_370.jpg
Mammogram image of the right heart showing signs of scar tissue.,images/mammogram_heart_scar tissue_371.jpg
X-ray image of the left liver showing signs of cyst.,images/x-ray_liver_cyst_372.jpg
PET scan image of the posterior thyroid showing signs of hernia.,images/pet_scan_thyroid_hernia_373.jpg
Endoscopy image of the upper breast showing signs of infection.,images/endoscopy_breast_infection_374.jpg
Endoscopy image of the left abdomen showing signs of hernia.,images/endoscopy_abdomen_hernia_375.jpg
Ultrasound image of the bilateral spine showing signs of blockage.,images/ultrasound_spine_blockage_376.jpg
CT scan image of the anterior abdomen showing signs of hernia.,images/ct_scan_abdomen_hernia_377.jpg
Endoscopy image of the anterior brain showing signs of swelling.,images/endoscopy_brain_swelling_378.jpg
PET scan image of the lower breast showing signs of tumor.,images/pet_scan_breast_tumor_379.jpg
Mammogram image of the no specific spine showing signs of mass.,images/mammogram_spine_mass_380.jpg
MRI image of the right bladder showing signs of tumor.,images/mri_bladder_tumor_381.jpg
Ultrasound image of the central breast showing signs of mass.,images/ultrasound_breast_mass_382.jpg
PET scan image of the central lung showing signs of scar tissue.,images/pet_scan_lung_scar tissue_383.jpg
PET scan image of the posterior breast showing signs of infection.,images/pet_scan_breast_infection_384.jpg
Endoscopy image of the lower heart showing signs of cyst.,images/endoscopy_heart_cyst_385.jpg
Endoscopy image of the no specific eye showing signs of swelling.,images/endoscopy_eye_swelling_386.jpg
Mammogram image of the lower brain showing signs of tumor.,images/mammogram_brain_tumor_387.jpg
Angiogram image of the left brain showing signs of degeneration.,images/angiogram_brain_degeneration_388.jpg
CT scan image of the upper abdomen showing signs of degeneration.,images/ct_scan_abdomen_degeneration_389.jpg
Mammogram image of the left knee showing signs of calcification.,images/mammogram_knee_calcification_390.jpg
MRI image of the anterior liver showing signs of lesion.,images/mri_liver_lesion_391.jpg
Ultrasound image of the anterior liver showing signs of mass.,images/ultrasound_liver_mass_392.jpg
CT scan image of the anterior thyroid showing signs of mass.,images/ct_scan_thyroid_mass_393.jpg
Mammogram image of the lower pancreas showing signs of infection.,images/mammogram_pancreas_infection_394.jpg
CT scan image of the upper liver showing signs of fluid accumulation.,images/ct_scan_liver_fluid accumulation_395.jpg
Ultrasound image of the central brain showing signs of swelling.,images/ultrasound_brain_swelling_396.jpg
PET scan image of the posterior thyroid showing signs of abnormal growth.,images/pet_scan_thyroid_abnormal growth_397.jpg
Mammogram image of the bilateral liver showing signs of fracture.,images/mammogram_liver_fracture_398.jpg
Angiogram image of the anterior heart showing signs of scar tissue.,images/angiogram_heart_scar tissue_399.jpg
PET scan image of the upper thyroid showing signs of atrophy.,images/pet_scan_thyroid_atrophy_400.jpg
Endoscopy image of the bilateral brain showing signs of calcification.,images/endoscopy_brain_calcification_401.jpg
Angiogram image of the lower bladder showing signs of cyst.,images/angiogram_bladder_cyst_402.jpg
PET scan image of the anterior heart showing signs of abnormal growth.,images/pet_scan_heart_abnormal growth_403.jpg
Endoscopy image of the anterior liver showing signs of infection.,images/endoscopy_liver_infection_404.jpg
PET scan image of the bilateral pancreas showing signs of cyst.,images/pet_scan_pancreas_cyst_405.jpg
Mammogram image of the central abdomen showing signs of lesion.,images/mammogram_abdomen_lesion_406.jpg
X-ray image of the upper abdomen showing signs of cyst.,images/x-ray_abdomen_cyst_407.jpg
Endoscopy image of the central spine showing signs of mass.,images/endoscopy_spine_mass_408.jpg
Ultrasound image of the no specific thyroid showing signs of infection.,images/ultrasound_thyroid_infection_409.jpg
Endoscopy image of the bilateral liver showing signs of inflammation.,images/endoscopy_liver_inflammation_410.jpg
PET scan image of the bilateral bladder showing signs of cyst.,images/pet_scan_bladder_cyst_411.jpg
Ultrasound image of the anterior breast showing signs of blockage.,images/ultrasound_breast_blockage_412.jpg
Angiogram image of the right bladder showing signs of calcification.,images/angiogram_bladder_calcification_413.jpg
PET scan image of the anterior bladder showing signs of degeneration.,images/pet_scan_bladder_degeneration_414.jpg
MRI image of the right thyroid showing signs of fracture.,images/mri_thyroid_fracture_415.jpg
Endoscopy image of the lower liver showing signs of mass.,images/endoscopy_liver_mass_416.jpg
Endoscopy image of the right liver showing signs of cyst.,images/endoscopy_liver_cyst_417.jpg
PET scan image of the upper spine showing signs of cyst.,images/pet_scan_spine_cyst_418.jpg
X-ray image of the left brain showing signs of scar tissue.,images/x-ray_brain_scar tissue_419.jpg
Angiogram image of the anterior abdomen showing signs of hernia.,images/angiogram_abdomen_hernia_420.jpg
Angiogram image of the central liver showing signs of inflammation.,images/angiogram_liver_inflammation_421.jpg
Angiogram image of the left eye showing signs of swelling.,images/angiogram_eye_swelling_422.jpg
Angiogram image of the left knee showing signs of mass.,images/angiogram_knee_mass_423.jpg
Endoscopy image of the upper abdomen showing signs of swelling.,images/endoscopy_abdomen_swelling_424.jpg
PET scan image of the anterior bladder showing signs of fluid accumulation.,images/pet_scan_bladder_fluid accumulation_425.jpg
MRI image of the bilateral lung showing signs of mass.,images/mri_lung_mass_426.jpg
Mammogram image of the no specific brain showing signs of infection.,images/mammogram_brain_infection_427.jpg
Endoscopy image of the anterior pancreas showing signs of inflammation.,images/endoscopy_pancreas_inflammation_428.jpg
CT scan image of the central thyroid showing signs of degeneration.,images/ct_scan_thyroid_degeneration_429.jpg
Ultrasound image of the central lung showing signs of hernia.,images/ultrasound_lung_hernia_430.jpg
X-ray image of the bilateral spine showing signs of fracture.,images/x-ray_spine_fracture_431.jpg
PET scan image of the right breast showing signs of hernia.,images/pet_scan_breast_hernia_432.jpg
MRI image of the posterior heart showing signs of fluid accumulation.,images/mri_heart_fluid accumulation_433.jpg
MRI image of the central thyroid showing signs of swelling.,images/mri_thyroid_swelling_434.jpg
Endoscopy image of the central knee showing signs of atrophy.,images/endoscopy_knee_atrophy_435.jpg
MRI image of the upper brain showing signs of lesion.,images/mri_brain_lesion_436.jpg
CT scan image of the anterior bladder showing signs of calcification.,images/ct_scan_bladder_calcification_437.jpg
CT scan image of the no specific eye showing signs of lesion.,images/ct_scan_eye_lesion_438.jpg
X-ray image of the no specific abdomen showing signs of tumor.,images/x-ray_abdomen_tumor_439.jpg
Endoscopy image of the right eye showing signs of infection.,images/endoscopy_eye_infection_440.jpg
X-ray image of the posterior spine showing signs of scar tissue.,images/x-ray_spine_scar tissue_441.jpg
Ultrasound image of the no specific spine showing signs of fluid accumulation.,images/ultrasound_spine_fluid accumulation_442.jpg
CT scan image of the posterior lung showing signs of abnormal growth.,images/ct_scan_lung_abnormal growth_443.jpg
Angiogram image of the lower breast showing signs of inflammation.,images/angiogram_breast_inflammation_444.jpg
Angiogram image of the upper lung showing signs of cyst.,images/angiogram_lung_cyst_445.jpg
PET scan image of the bilateral knee showing signs of lesion.,images/pet_scan_knee_lesion_446.jpg
X-ray image of the no specific breast showing signs of blockage.,images/x-ray_breast_blockage_447.jpg
Angiogram image of the lower breast showing signs of abnormal growth.,images/angiogram_breast_abnormal growth_448.jpg
CT scan image of the bilateral abdomen showing signs of cyst.,images/ct_scan_abdomen_cyst_449.jpg
CT scan image of the bilateral breast showing signs of degeneration.,images/ct_scan_breast_degeneration_450.jpg
CT scan image of the upper thyroid showing signs of blockage.,images/ct_scan_thyroid_blockage_451.jpg
Angiogram image of the no specific bladder showing signs of lesion.,images/angiogram_bladder_lesion_452.jpg
CT scan image of the lower bladder showing signs of tumor.,images/ct_scan_bladder_tumor_453.jpg
PET scan image of the lower thyroid showing signs of hernia.,images/pet_scan_thyroid_hernia_454.jpg
Mammogram image of the lower abdomen showing signs of calcification.,images/mammogram_abdomen_calcification_455.jpg
X-ray image of the central knee showing signs of fracture.,images/x-ray_knee_fracture_456.jpg
X-ray image of the bilateral liver showing signs of infection.,images/x-ray_liver_infection_457.jpg
Ultrasound image of the left abdomen showing signs of fluid accumulation.,images/ultrasound_abdomen_fluid accumulation_458.jpg
Endoscopy image of the left knee showing signs of infection.,images/endoscopy_knee_infection_459.jpg
PET scan image of the anterior abdomen showing signs of hernia.,images/pet_scan_abdomen_hernia_460.jpg
Ultrasound image of the central thyroid showing signs of mass.,images/ultrasound_thyroid_mass_461.jpg
Angiogram image of the anterior eye showing signs of mass.,images/angiogram_eye_mass_462.jpg
PET scan image of the anterior abdomen showing signs of swelling.,images/pet_scan_abdomen_swelling_463.jpg
X-ray image of the anterior knee showing signs of fluid accumulation.,images/x-ray_knee_fluid accumulation_464.jpg
Ultrasound image of the central heart showing signs of scar tissue.,images/ultrasound_heart_scar tissue_465.jpg
Endoscopy image of the no specific abdomen showing signs of lesion.,images/endoscopy_abdomen_lesion_466.jpg
MRI image of the left thyroid showing signs of abnormal growth.,images/mri_thyroid_abnormal growth_467.jpg
CT scan image of the anterior bladder showing signs of tumor.,images/ct_scan_bladder_tumor_468.jpg
CT scan image of the no specific bladder showing signs of inflammation.,images/ct_scan_bladder_inflammation_469.jpg
MRI image of the right pancreas showing signs of abnormal growth.,images/mri_pancreas_abnormal growth_470.jpg
Endoscopy image of the posterior brain showing signs of calcification.,images/endoscopy_brain_calcification_471.jpg
X-ray image of the lower spine showing signs of fluid accumulation.,images/x-ray_spine_fluid accumulation_472.jpg
Ultrasound image of the posterior bladder showing signs of abnormal growth.,images/ultrasound_bladder_abnormal growth_473.jpg
Ultrasound image of the right spine showing signs of fluid accumulation.,images/ultrasound_spine_fluid accumulation_474.jpg
MRI image of the upper thyroid showing signs of calcification.,images/mri_thyroid_calcification_475.jpg
Ultrasound image of the upper breast showing signs of fracture.,images/ultrasound_breast_fracture_476.jpg
Angiogram image of the bilateral heart showing signs of abnormal growth.,images/angiogram_heart_abnormal growth_477.jpg
MRI image of the no specific knee showing signs of lesion.,images/mri_knee_lesion_478.jpg
MRI image of the left brain showing signs of cyst.,images/mri_brain_cyst_479.jpg
CT scan image of the no specific breast showing signs of lesion.,images/ct_scan_breast_lesion_480.jpg
Mammogram image of the lower pancreas showing signs of cyst.,images/mammogram_pancreas_cyst_481.jpg
CT scan image of the right spine showing signs of mass.,images/ct_scan_spine_mass_482.jpg
CT scan image of the bilateral pancreas showing signs of swelling.,images/ct_scan_pancreas_swelling_483.jpg
X-ray image of the left breast showing signs of scar tissue.,images/x-ray_breast_scar tissue_484.jpg
X-ray image of the left bladder showing signs of infection.,images/x-ray_bladder_infection_485.jpg
MRI image of the bilateral heart showing signs of abnormal growth.,images/mri_heart_abnormal growth_486.jpg
PET scan image of the posterior lung showing signs of lesion.,images/pet_scan_lung_lesion_487.jpg
Angiogram image of the posterior breast showing signs of calcification.,images/angiogram_breast_calcification_488.jpg
PET scan image of the central spine showing signs of scar tissue.,images/pet_scan_spine_scar tissue_489.jpg
X-ray image of the lower lung showing signs of infection.,images/x-ray_lung_infection_490.jpg
Endoscopy image of the central eye showing signs of scar tissue.,images/endoscopy_eye_scar tissue_491.jpg
X-ray image of the anterior liver showing signs of atrophy.,images/x-ray_liver_atrophy_492.jpg
X-ray image of the posterior thyroid showing signs of fracture.,images/x-ray_thyroid_fracture_493.jpg
CT scan image of the bilateral heart showing signs of swelling.,images/ct_scan_heart_swelling_494.jpg
CT scan image of the lower liver showing signs of lesion.,images/ct_scan_liver_lesion_495.jpg
X-ray image of the upper bladder showing signs of infection.,images/x-ray_bladder_infection_496.jpg
Endoscopy image of the upper abdomen showing signs of inflammation.,images/endoscopy_abdomen_inflammation_497.jpg
CT scan image of the central breast showing signs of inflammation.,images/ct_scan_breast_inflammation_498.jpg
MRI image of the left bladder showing signs of tumor.,images/mri_bladder_tumor_499.jpg
CT scan image of the posterior spine showing signs of hernia.,images/ct_scan_spine_hernia_500.jpg
Ultrasound image of the upper brain showing signs of scar tissue.,images/ultrasound_brain_scar tissue_501.jpg
Ultrasound image of the posterior bladder showing signs of atrophy.,images/ultrasound_bladder_atrophy_502.jpg
PET scan image of the central spine showing signs of calcification.,images/pet_scan_spine_calcification_503.jpg
Ultrasound image of the anterior liver showing signs of lesion.,images/ultrasound_liver_lesion_504.jpg
PET scan image of the anterior pancreas showing signs of fracture.,images/pet_scan_pancreas_fracture_505.jpg
Endoscopy image of the central spine showing signs of cyst.,images/endoscopy_spine_cyst_506.jpg
Angiogram image of the posterior liver showing signs of cyst.,images/angiogram_liver_cyst_507.jpg
Ultrasound image of the lower bladder showing signs of inflammation.,images/ultrasound_bladder_inflammation_508.jpg
Mammogram image of the lower eye showing signs of infection.,images/mammogram_eye_infection_509.jpg
Endoscopy image of the anterior lung showing signs of scar tissue.,images/endoscopy_lung_scar tissue_510.jpg
Endoscopy image of the anterior spine showing signs of hernia.,images/endoscopy_spine_hernia_511.jpg
Angiogram image of the left eye showing signs of cyst.,images/angiogram_eye_cyst_512.jpg
X-ray image of the anterior spine showing signs of swelling.,images/x-ray_spine_swelling_513.jpg
Endoscopy image of the no specific eye showing signs of blockage.,images/endoscopy_eye_blockage_514.jpg
MRI image of the upper bladder showing signs of calcification.,images/mri_bladder_calcification_515.jpg
PET scan image of the central eye showing signs of mass.,images/pet_scan_eye_mass_516.jpg
PET scan image of the right lung showing signs of cyst.,images/pet_scan_lung_cyst_517.jpg
PET scan image of the upper thyroid showing signs of hernia.,images/pet_scan_thyroid_hernia_518.jpg
Angiogram image of the left pancreas showing signs of tumor.,images/angiogram_pancreas_tumor_519.jpg
X-ray image of the anterior breast showing signs of inflammation.,images/x-ray_breast_inflammation_520.jpg
PET scan image of the upper pancreas showing signs of infection.,images/pet_scan_pancreas_infection_521.jpg
Mammogram image of the right liver showing signs of blockage.,images/mammogram_liver_blockage_522.jpg
Angiogram image of the left pancreas showing signs of tumor.,images/angiogram_pancreas_tumor_523.jpg
X-ray image of the left breast showing signs of infection.,images/x-ray_breast_infection_524.jpg
Angiogram image of the bilateral eye showing signs of scar tissue.,images/angiogram_eye_scar tissue_525.jpg
Angiogram image of the bilateral liver showing signs of inflammation.,images/angiogram_liver_inflammation_526.jpg
Ultrasound image of the no specific spine showing signs of atrophy.,images/ultrasound_spine_atrophy_527.jpg
Endoscopy image of the central brain showing signs of abnormal growth.,images/endoscopy_brain_abnormal growth_528.jpg
Ultrasound image of the posterior abdomen showing signs of lesion.,images/ultrasound_abdomen_lesion_529.jpg
CT scan image of the right thyroid showing signs of cyst.,images/ct_scan_thyroid_cyst_530.jpg
X-ray image of the left knee showing signs of atrophy.,images/x-ray_knee_atrophy_531.jpg
Endoscopy image of the bilateral spine showing signs of infection.,images/endoscopy_spine_infection_532.jpg
Endoscopy image of the central liver showing signs of abnormal growth.,images/endoscopy_liver_abnormal growth_533.jpg
Angiogram image of the no specific thyroid showing signs of fluid accumulation.,images/angiogram_thyroid_fluid accumulation_534.jpg
MRI image of the bilateral brain showing signs of calcification.,images/mri_brain_calcification_535.jpg
Ultrasound image of the posterior brain showing signs of inflammation.,images/ultrasound_brain_inflammation_536.jpg
Endoscopy image of the no specific pancreas showing signs of fracture.,images/endoscopy_pancreas_fracture_537.jpg
PET scan image of the right knee showing signs of abnormal growth.,images/pet_scan_knee_abnormal growth_538.jpg
Mammogram image of the no specific brain showing signs of degeneration.,images/mammogram_brain_degeneration_539.jpg
CT scan image of the central eye showing signs of tumor.,images/ct_scan_eye_tumor_540.jpg
PET scan image of the no specific spine showing signs of abnormal growth.,images/pet_scan_spine_abnormal growth_541.jpg
Endoscopy image of the no specific spine showing signs of lesion.,images/endoscopy_spine_lesion_542.jpg
Angiogram image of the posterior heart showing signs of abnormal growth.,images/angiogram_heart_abnormal growth_543.jpg
Mammogram image of the lower eye showing signs of lesion.,images/mammogram_eye_lesion_544.jpg
CT scan image of the upper pancreas showing signs of scar tissue.,images/ct_scan_pancreas_scar tissue_545.jpg
Angiogram image of the right spine showing signs of swelling.,images/angiogram_spine_swelling_546.jpg
Endoscopy image of the central lung showing signs of inflammation.,images/endoscopy_lung_inflammation_547.jpg
Mammogram image of the central thyroid showing signs of scar tissue.,images/mammogram_thyroid_scar tissue_548.jpg
Angiogram image of the posterior abdomen showing signs of abnormal growth.,images/angiogram_abdomen_abnormal growth_549.jpg
Ultrasound image of the posterior spine showing signs of infection.,images/ultrasound_spine_infection_550.jpg
Mammogram image of the upper knee showing signs of abnormal growth.,images/mammogram_knee_abnormal growth_551.jpg
PET scan image of the posterior knee showing signs of atrophy.,images/pet_scan_knee_atrophy_552.jpg
Ultrasound image of the posterior spine showing signs of blockage.,images/ultrasound_spine_blockage_553.jpg
X-ray image of the central abdomen showing signs of calcification.,images/x-ray_abdomen_calcification_554.jpg
PET scan image of the anterior lung showing signs of hernia.,images/pet_scan_lung_hernia_555.jpg
Ultrasound image of the bilateral heart showing signs of calcification.,images/ultrasound_heart_calcification_556.jpg
Mammogram image of the posterior pancreas showing signs of mass.,images/mammogram_pancreas_mass_557.jpg
MRI image of the upper thyroid showing signs of abnormal growth.,images/mri_thyroid_abnormal growth_558.jpg
PET scan image of the bilateral spine showing signs of mass.,images/pet_scan_spine_mass_559.jpg
Angiogram image of the right breast showing signs of tumor.,images/angiogram_breast_tumor_560.jpg
X-ray image of the posterior brain showing signs of abnormal growth.,images/x-ray_brain_abnormal growth_561.jpg
Angiogram image of the posterior pancreas showing signs of inflammation.,images/angiogram_pancreas_inflammation_562.jpg
MRI image of the bilateral abdomen showing signs of cyst.,images/mri_abdomen_cyst_563.jpg
PET scan image of the central abdomen showing signs of degeneration.,images/pet_scan_abdomen_degeneration_564.jpg
MRI image of the right eye showing signs of atrophy.,images/mri_eye_atrophy_565.jpg
Ultrasound image of the left breast showing signs of lesion.,images/ultrasound_breast_lesion_566.jpg
MRI image of the left liver showing signs of infection.,images/mri_liver_infection_567.jpg
Ultrasound image of the posterior breast showing signs of lesion.,images/ultrasound_breast_lesion_568.jpg
Mammogram image of the left lung showing signs of cyst.,images/mammogram_lung_cyst_569.jpg
CT scan image of the anterior eye showing signs of infection.,images/ct_scan_eye_infection_570.jpg
Ultrasound image of the lower lung showing signs of swelling.,images/ultrasound_lung_swelling_571.jpg
Mammogram image of the posterior thyroid showing signs of calcification.,images/mammogram_thyroid_calcification_572.jpg
Angiogram image of the central lung showing signs of abnormal growth.,images/angiogram_lung_abnormal growth_573.jpg
PET scan image of the anterior lung showing signs of fracture.,images/pet_scan_lung_fracture_574.jpg
Ultrasound image of the left abdomen showing signs of mass.,images/ultrasound_abdomen_mass_575.jpg
X-ray image of the anterior eye showing signs of abnormal growth.,images/x-ray_eye_abnormal growth_576.jpg
CT scan image of the right pancreas showing signs of degeneration.,images/ct_scan_pancreas_degeneration_577.jpg
X-ray image of the posterior lung showing signs of tumor.,images/x-ray_lung_tumor_578.jpg
X-ray image of the no specific thyroid showing signs of swelling.,images/x-ray_thyroid_swelling_579.jpg
CT scan image of the posterior liver showing signs of scar tissue.,images/ct_scan_liver_scar tissue_580.jpg
CT scan image of the upper heart showing signs of inflammation.,images/ct_scan_heart_inflammation_581.jpg
MRI image of the left liver showing signs of abnormal growth.,images/mri_liver_abnormal growth_582.jpg
CT scan image of the posterior spine showing signs of abnormal growth.,images/ct_scan_spine_abnormal growth_583.jpg
MRI image of the upper bladder showing signs of tumor.,images/mri_bladder_tumor_584.jpg
MRI image of the anterior bladder showing signs of mass.,images/mri_bladder_mass_585.jpg
Angiogram image of the no specific breast showing signs of blockage.,images/angiogram_breast_blockage_586.jpg
X-ray image of the posterior thyroid showing signs of abnormal growth.,images/x-ray_thyroid_abnormal growth_587.jpg
Mammogram image of the posterior heart showing signs of scar tissue.,images/mammogram_heart_scar tissue_588.jpg
Ultrasound image of the anterior breast showing signs of degeneration.,images/ultrasound_breast_degeneration_589.jpg
Ultrasound image of the right brain showing signs of fracture.,images/ultrasound_brain_fracture_590.jpg
Endoscopy image of the lower lung showing signs of lesion.,images/endoscopy_lung_lesion_591.jpg
MRI image of the bilateral breast showing signs of cyst.,images/mri_breast_cyst_592.jpg
CT scan image of the upper bladder showing signs of inflammation.,images/ct_scan_bladder_inflammation_593.jpg
PET scan image of the no specific thyroid showing signs of abnormal growth.,images/pet_scan_thyroid_abnormal growth_594.jpg
CT scan image of the bilateral pancreas showing signs of swelling.,images/ct_scan_pancreas_swelling_595.jpg
MRI image of the lower liver showing signs of blockage.,images/mri_liver_blockage_596.jpg
Ultrasound image of the left breast showing signs of scar tissue.,images/ultrasound_breast_scar tissue_597.jpg
PET scan image of the right thyroid showing signs of infection.,images/pet_scan_thyroid_infection_598.jpg
CT scan image of the no specific brain showing signs of blockage.,images/ct_scan_brain_blockage_599.jpg
Angiogram image of the left abdomen showing signs of calcification.,images/angiogram_abdomen_calcification_600.jpg
MRI image of the left pancreas showing signs of blockage.,images/mri_pancreas_blockage_601.jpg
X-ray image of the lower eye showing signs of mass.,images/x-ray_eye_mass_602.jpg
Endoscopy image of the central eye showing signs of cyst.,images/endoscopy_eye_cyst_603.jpg
Ultrasound image of the anterior pancreas showing signs of inflammation.,images/ultrasound_pancreas_inflammation_604.jpg
Endoscopy image of the central eye showing signs of cyst.,images/endoscopy_eye_cyst_605.jpg
MRI image of the posterior brain showing signs of mass.,images/mri_brain_mass_606.jpg
X-ray image of the no specific eye showing signs of hernia.,images/x-ray_eye_hernia_607.jpg
Mammogram image of the anterior heart showing signs of swelling.,images/mammogram_heart_swelling_608.jpg
Ultrasound image of the right knee showing signs of abnormal growth.,images/ultrasound_knee_abnormal growth_609.jpg
Mammogram image of the upper pancreas showing signs of scar tissue.,images/mammogram_pancreas_scar tissue_610.jpg
PET scan image of the no specific pancreas showing signs of swelling.,images/pet_scan_pancreas_swelling_611.jpg
MRI image of the anterior spine showing signs of calcification.,images/mri_spine_calcification_612.jpg
X-ray image of the anterior liver showing signs of scar tissue.,images/x-ray_liver_scar tissue_613.jpg
Mammogram image of the no specific bladder showing signs of blockage.,images/mammogram_bladder_blockage_614.jpg
Angiogram image of the left eye showing signs of cyst.,images/angiogram_eye_cyst_615.jpg
MRI image of the lower liver showing signs of lesion.,images/mri_liver_lesion_616.jpg
Mammogram image of the no specific brain showing signs of blockage.,images/mammogram_brain_blockage_617.jpg
Mammogram image of the left heart showing signs of swelling.,images/mammogram_heart_swelling_618.jpg
Endoscopy image of the central pancreas showing signs of blockage.,images/endoscopy_pancreas_blockage_619.jpg
PET scan image of the central thyroid showing signs of mass.,images/pet_scan_thyroid_mass_620.jpg
CT scan image of the left abdomen showing signs of fracture.,images/ct_scan_abdomen_fracture_621.jpg
Mammogram image of the no specific breast showing signs of fluid accumulation.,images/mammogram_breast_fluid accumulation_622.jpg
PET scan image of the no specific heart showing signs of fracture.,images/pet_scan_heart_fracture_623.jpg
Endoscopy image of the left liver showing signs of lesion.,images/endoscopy_liver_lesion_624.jpg
MRI image of the no specific brain showing signs of inflammation.,images/mri_brain_inflammation_625.jpg
X-ray image of the anterior eye showing signs of hernia.,images/x-ray_eye_hernia_626.jpg
Mammogram image of the right liver showing signs of lesion.,images/mammogram_liver_lesion_627.jpg
Endoscopy image of the upper eye showing signs of calcification.,images/endoscopy_eye_calcification_628.jpg
PET scan image of the lower lung showing signs of lesion.,images/pet_scan_lung_lesion_629.jpg
Mammogram image of the upper pancreas showing signs of swelling.,images/mammogram_pancreas_swelling_630.jpg
X-ray image of the no specific spine showing signs of atrophy.,images/x-ray_spine_atrophy_631.jpg
Mammogram image of the lower eye showing signs of blockage.,images/mammogram_eye_blockage_632.jpg
PET scan image of the central pancreas showing signs of abnormal growth.,images/pet_scan_pancreas_abnormal growth_633.jpg
PET scan image of the no specific heart showing signs of tumor.,images/pet_scan_heart_tumor_634.jpg
Endoscopy image of the central eye showing signs of abnormal growth.,images/endoscopy_eye_abnormal growth_635.jpg
X-ray image of the lower eye showing signs of infection.,images/x-ray_eye_infection_636.jpg
X-ray image of the right lung showing signs of atrophy.,images/x-ray_lung_atrophy_637.jpg
Mammogram image of the right brain showing signs of degeneration.,images/mammogram_brain_degeneration_638.jpg
Ultrasound image of the lower abdomen showing signs of hernia.,images/ultrasound_abdomen_hernia_639.jpg
X-ray image of the right pancreas showing signs of scar tissue.,images/x-ray_pancreas_scar tissue_640.jpg
MRI image of the upper breast showing signs of scar tissue.,images/mri_breast_scar tissue_641.jpg
Ultrasound image of the lower bladder showing signs of swelling.,images/ultrasound_bladder_swelling_642.jpg
MRI image of the lower eye showing signs of tumor.,images/mri_eye_tumor_643.jpg
MRI image of the central spine showing signs of abnormal growth.,images/mri_spine_abnormal growth_644.jpg
MRI image of the posterior pancreas showing signs of calcification.,images/mri_pancreas_calcification_645.jpg
X-ray image of the upper pancreas showing signs of infection.,images/x-ray_pancreas_infection_646.jpg
MRI image of the anterior spine showing signs of fluid accumulation.,images/mri_spine_fluid accumulation_647.jpg
PET scan image of the posterior knee showing signs of calcification.,images/pet_scan_knee_calcification_648.jpg
Endoscopy image of the central lung showing signs of lesion.,images/endoscopy_lung_lesion_649.jpg
MRI image of the posterior brain showing signs of inflammation.,images/mri_brain_inflammation_650.jpg
PET scan image of the no specific lung showing signs of swelling.,images/pet_scan_lung_swelling_651.jpg
MRI image of the bilateral knee showing signs of cyst.,images/mri_knee_cyst_652.jpg
CT scan image of the upper lung showing signs of abnormal growth.,images/ct_scan_lung_abnormal growth_653.jpg
PET scan image of the left liver showing signs of mass.,images/pet_scan_liver_mass_654.jpg
CT scan image of the central abdomen showing signs of swelling.,images/ct_scan_abdomen_swelling_655.jpg
CT scan image of the bilateral abdomen showing signs of abnormal growth.,images/ct_scan_abdomen_abnormal growth_656.jpg
Endoscopy image of the right spine showing signs of swelling.,images/endoscopy_spine_swelling_657.jpg
Mammogram image of the right liver showing signs of fracture.,images/mammogram_liver_fracture_658.jpg
Endoscopy image of the anterior knee showing signs of swelling.,images/endoscopy_knee_swelling_659.jpg
MRI image of the anterior heart showing signs of calcification.,images/mri_heart_calcification_660.jpg
PET scan image of the lower bladder showing signs of scar tissue.,images/pet_scan_bladder_scar tissue_661.jpg
X-ray image of the posterior lung showing signs of tumor.,images/x-ray_lung_tumor_662.jpg
Angiogram image of the right heart showing signs of tumor.,images/angiogram_heart_tumor_663.jpg
Mammogram image of the bilateral lung showing signs of inflammation.,images/mammogram_lung_inflammation_664.jpg
X-ray image of the posterior spine showing signs of swelling.,images/x-ray_spine_swelling_665.jpg
Ultrasound image of the left abdomen showing signs of degeneration.,images/ultrasound_abdomen_degeneration_666.jpg
PET scan image of the bilateral brain showing signs of fracture.,images/pet_scan_brain_fracture_667.jpg
X-ray image of the central pancreas showing signs of degeneration.,images/x-ray_pancreas_degeneration_668.jpg
X-ray image of the upper brain showing signs of calcification.,images/x-ray_brain_calcification_669.jpg
Mammogram image of the bilateral thyroid showing signs of tumor.,images/mammogram_thyroid_tumor_670.jpg
Angiogram image of the left brain showing signs of mass.,images/angiogram_brain_mass_671.jpg
Ultrasound image of the posterior breast showing signs of infection.,images/ultrasound_breast_infection_672.jpg
Ultrasound image of the anterior heart showing signs of fluid accumulation.,images/ultrasound_heart_fluid accumulation_673.jpg
Endoscopy image of the no specific lung showing signs of abnormal growth.,images/endoscopy_lung_abnormal growth_674.jpg
MRI image of the bilateral thyroid showing signs of scar tissue.,images/mri_thyroid_scar tissue_675.jpg
MRI image of the anterior abdomen showing signs of atrophy.,images/mri_abdomen_atrophy_676.jpg
Mammogram image of the lower knee showing signs of infection.,images/mammogram_knee_infection_677.jpg
PET scan image of the central breast showing signs of tumor.,images/pet_scan_breast_tumor_678.jpg
MRI image of the lower breast showing signs of fracture.,images/mri_breast_fracture_679.jpg
MRI image of the left knee showing signs of blockage.,images/mri_knee_blockage_680.jpg
Angiogram image of the no specific brain showing signs of cyst.,images/angiogram_brain_cyst_681.jpg
PET scan image of the right brain showing signs of cyst.,images/pet_scan_brain_cyst_682.jpg
Mammogram image of the bilateral bladder showing signs of atrophy.,images/mammogram_bladder_atrophy_683.jpg
X-ray image of the left knee showing signs of hernia.,images/x-ray_knee_hernia_684.jpg
X-ray image of the upper heart showing signs of atrophy.,images/x-ray_heart_atrophy_685.jpg
CT scan image of the no specific liver showing signs of infection.,images/ct_scan_liver_infection_686.jpg
CT scan image of the lower pancreas showing signs of fluid accumulation.,images/ct_scan_pancreas_fluid accumulation_687.jpg
Endoscopy image of the right spine showing signs of mass.,images/endoscopy_spine_mass_688.jpg
Angiogram image of the bilateral liver showing signs of blockage.,images/angiogram_liver_blockage_689.jpg
Ultrasound image of the no specific heart showing signs of blockage.,images/ultrasound_heart_blockage_690.jpg
PET scan image of the upper spine showing signs of cyst.,images/pet_scan_spine_cyst_691.jpg
CT scan image of the upper bladder showing signs of fluid accumulation.,images/ct_scan_bladder_fluid accumulation_692.jpg
X-ray image of the no specific bladder showing signs of degeneration.,images/x-ray_bladder_degeneration_693.jpg
X-ray image of the left spine showing signs of atrophy.,images/x-ray_spine_atrophy_694.jpg
PET scan image of the lower brain showing signs of fluid accumulation.,images/pet_scan_brain_fluid accumulation_695.jpg
Ultrasound image of the anterior bladder showing signs of blockage.,images/ultrasound_bladder_blockage_696.jpg
Angiogram image of the anterior liver showing signs of scar tissue.,images/angiogram_liver_scar tissue_697.jpg
X-ray image of the lower pancreas showing signs of calcification.,images/x-ray_pancreas_calcification_698.jpg
Mammogram image of the no specific brain showing signs of fracture.,images/mammogram_brain_fracture_699.jpg
MRI image of the upper bladder showing signs of swelling.,images/mri_bladder_swelling_700.jpg
Ultrasound image of the bilateral pancreas showing signs of scar tissue.,images/ultrasound_pancreas_scar tissue_701.jpg
Endoscopy image of the left bladder showing signs of calcification.,images/endoscopy_bladder_calcification_702.jpg
Endoscopy image of the no specific brain showing signs of fracture.,images/endoscopy_brain_fracture_703.jpg
MRI image of the upper pancreas showing signs of fluid accumulation.,images/mri_pancreas_fluid accumulation_704.jpg
PET scan image of the right knee showing signs of inflammation.,images/pet_scan_knee_inflammation_705.jpg
Endoscopy image of the anterior eye showing signs of inflammation.,images/endoscopy_eye_inflammation_706.jpg
CT scan image of the left thyroid showing signs of atrophy.,images/ct_scan_thyroid_atrophy_707.jpg
PET scan image of the lower knee showing signs of inflammation.,images/pet_scan_knee_inflammation_708.jpg
PET scan image of the lower thyroid showing signs of atrophy.,images/pet_scan_thyroid_atrophy_709.jpg
X-ray image of the lower brain showing signs of swelling.,images/x-ray_brain_swelling_710.jpg
X-ray image of the upper eye showing signs of cyst.,images/x-ray_eye_cyst_711.jpg
MRI image of the right liver showing signs of swelling.,images/mri_liver_swelling_712.jpg
MRI image of the no specific breast showing signs of calcification.,images/mri_breast_calcification_713.jpg
PET scan image of the anterior breast showing signs of lesion.,images/pet_scan_breast_lesion_714.jpg
X-ray image of the no specific eye showing signs of atrophy.,images/x-ray_eye_atrophy_715.jpg
Endoscopy image of the central breast showing signs of lesion.,images/endoscopy_breast_lesion_716.jpg
Mammogram image of the anterior abdomen showing signs of swelling.,images/mammogram_abdomen_swelling_717.jpg
Angiogram image of the posterior abdomen showing signs of fluid accumulation.,images/angiogram_abdomen_fluid accumulation_718.jpg
PET scan image of the no specific lung showing signs of abnormal growth.,images/pet_scan_lung_abnormal growth_719.jpg
X-ray image of the bilateral breast showing signs of cyst.,images/x-ray_breast_cyst_720.jpg
Angiogram image of the lower liver showing signs of degeneration.,images/angiogram_liver_degeneration_721.jpg
Endoscopy image of the bilateral spine showing signs of fluid accumulation.,images/endoscopy_spine_fluid accumulation_722.jpg
Mammogram image of the no specific brain showing signs of swelling.,images/mammogram_brain_swelling_723.jpg
Mammogram image of the right knee showing signs of blockage.,images/mammogram_knee_blockage_724.jpg
Mammogram image of the bilateral breast showing signs of lesion.,images/mammogram_breast_lesion_725.jpg
CT scan image of the posterior heart showing signs of blockage.,images/ct_scan_heart_blockage_726.jpg
Endoscopy image of the upper spine showing signs of swelling.,images/endoscopy_spine_swelling_727.jpg
Endoscopy image of the central thyroid showing signs of degeneration.,images/endoscopy_thyroid_degeneration_728.jpg
Mammogram image of the anterior heart showing signs of inflammation.,images/mammogram_heart_inflammation_729.jpg
Ultrasound image of the anterior liver showing signs of blockage.,images/ultrasound_liver_blockage_730.jpg
Endoscopy image of the right brain showing signs of hernia.,images/endoscopy_brain_hernia_731.jpg
CT scan image of the upper spine showing signs of lesion.,images/ct_scan_spine_lesion_732.jpg
CT scan image of the lower breast showing signs of mass.,images/ct_scan_breast_mass_733.jpg
Mammogram image of the upper spine showing signs of lesion.,images/mammogram_spine_lesion_734.jpg
CT scan image of the no specific eye showing signs of fluid accumulation.,images/ct_scan_eye_fluid accumulation_735.jpg
Mammogram image of the no specific knee showing signs of infection.,images/mammogram_knee_infection_736.jpg
PET scan image of the central thyroid showing signs of swelling.,images/pet_scan_thyroid_swelling_737.jpg
Endoscopy image of the lower bladder showing signs of hernia.,images/endoscopy_bladder_hernia_738.jpg
X-ray image of the right heart showing signs of cyst.,images/x-ray_heart_cyst_739.jpg
MRI image of the posterior liver showing signs of inflammation.,images/mri_liver_inflammation_740.jpg
PET scan image of the bilateral eye showing signs of swelling.,images/pet_scan_eye_swelling_741.jpg
Angiogram image of the right bladder showing signs of fluid accumulation.,images/angiogram_bladder_fluid accumulation_742.jpg
PET scan image of the upper abdomen showing signs of fluid accumulation.,images/pet_scan_abdomen_fluid accumulation_743.jpg
X-ray image of the left thyroid showing signs of hernia.,images/x-ray_thyroid_hernia_744.jpg
X-ray image of the right spine showing signs of degeneration.,images/x-ray_spine_degeneration_745.jpg
Ultrasound image of the posterior heart showing signs of tumor.,images/ultrasound_heart_tumor_746.jpg
Endoscopy image of the right pancreas showing signs of infection.,images/endoscopy_pancreas_infection_747.jpg
CT scan image of the posterior brain showing signs of blockage.,images/ct_scan_brain_blockage_748.jpg
Angiogram image of the upper lung showing signs of blockage.,images/angiogram_lung_blockage_749.jpg
X-ray image of the left lung showing signs of atrophy.,images/x-ray_lung_atrophy_750.jpg
Angiogram image of the posterior liver showing signs of tumor.,images/angiogram_liver_tumor_751.jpg
X-ray image of the lower spine showing signs of fluid accumulation.,images/x-ray_spine_fluid accumulation_752.jpg
Mammogram image of the posterior lung showing signs of calcification.,images/mammogram_lung_calcification_753.jpg
Ultrasound image of the no specific knee showing signs of fluid accumulation.,images/ultrasound_knee_fluid accumulation_754.jpg
Endoscopy image of the posterior spine showing signs of lesion.,images/endoscopy_spine_lesion_755.jpg
Endoscopy image of the lower spine showing signs of atrophy.,images/endoscopy_spine_atrophy_756.jpg
PET scan image of the upper eye showing signs of tumor.,images/pet_scan_eye_tumor_757.jpg
Endoscopy image of the anterior breast showing signs of mass.,images/endoscopy_breast_mass_758.jpg
Ultrasound image of the central bladder showing signs of degeneration.,images/ultrasound_bladder_degeneration_759.jpg
Mammogram image of the anterior bladder showing signs of swelling.,images/mammogram_bladder_swelling_760.jpg
PET scan image of the no specific breast showing signs of swelling.,images/pet_scan_breast_swelling_761.jpg
X-ray image of the anterior pancreas showing signs of tumor.,images/x-ray_pancreas_tumor_762.jpg
Endoscopy image of the central bladder showing signs of degeneration.,images/endoscopy_bladder_degeneration_763.jpg
Endoscopy image of the central heart showing signs of scar tissue.,images/endoscopy_heart_scar tissue_764.jpg
CT scan image of the posterior abdomen showing signs of abnormal growth.,images/ct_scan_abdomen_abnormal growth_765.jpg
X-ray image of the no specific breast showing signs of scar tissue.,images/x-ray_breast_scar tissue_766.jpg
PET scan image of the upper abdomen showing signs of atrophy.,images/pet_scan_abdomen_atrophy_767.jpg
PET scan image of the bilateral bladder showing signs of swelling.,images/pet_scan_bladder_swelling_768.jpg
CT scan image of the upper bladder showing signs of inflammation.,images/ct_scan_bladder_inflammation_769.jpg
Endoscopy image of the upper thyroid showing signs of cyst.,images/endoscopy_thyroid_cyst_770.jpg
Mammogram image of the upper eye showing signs of tumor.,images/mammogram_eye_tumor_771.jpg
Ultrasound image of the central eye showing signs of cyst.,images/ultrasound_eye_cyst_772.jpg
Angiogram image of the anterior abdomen showing signs of swelling.,images/angiogram_abdomen_swelling_773.jpg
Endoscopy image of the bilateral brain showing signs of scar tissue.,images/endoscopy_brain_scar tissue_774.jpg
Mammogram image of the left pancreas showing signs of scar tissue.,images/mammogram_pancreas_scar tissue_775.jpg
Endoscopy image of the bilateral spine showing signs of infection.,images/endoscopy_spine_infection_776.jpg
CT scan image of the posterior knee showing signs of cyst.,images/ct_scan_knee_cyst_777.jpg
PET scan image of the left knee showing signs of cyst.,images/pet_scan_knee_cyst_778.jpg
X-ray image of the bilateral abdomen showing signs of fracture.,images/x-ray_abdomen_fracture_779.jpg
PET scan image of the no specific knee showing signs of tumor.,images/pet_scan_knee_tumor_780.jpg
PET scan image of the anterior thyroid showing signs of inflammation.,images/pet_scan_thyroid_inflammation_781.jpg
CT scan image of the left breast showing signs of atrophy.,images/ct_scan_breast_atrophy_782.jpg
Endoscopy image of the lower abdomen showing signs of abnormal growth.,images/endoscopy_abdomen_abnormal growth_783.jpg
Endoscopy image of the central abdomen showing signs of tumor.,images/endoscopy_abdomen_tumor_784.jpg
PET scan image of the right pancreas showing signs of abnormal growth.,images/pet_scan_pancreas_abnormal growth_785.jpg
Mammogram image of the posterior abdomen showing signs of inflammation.,images/mammogram_abdomen_inflammation_786.jpg
MRI image of the upper liver showing signs of tumor.,images/mri_liver_tumor_787.jpg
PET scan image of the posterior spine showing signs of blockage.,images/pet_scan_spine_blockage_788.jpg
PET scan image of the anterior abdomen showing signs of hernia.,images/pet_scan_abdomen_hernia_789.jpg
Mammogram image of the no specific thyroid showing signs of mass.,images/mammogram_thyroid_mass_790.jpg
Ultrasound image of the central abdomen showing signs of atrophy.,images/ultrasound_abdomen_atrophy_791.jpg
X-ray image of the no specific spine showing signs of blockage.,images/x-ray_spine_blockage_792.jpg
PET scan image of the posterior liver showing signs of atrophy.,images/pet_scan_liver_atrophy_793.jpg
Angiogram image of the bilateral heart showing signs of abnormal growth.,images/angiogram_heart_abnormal growth_794.jpg
PET scan image of the bilateral knee showing signs of fracture.,images/pet_scan_knee_fracture_795.jpg
CT scan image of the upper bladder showing signs of atrophy.,images/ct_scan_bladder_atrophy_796.jpg
MRI image of the central abdomen showing signs of mass.,images/mri_abdomen_mass_797.jpg
Ultrasound image of the right bladder showing signs of calcification.,images/ultrasound_bladder_calcification_798.jpg
Angiogram image of the no specific bladder showing signs of hernia.,images/angiogram_bladder_hernia_799.jpg
MRI image of the upper pancreas showing signs of degeneration.,images/mri_pancreas_degeneration_800.jpg
CT scan image of the lower spine showing signs of cyst.,images/ct_scan_spine_cyst_801.jpg
Endoscopy image of the left lung showing signs of infection.,images/endoscopy_lung_infection_802.jpg
X-ray image of the lower knee showing signs of inflammation.,images/x-ray_knee_inflammation_803.jpg
Endoscopy image of the bilateral bladder showing signs of scar tissue.,images/endoscopy_bladder_scar tissue_804.jpg
Endoscopy image of the right bladder showing signs of degeneration.,images/endoscopy_bladder_degeneration_805.jpg
CT scan image of the right brain showing signs of calcification.,images/ct_scan_brain_calcification_806.jpg
PET scan image of the upper liver showing signs of atrophy.,images/pet_scan_liver_atrophy_807.jpg
Angiogram image of the right spine showing signs of hernia.,images/angiogram_spine_hernia_808.jpg
MRI image of the anterior bladder showing signs of inflammation.,images/mri_bladder_inflammation_809.jpg
Endoscopy image of the anterior knee showing signs of inflammation.,images/endoscopy_knee_inflammation_810.jpg
MRI image of the no specific heart showing signs of degeneration.,images/mri_heart_degeneration_811.jpg
Ultrasound image of the upper abdomen showing signs of lesion.,images/ultrasound_abdomen_lesion_812.jpg
Angiogram image of the posterior heart showing signs of fracture.,images/angiogram_heart_fracture_813.jpg
Mammogram image of the right bladder showing signs of mass.,images/mammogram_bladder_mass_814.jpg
X-ray image of the lower breast showing signs of blockage.,images/x-ray_breast_blockage_815.jpg
CT scan image of the left abdomen showing signs of hernia.,images/ct_scan_abdomen_hernia_816.jpg
Angiogram image of the lower liver showing signs of blockage.,images/angiogram_liver_blockage_817.jpg
MRI image of the right thyroid showing signs of atrophy.,images/mri_thyroid_atrophy_818.jpg
Ultrasound image of the no specific liver showing signs of cyst.,images/ultrasound_liver_cyst_819.jpg
MRI image of the bilateral spine showing signs of scar tissue.,images/mri_spine_scar tissue_820.jpg
Endoscopy image of the upper pancreas showing signs of hernia.,images/endoscopy_pancreas_hernia_821.jpg
Ultrasound image of the posterior thyroid showing signs of calcification.,images/ultrasound_thyroid_calcification_822.jpg
Angiogram image of the bilateral heart showing signs of infection.,images/angiogram_heart_infection_823.jpg
X-ray image of the upper breast showing signs of tumor.,images/x-ray_breast_tumor_824.jpg
Mammogram image of the anterior liver showing signs of abnormal growth.,images/mammogram_liver_abnormal growth_825.jpg
Endoscopy image of the lower heart showing signs of fluid accumulation.,images/endoscopy_heart_fluid accumulation_826.jpg
Angiogram image of the upper heart showing signs of mass.,images/angiogram_heart_mass_827.jpg
Angiogram image of the left lung showing signs of degeneration.,images/angiogram_lung_degeneration_828.jpg
Mammogram image of the bilateral lung showing signs of infection.,images/mammogram_lung_infection_829.jpg
MRI image of the lower abdomen showing signs of scar tissue.,images/mri_abdomen_scar tissue_830.jpg
Angiogram image of the posterior pancreas showing signs of infection.,images/angiogram_pancreas_infection_831.jpg
PET scan image of the lower heart showing signs of infection.,images/pet_scan_heart_infection_832.jpg
Angiogram image of the central pancreas showing signs of cyst.,images/angiogram_pancreas_cyst_833.jpg
X-ray image of the right spine showing signs of scar tissue.,images/x-ray_spine_scar tissue_834.jpg
Angiogram image of the right abdomen showing signs of swelling.,images/angiogram_abdomen_swelling_835.jpg
Mammogram image of the central liver showing signs of tumor.,images/mammogram_liver_tumor_836.jpg
Ultrasound image of the posterior eye showing signs of lesion.,images/ultrasound_eye_lesion_837.jpg
PET scan image of the left spine showing signs of abnormal growth.,images/pet_scan_spine_abnormal growth_838.jpg
Ultrasound image of the no specific spine showing signs of cyst.,images/ultrasound_spine_cyst_839.jpg
X-ray image of the posterior knee showing signs of calcification.,images/x-ray_knee_calcification_840.jpg
X-ray image of the posterior knee showing signs of calcification.,images/x-ray_knee_calcification_841.jpg
PET scan image of the no specific thyroid showing signs of scar tissue.,images/pet_scan_thyroid_scar tissue_842.jpg
Ultrasound image of the no specific eye showing signs of blockage.,images/ultrasound_eye_blockage_843.jpg
CT scan image of the left knee showing signs of atrophy.,images/ct_scan_knee_atrophy_844.jpg
Mammogram image of the lower eye showing signs of mass.,images/mammogram_eye_mass_845.jpg
MRI image of the posterior bladder showing signs of lesion.,images/mri_bladder_lesion_846.jpg
Angiogram image of the no specific pancreas showing signs of hernia.,images/angiogram_pancreas_hernia_847.jpg
CT scan image of the no specific abdomen showing signs of atrophy.,images/ct_scan_abdomen_atrophy_848.jpg
Mammogram image of the bilateral knee showing signs of mass.,images/mammogram_knee_mass_849.jpg
CT scan image of the central bladder showing signs of fracture.,images/ct_scan_bladder_fracture_850.jpg
Mammogram image of the lower brain showing signs of fluid accumulation.,images/mammogram_brain_fluid accumulation_851.jpg
CT scan image of the right breast showing signs of mass.,images/ct_scan_breast_mass_852.jpg
X-ray image of the lower breast showing signs of calcification.,images/x-ray_breast_calcification_853.jpg
Mammogram image of the right lung showing signs of scar tissue.,images/mammogram_lung_scar tissue_854.jpg
Angiogram image of the anterior thyroid showing signs of tumor.,images/angiogram_thyroid_tumor_855.jpg
X-ray image of the upper liver showing signs of cyst.,images/x-ray_liver_cyst_856.jpg
Angiogram image of the bilateral thyroid showing signs of fracture.,images/angiogram_thyroid_fracture_857.jpg
Ultrasound image of the central abdomen showing signs of calcification.,images/ultrasound_abdomen_calcification_858.jpg
Mammogram image of the posterior knee showing signs of atrophy.,images/mammogram_knee_atrophy_859.jpg
PET scan image of the upper abdomen showing signs of cyst.,images/pet_scan_abdomen_cyst_860.jpg
Angiogram image of the posterior lung showing signs of mass.,images/angiogram_lung_mass_861.jpg
Mammogram image of the bilateral liver showing signs of calcification.,images/mammogram_liver_calcification_862.jpg
Angiogram image of the bilateral bladder showing signs of calcification.,images/angiogram_bladder_calcification_863.jpg
CT scan image of the posterior brain showing signs of scar tissue.,images/ct_scan_brain_scar tissue_864.jpg
Ultrasound image of the lower thyroid showing signs of blockage.,images/ultrasound_thyroid_blockage_865.jpg
X-ray image of the bilateral knee showing signs of inflammation.,images/x-ray_knee_inflammation_866.jpg
MRI image of the left lung showing signs of cyst.,images/mri_lung_cyst_867.jpg
Angiogram image of the anterior pancreas showing signs of cyst.,images/angiogram_pancreas_cyst_868.jpg
Endoscopy image of the central liver showing signs of swelling.,images/endoscopy_liver_swelling_869.jpg
Ultrasound image of the bilateral heart showing signs of fluid accumulation.,images/ultrasound_heart_fluid accumulation_870.jpg
X-ray image of the left brain showing signs of hernia.,images/x-ray_brain_hernia_871.jpg
CT scan image of the posterior breast showing signs of lesion.,images/ct_scan_breast_lesion_872.jpg
Mammogram image of the no specific heart showing signs of atrophy.,images/mammogram_heart_atrophy_873.jpg
Mammogram image of the bilateral eye showing signs of mass.,images/mammogram_eye_mass_874.jpg
MRI image of the lower knee showing signs of inflammation.,images/mri_knee_inflammation_875.jpg
MRI image of the central pancreas showing signs of fracture.,images/mri_pancreas_fracture_876.jpg
X-ray image of the anterior bladder showing signs of blockage.,images/x-ray_bladder_blockage_877.jpg
Endoscopy image of the anterior breast showing signs of cyst.,images/endoscopy_breast_cyst_878.jpg
MRI image of the left eye showing signs of fracture.,images/mri_eye_fracture_879.jpg
PET scan image of the bilateral pancreas showing signs of infection.,images/pet_scan_pancreas_infection_880.jpg
Angiogram image of the anterior abdomen showing signs of calcification.,images/angiogram_abdomen_calcification_881.jpg
Ultrasound image of the bilateral lung showing signs of abnormal growth.,images/ultrasound_lung_abnormal growth_882.jpg
PET scan image of the upper brain showing signs of calcification.,images/pet_scan_brain_calcification_883.jpg
Angiogram image of the right pancreas showing signs of tumor.,images/angiogram_pancreas_tumor_884.jpg
Mammogram image of the upper brain showing signs of scar tissue.,images/mammogram_brain_scar tissue_885.jpg
X-ray image of the upper breast showing signs of swelling.,images/x-ray_breast_swelling_886.jpg
Endoscopy image of the anterior brain showing signs of atrophy.,images/endoscopy_brain_atrophy_887.jpg
CT scan image of the bilateral eye showing signs of fracture.,images/ct_scan_eye_fracture_888.jpg
MRI image of the central eye showing signs of degeneration.,images/mri_eye_degeneration_889.jpg
Endoscopy image of the left knee showing signs of cyst.,images/endoscopy_knee_cyst_890.jpg
Endoscopy image of the upper bladder showing signs of mass.,images/endoscopy_bladder_mass_891.jpg
Endoscopy image of the left abdomen showing signs of degeneration.,images/endoscopy_abdomen_degeneration_892.jpg
X-ray image of the no specific breast showing signs of blockage.,images/x-ray_breast_blockage_893.jpg
PET scan image of the right breast showing signs of scar tissue.,images/pet_scan_breast_scar tissue_894.jpg
Ultrasound image of the upper brain showing signs of blockage.,images/ultrasound_brain_blockage_895.jpg
Ultrasound image of the lower knee showing signs of abnormal growth.,images/ultrasound_knee_abnormal growth_896.jpg
Angiogram image of the left brain showing signs of fracture.,images/angiogram_brain_fracture_897.jpg
CT scan image of the posterior heart showing signs of scar tissue.,images/ct_scan_heart_scar tissue_898.jpg
X-ray image of the upper abdomen showing signs of fracture.,images/x-ray_abdomen_fracture_899.jpg
PET scan image of the bilateral bladder showing signs of scar tissue.,images/pet_scan_bladder_scar tissue_900.jpg
Ultrasound image of the left thyroid showing signs of calcification.,images/ultrasound_thyroid_calcification_901.jpg
Endoscopy image of the no specific breast showing signs of mass.,images/endoscopy_breast_mass_902.jpg
Ultrasound image of the posterior thyroid showing signs of lesion.,images/ultrasound_thyroid_lesion_903.jpg
Ultrasound image of the no specific bladder showing signs of cyst.,images/ultrasound_bladder_cyst_904.jpg
Ultrasound image of the lower bladder showing signs of abnormal growth.,images/ultrasound_bladder_abnormal growth_905.jpg
Ultrasound image of the right knee showing signs of lesion.,images/ultrasound_knee_lesion_906.jpg
X-ray image of the anterior heart showing signs of hernia.,images/x-ray_heart_hernia_907.jpg
PET scan image of the bilateral abdomen showing signs of cyst.,images/pet_scan_abdomen_cyst_908.jpg
CT scan image of the bilateral abdomen showing signs of fracture.,images/ct_scan_abdomen_fracture_909.jpg
Ultrasound image of the posterior breast showing signs of lesion.,images/ultrasound_breast_lesion_910.jpg
X-ray image of the upper pancreas showing signs of tumor.,images/x-ray_pancreas_tumor_911.jpg
Angiogram image of the lower bladder showing signs of tumor.,images/angiogram_bladder_tumor_912.jpg
Endoscopy image of the no specific lung showing signs of atrophy.,images/endoscopy_lung_atrophy_913.jpg
Mammogram image of the left brain showing signs of infection.,images/mammogram_brain_infection_914.jpg
Mammogram image of the upper abdomen showing signs of infection.,images/mammogram_abdomen_infection_915.jpg
MRI image of the no specific eye showing signs of mass.,images/mri_eye_mass_916.jpg
Angiogram image of the bilateral knee showing signs of fluid accumulation.,images/angiogram_knee_fluid accumulation_917.jpg
Mammogram image of the left abdomen showing signs of degeneration.,images/mammogram_abdomen_degeneration_918.jpg
PET scan image of the anterior brain showing signs of tumor.,images/pet_scan_brain_tumor_919.jpg
CT scan image of the right lung showing signs of scar tissue.,images/ct_scan_lung_scar tissue_920.jpg
Ultrasound image of the no specific breast showing signs of swelling.,images/ultrasound_breast_swelling_921.jpg
Endoscopy image of the bilateral spine showing signs of cyst.,images/endoscopy_spine_cyst_922.jpg
CT scan image of the right bladder showing signs of lesion.,images/ct_scan_bladder_lesion_923.jpg
CT scan image of the no specific abdomen showing signs of atrophy.,images/ct_scan_abdomen_atrophy_924.jpg
PET scan image of the posterior lung showing signs of lesion.,images/pet_scan_lung_lesion_925.jpg
X-ray image of the upper spine showing signs of infection.,images/x-ray_spine_infection_926.jpg
Endoscopy image of the lower abdomen showing signs of degeneration.,images/endoscopy_abdomen_degeneration_927.jpg
PET scan image of the central eye showing signs of infection.,images/pet_scan_eye_infection_928.jpg
Ultrasound image of the bilateral liver showing signs of blockage.,images/ultrasound_liver_blockage_929.jpg
Ultrasound image of the left abdomen showing signs of atrophy.,images/ultrasound_abdomen_atrophy_930.jpg
PET scan image of the lower abdomen showing signs of hernia.,images/pet_scan_abdomen_hernia_931.jpg
Mammogram image of the no specific liver showing signs of infection.,images/mammogram_liver_infection_932.jpg
Angiogram image of the bilateral pancreas showing signs of blockage.,images/angiogram_pancreas_blockage_933.jpg
Angiogram image of the central abdomen showing signs of fluid accumulation.,images/angiogram_abdomen_fluid accumulation_934.jpg
Endoscopy image of the upper bladder showing signs of lesion.,images/endoscopy_bladder_lesion_935.jpg
CT scan image of the central breast showing signs of swelling.,images/ct_scan_breast_swelling_936.jpg
X-ray image of the right knee showing signs of degeneration.,images/x-ray_knee_degeneration_937.jpg
MRI image of the left knee showing signs of inflammation.,images/mri_knee_inflammation_938.jpg
Endoscopy image of the upper brain showing signs of hernia.,images/endoscopy_brain_hernia_939.jpg
MRI image of the anterior breast showing signs of blockage.,images/mri_breast_blockage_940.jpg
Endoscopy image of the anterior eye showing signs of tumor.,images/endoscopy_eye_tumor_941.jpg
MRI image of the bilateral bladder showing signs of fracture.,images/mri_bladder_fracture_942.jpg
X-ray image of the upper liver showing signs of hernia.,images/x-ray_liver_hernia_943.jpg
CT scan image of the bilateral lung showing signs of blockage.,images/ct_scan_lung_blockage_944.jpg
Mammogram image of the no specific heart showing signs of inflammation.,images/mammogram_heart_inflammation_945.jpg
Endoscopy image of the right breast showing signs of abnormal growth.,images/endoscopy_breast_abnormal growth_946.jpg
Mammogram image of the posterior bladder showing signs of lesion.,images/mammogram_bladder_lesion_947.jpg
PET scan image of the no specific breast showing signs of lesion.,images/pet_scan_breast_lesion_948.jpg
CT scan image of the central spine showing signs of hernia.,images/ct_scan_spine_hernia_949.jpg
MRI image of the upper breast showing signs of scar tissue.,images/mri_breast_scar tissue_950.jpg
Ultrasound image of the central lung showing signs of mass.,images/ultrasound_lung_mass_951.jpg
Ultrasound image of the no specific knee showing signs of inflammation.,images/ultrasound_knee_inflammation_952.jpg
Mammogram image of the left bladder showing signs of swelling.,images/mammogram_bladder_swelling_953.jpg
CT scan image of the anterior liver showing signs of mass.,images/ct_scan_liver_mass_954.jpg
X-ray image of the posterior lung showing signs of infection.,images/x-ray_lung_infection_955.jpg
X-ray image of the right spine showing signs of fracture.,images/x-ray_spine_fracture_956.jpg
Mammogram image of the upper lung showing signs of infection.,images/mammogram_lung_infection_957.jpg
MRI image of the right thyroid showing signs of blockage.,images/mri_thyroid_blockage_958.jpg
MRI image of the left brain showing signs of swelling.,images/mri_brain_swelling_959.jpg
Angiogram image of the upper abdomen showing signs of atrophy.,images/angiogram_abdomen_atrophy_960.jpg
Angiogram image of the bilateral knee showing signs of lesion.,images/angiogram_knee_lesion_961.jpg
Mammogram image of the right heart showing signs of calcification.,images/mammogram_heart_calcification_962.jpg
Angiogram image of the lower knee showing signs of scar tissue.,images/angiogram_knee_scar tissue_963.jpg
X-ray image of the no specific brain showing signs of blockage.,images/x-ray_brain_blockage_964.jpg
CT scan image of the anterior breast showing signs of abnormal growth.,images/ct_scan_breast_abnormal growth_965.jpg
Ultrasound image of the lower pancreas showing signs of blockage.,images/ultrasound_pancreas_blockage_966.jpg
Mammogram image of the left knee showing signs of fluid accumulation.,images/mammogram_knee_fluid accumulation_967.jpg
X-ray image of the upper brain showing signs of degeneration.,images/x-ray_brain_degeneration_968.jpg
MRI image of the central spine showing signs of hernia.,images/mri_spine_hernia_969.jpg
MRI image of the bilateral liver showing signs of blockage.,images/mri_liver_blockage_970.jpg
Endoscopy image of the bilateral liver showing signs of cyst.,images/endoscopy_liver_cyst_971.jpg
X-ray image of the lower knee showing signs of swelling.,images/x-ray_knee_swelling_972.jpg
X-ray image of the upper liver showing signs of tumor.,images/x-ray_liver_tumor_973.jpg
Angiogram image of the central bladder showing signs of cyst.,images/angiogram_bladder_cyst_974.jpg
Ultrasound image of the central liver showing signs of lesion.,images/ultrasound_liver_lesion_975.jpg
CT scan image of the central abdomen showing signs of lesion.,images/ct_scan_abdomen_lesion_976.jpg
Endoscopy image of the no specific pancreas showing signs of abnormal growth.,images/endoscopy_pancreas_abnormal growth_977.jpg
Endoscopy image of the central bladder showing signs of inflammation.,images/endoscopy_bladder_inflammation_978.jpg
PET scan image of the right lung showing signs of infection.,images/pet_scan_lung_infection_979.jpg
Angiogram image of the upper thyroid showing signs of fluid accumulation.,images/angiogram_thyroid_fluid accumulation_980.jpg
Endoscopy image of the no specific knee showing signs of cyst.,images/endoscopy_knee_cyst_981.jpg
Angiogram image of the no specific knee showing signs of mass.,images/angiogram_knee_mass_982.jpg
Ultrasound image of the left eye showing signs of atrophy.,images/ultrasound_eye_atrophy_983.jpg
X-ray image of the no specific knee showing signs of scar tissue.,images/x-ray_knee_scar tissue_984.jpg
X-ray image of the central liver showing signs of blockage.,images/x-ray_liver_blockage_985.jpg
MRI image of the left spine showing signs of lesion.,images/mri_spine_lesion_986.jpg
CT scan image of the upper spine showing signs of swelling.,images/ct_scan_spine_swelling_987.jpg
PET scan image of the posterior abdomen showing signs of tumor.,images/pet_scan_abdomen_tumor_988.jpg
Angiogram image of the right breast showing signs of infection.,images/angiogram_breast_infection_989.jpg
Angiogram image of the posterior knee showing signs of scar tissue.,images/angiogram_knee_scar tissue_990.jpg
Mammogram image of the right lung showing signs of abnormal growth.,images/mammogram_lung_abnormal growth_991.jpg
Endoscopy image of the left abdomen showing signs of degeneration.,images/endoscopy_abdomen_degeneration_992.jpg
CT scan image of the lower liver showing signs of hernia.,images/ct_scan_liver_hernia_993.jpg
Ultrasound image of the upper spine showing signs of mass.,images/ultrasound_spine_mass_994.jpg
PET scan image of the central spine showing signs of degeneration.,images/pet_scan_spine_degeneration_995.jpg
PET scan image of the lower abdomen showing signs of hernia.,images/pet_scan_abdomen_hernia_996.jpg
Ultrasound image of the right abdomen showing signs of scar tissue.,images/ultrasound_abdomen_scar tissue_997.jpg
MRI image of the posterior spine showing signs of fluid accumulation.,images/mri_spine_fluid accumulation_998.jpg
Angiogram image of the upper lung showing signs of fluid accumulation.,images/angiogram_lung_fluid accumulation_999.jpg
Mammogram image of the no specific abdomen showing signs of tumor.,images/mammogram_abdomen_tumor_1000.jpg
Angiogram image of the central knee showing signs of calcification.,images/angiogram_knee_calcification_1001.jpg
PET scan image of the lower pancreas showing signs of scar tissue.,images/pet_scan_pancreas_scar tissue_1002.jpg
PET scan image of the posterior brain showing signs of lesion.,images/pet_scan_brain_lesion_1003.jpg
Mammogram image of the no specific lung showing signs of abnormal growth.,images/mammogram_lung_abnormal growth_1004.jpg
Ultrasound image of the posterior knee showing signs of fracture.,images/ultrasound_knee_fracture_1005.jpg
PET scan image of the no specific spine showing signs of fluid accumulation.,images/pet_scan_spine_fluid accumulation_1006.jpg
Endoscopy image of the anterior heart showing signs of lesion.,images/endoscopy_heart_lesion_1007.jpg
Mammogram image of the anterior knee showing signs of mass.,images/mammogram_knee_mass_1008.jpg
CT scan image of the bilateral heart showing signs of swelling.,images/ct_scan_heart_swelling_1009.jpg
PET scan image of the left liver showing signs of fracture.,images/pet_scan_liver_fracture_1010.jpg
MRI image of the posterior lung showing signs of hernia.,images/mri_lung_hernia_1011.jpg
MRI image of the right pancreas showing signs of swelling.,images/mri_pancreas_swelling_1012.jpg
CT scan image of the left knee showing signs of scar tissue.,images/ct_scan_knee_scar tissue_1013.jpg
X-ray image of the central bladder showing signs of abnormal growth.,images/x-ray_bladder_abnormal growth_1014.jpg
Ultrasound image of the right bladder showing signs of degeneration.,images/ultrasound_bladder_degeneration_1015.jpg
Endoscopy image of the left thyroid showing signs of fluid accumulation.,images/endoscopy_thyroid_fluid accumulation_1016.jpg
Angiogram image of the bilateral thyroid showing signs of calcification.,images/angiogram_thyroid_calcification_1017.jpg
Mammogram image of the bilateral heart showing signs of mass.,images/mammogram_heart_mass_1018.jpg
Angiogram image of the anterior lung showing signs of calcification.,images/angiogram_lung_calcification_1019.jpg
Mammogram image of the left liver showing signs of abnormal growth.,images/mammogram_liver_abnormal growth_1020.jpg
PET scan image of the bilateral brain showing signs of abnormal growth.,images/pet_scan_brain_abnormal growth_1021.jpg
X-ray image of the left eye showing signs of inflammation.,images/x-ray_eye_inflammation_1022.jpg
MRI image of the posterior breast showing signs of fluid accumulation.,images/mri_breast_fluid accumulation_1023.jpg
MRI image of the posterior heart showing signs of cyst.,images/mri_heart_cyst_1024.jpg
PET scan image of the left thyroid showing signs of cyst.,images/pet_scan_thyroid_cyst_1025.jpg
Ultrasound image of the no specific eye showing signs of degeneration.,images/ultrasound_eye_degeneration_1026.jpg
Mammogram image of the anterior eye showing signs of lesion.,images/mammogram_eye_lesion_1027.jpg
Angiogram image of the anterior bladder showing signs of blockage.,images/angiogram_bladder_blockage_1028.jpg
Endoscopy image of the anterior eye showing signs of calcification.,images/endoscopy_eye_calcification_1029.jpg
PET scan image of the lower lung showing signs of inflammation.,images/pet_scan_lung_inflammation_1030.jpg
X-ray image of the bilateral knee showing signs of swelling.,images/x-ray_knee_swelling_1031.jpg
Mammogram image of the anterior abdomen showing signs of fluid accumulation.,images/mammogram_abdomen_fluid accumulation_1032.jpg
CT scan image of the central lung showing signs of tumor.,images/ct_scan_lung_tumor_1033.jpg
Ultrasound image of the central spine showing signs of atrophy.,images/ultrasound_spine_atrophy_1034.jpg
Endoscopy image of the anterior brain showing signs of hernia.,images/endoscopy_brain_hernia_1035.jpg
X-ray image of the anterior heart showing signs of cyst.,images/x-ray_heart_cyst_1036.jpg
PET scan image of the bilateral knee showing signs of cyst.,images/pet_scan_knee_cyst_1037.jpg
Ultrasound image of the right bladder showing signs of abnormal growth.,images/ultrasound_bladder_abnormal growth_1038.jpg
MRI image of the central abdomen showing signs of inflammation.,images/mri_abdomen_inflammation_1039.jpg
MRI image of the bilateral breast showing signs of fluid accumulation.,images/mri_breast_fluid accumulation_1040.jpg
Endoscopy image of the central breast showing signs of hernia.,images/endoscopy_breast_hernia_1041.jpg
X-ray image of the lower liver showing signs of cyst.,images/x-ray_liver_cyst_1042.jpg
PET scan image of the bilateral bladder showing signs of swelling.,images/pet_scan_bladder_swelling_1043.jpg
MRI image of the central bladder showing signs of hernia.,images/mri_bladder_hernia_1044.jpg
MRI image of the anterior spine showing signs of abnormal growth.,images/mri_spine_abnormal growth_1045.jpg
CT scan image of the lower lung showing signs of tumor.,images/ct_scan_lung_tumor_1046.jpg
Endoscopy image of the no specific bladder showing signs of calcification.,images/endoscopy_bladder_calcification_1047.jpg
Angiogram image of the bilateral bladder showing signs of infection.,images/angiogram_bladder_infection_1048.jpg
Endoscopy image of the lower heart showing signs of calcification.,images/endoscopy_heart_calcification_1049.jpg
CT scan image of the right thyroid showing signs of fluid accumulation.,images/ct_scan_thyroid_fluid accumulation_1050.jpg
Mammogram image of the lower spine showing signs of abnormal growth.,images/mammogram_spine_abnormal growth_1051.jpg
MRI image of the lower lung showing signs of cyst.,images/mri_lung_cyst_1052.jpg
MRI image of the anterior knee showing signs of degeneration.,images/mri_knee_degeneration_1053.jpg
PET scan image of the upper bladder showing signs of infection.,images/pet_scan_bladder_infection_1054.jpg
CT scan image of the no specific pancreas showing signs of swelling.,images/ct_scan_pancreas_swelling_1055.jpg
X-ray image of the upper abdomen showing signs of fluid accumulation.,images/x-ray_abdomen_fluid accumulation_1056.jpg
Angiogram image of the right pancreas showing signs of mass.,images/angiogram_pancreas_mass_1057.jpg
PET scan image of the lower spine showing signs of atrophy.,images/pet_scan_spine_atrophy_1058.jpg
Endoscopy image of the no specific lung showing signs of swelling.,images/endoscopy_lung_swelling_1059.jpg
Angiogram image of the posterior liver showing signs of cyst.,images/angiogram_liver_cyst_1060.jpg
MRI image of the right thyroid showing signs of degeneration.,images/mri_thyroid_degeneration_1061.jpg
CT scan image of the no specific pancreas showing signs of atrophy.,images/ct_scan_pancreas_atrophy_1062.jpg
Endoscopy image of the left spine showing signs of tumor.,images/endoscopy_spine_tumor_1063.jpg
CT scan image of the posterior knee showing signs of infection.,images/ct_scan_knee_infection_1064.jpg
CT scan image of the central thyroid showing signs of degeneration.,images/ct_scan_thyroid_degeneration_1065.jpg
Angiogram image of the lower brain showing signs of inflammation.,images/angiogram_brain_inflammation_1066.jpg
CT scan image of the upper eye showing signs of mass.,images/ct_scan_eye_mass_1067.jpg
Mammogram image of the anterior eye showing signs of fluid accumulation.,images/mammogram_eye_fluid accumulation_1068.jpg
Mammogram image of the left brain showing signs of lesion.,images/mammogram_brain_lesion_1069.jpg
PET scan image of the central heart showing signs of inflammation.,images/pet_scan_heart_inflammation_1070.jpg
Ultrasound image of the anterior heart showing signs of blockage.,images/ultrasound_heart_blockage_1071.jpg
PET scan image of the central liver showing signs of lesion.,images/pet_scan_liver_lesion_1072.jpg
CT scan image of the posterior pancreas showing signs of fluid accumulation.,images/ct_scan_pancreas_fluid accumulation_1073.jpg
X-ray image of the right heart showing signs of infection.,images/x-ray_heart_infection_1074.jpg
MRI image of the anterior thyroid showing signs of cyst.,images/mri_thyroid_cyst_1075.jpg
Ultrasound image of the central liver showing signs of degeneration.,images/ultrasound_liver_degeneration_1076.jpg
CT scan image of the right breast showing signs of swelling.,images/ct_scan_breast_swelling_1077.jpg
Endoscopy image of the bilateral spine showing signs of degeneration.,images/endoscopy_spine_degeneration_1078.jpg
MRI image of the lower lung showing signs of infection.,images/mri_lung_infection_1079.jpg
CT scan image of the lower pancreas showing signs of lesion.,images/ct_scan_pancreas_lesion_1080.jpg
Angiogram image of the lower abdomen showing signs of infection.,images/angiogram_abdomen_infection_1081.jpg
Angiogram image of the central abdomen showing signs of lesion.,images/angiogram_abdomen_lesion_1082.jpg
MRI image of the upper spine showing signs of tumor.,images/mri_spine_tumor_1083.jpg
X-ray image of the posterior eye showing signs of mass.,images/x-ray_eye_mass_1084.jpg
Angiogram image of the lower heart showing signs of lesion.,images/angiogram_heart_lesion_1085.jpg
Ultrasound image of the right bladder showing signs of atrophy.,images/ultrasound_bladder_atrophy_1086.jpg
MRI image of the central abdomen showing signs of cyst.,images/mri_abdomen_cyst_1087.jpg
Mammogram image of the anterior bladder showing signs of blockage.,images/mammogram_bladder_blockage_1088.jpg
X-ray image of the no specific knee showing signs of blockage.,images/x-ray_knee_blockage_1089.jpg
X-ray image of the upper lung showing signs of swelling.,images/x-ray_lung_swelling_1090.jpg
PET scan image of the right bladder showing signs of tumor.,images/pet_scan_bladder_tumor_1091.jpg
CT scan image of the posterior brain showing signs of cyst.,images/ct_scan_brain_cyst_1092.jpg
Mammogram image of the posterior lung showing signs of cyst.,images/mammogram_lung_cyst_1093.jpg
Ultrasound image of the lower pancreas showing signs of degeneration.,images/ultrasound_pancreas_degeneration_1094.jpg
Mammogram image of the upper brain showing signs of hernia.,images/mammogram_brain_hernia_1095.jpg
PET scan image of the upper thyroid showing signs of abnormal growth.,images/pet_scan_thyroid_abnormal growth_1096.jpg
Angiogram image of the no specific thyroid showing signs of mass.,images/angiogram_thyroid_mass_1097.jpg
MRI image of the upper liver showing signs of fluid accumulation.,images/mri_liver_fluid accumulation_1098.jpg
MRI image of the left bladder showing signs of tumor.,images/mri_bladder_tumor_1099.jpg
Ultrasound image of the bilateral abdomen showing signs of swelling.,images/ultrasound_abdomen_swelling_1100.jpg
Endoscopy image of the anterior pancreas showing signs of fracture.,images/endoscopy_pancreas_fracture_1101.jpg
Mammogram image of the bilateral heart showing signs of calcification.,images/mammogram_heart_calcification_1102.jpg
PET scan image of the bilateral lung showing signs of fracture.,images/pet_scan_lung_fracture_1103.jpg
Endoscopy image of the bilateral thyroid showing signs of swelling.,images/endoscopy_thyroid_swelling_1104.jpg
Angiogram image of the lower lung showing signs of degeneration.,images/angiogram_lung_degeneration_1105.jpg
MRI image of the left liver showing signs of atrophy.,images/mri_liver_atrophy_1106.jpg
Endoscopy image of the right spine showing signs of swelling.,images/endoscopy_spine_swelling_1107.jpg
Angiogram image of the no specific pancreas showing signs of mass.,images/angiogram_pancreas_mass_1108.jpg
PET scan image of the posterior bladder showing signs of degeneration.,images/pet_scan_bladder_degeneration_1109.jpg
CT scan image of the anterior thyroid showing signs of fluid accumulation.,images/ct_scan_thyroid_fluid accumulation_1110.jpg
CT scan image of the right pancreas showing signs of swelling.,images/ct_scan_pancreas_swelling_1111.jpg
Angiogram image of the no specific pancreas showing signs of tumor.,images/angiogram_pancreas_tumor_1112.jpg
X-ray image of the central thyroid showing signs of infection.,images/x-ray_thyroid_infection_1113.jpg
PET scan image of the bilateral breast showing signs of cyst.,images/pet_scan_breast_cyst_1114.jpg
Angiogram image of the central spine showing signs of infection.,images/angiogram_spine_infection_1115.jpg
CT scan image of the bilateral spine showing signs of lesion.,images/ct_scan_spine_lesion_1116.jpg
Mammogram image of the central knee showing signs of lesion.,images/mammogram_knee_lesion_1117.jpg
CT scan image of the upper knee showing signs of scar tissue.,images/ct_scan_knee_scar tissue_1118.jpg
X-ray image of the bilateral bladder showing signs of calcification.,images/x-ray_bladder_calcification_1119.jpg
X-ray image of the left spine showing signs of calcification.,images/x-ray_spine_calcification_1120.jpg
X-ray image of the bilateral liver showing signs of mass.,images/x-ray_liver_mass_1121.jpg
MRI image of the bilateral breast showing signs of inflammation.,images/mri_breast_inflammation_1122.jpg
Ultrasound image of the no specific lung showing signs of fracture.,images/ultrasound_lung_fracture_1123.jpg
Ultrasound image of the bilateral heart showing signs of swelling.,images/ultrasound_heart_swelling_1124.jpg
Endoscopy image of the no specific lung showing signs of blockage.,images/endoscopy_lung_blockage_1125.jpg
X-ray image of the posterior thyroid showing signs of lesion.,images/x-ray_thyroid_lesion_1126.jpg
Mammogram image of the posterior bladder showing signs of mass.,images/mammogram_bladder_mass_1127.jpg
Ultrasound image of the bilateral spine showing signs of calcification.,images/ultrasound_spine_calcification_1128.jpg
Mammogram image of the upper bladder showing signs of degeneration.,images/mammogram_bladder_degeneration_1129.jpg
MRI image of the upper eye showing signs of swelling.,images/mri_eye_swelling_1130.jpg
CT scan image of the bilateral knee showing signs of tumor.,images/ct_scan_knee_tumor_1131.jpg
Ultrasound image of the left bladder showing signs of inflammation.,images/ultrasound_bladder_inflammation_1132.jpg
Endoscopy image of the central brain showing signs of inflammation.,images/endoscopy_brain_inflammation_1133.jpg
Angiogram image of the bilateral abdomen showing signs of degeneration.,images/angiogram_abdomen_degeneration_1134.jpg
MRI image of the anterior heart showing signs of tumor.,images/mri_heart_tumor_1135.jpg
CT scan image of the no specific thyroid showing signs of inflammation.,images/ct_scan_thyroid_inflammation_1136.jpg
Ultrasound image of the central pancreas showing signs of hernia.,images/ultrasound_pancreas_hernia_1137.jpg
Angiogram image of the anterior thyroid showing signs of infection.,images/angiogram_thyroid_infection_1138.jpg
Ultrasound image of the anterior lung showing signs of tumor.,images/ultrasound_lung_tumor_1139.jpg
Ultrasound image of the no specific heart showing signs of inflammation.,images/ultrasound_heart_inflammation_1140.jpg
PET scan image of the no specific bladder showing signs of abnormal growth.,images/pet_scan_bladder_abnormal growth_1141.jpg
Endoscopy image of the no specific thyroid showing signs of hernia.,images/endoscopy_thyroid_hernia_1142.jpg
X-ray image of the posterior heart showing signs of inflammation.,images/x-ray_heart_inflammation_1143.jpg
CT scan image of the central bladder showing signs of swelling.,images/ct_scan_bladder_swelling_1144.jpg
CT scan image of the upper liver showing signs of hernia.,images/ct_scan_liver_hernia_1145.jpg
Ultrasound image of the anterior thyroid showing signs of inflammation.,images/ultrasound_thyroid_inflammation_1146.jpg
Ultrasound image of the lower knee showing signs of inflammation.,images/ultrasound_knee_inflammation_1147.jpg
PET scan image of the right heart showing signs of degeneration.,images/pet_scan_heart_degeneration_1148.jpg
PET scan image of the no specific abdomen showing signs of blockage.,images/pet_scan_abdomen_blockage_1149.jpg
Endoscopy image of the lower eye showing signs of mass.,images/endoscopy_eye_mass_1150.jpg
Endoscopy image of the no specific breast showing signs of blockage.,images/endoscopy_breast_blockage_1151.jpg
Angiogram image of the right brain showing signs of infection.,images/angiogram_brain_infection_1152.jpg
PET scan image of the bilateral knee showing signs of fluid accumulation.,images/pet_scan_knee_fluid accumulation_1153.jpg
Angiogram image of the left breast showing signs of hernia.,images/angiogram_breast_hernia_1154.jpg
X-ray image of the central eye showing signs of abnormal growth.,images/x-ray_eye_abnormal growth_1155.jpg
Ultrasound image of the right breast showing signs of fluid accumulation.,images/ultrasound_breast_fluid accumulation_1156.jpg
CT scan image of the no specific liver showing signs of fracture.,images/ct_scan_liver_fracture_1157.jpg
Ultrasound image of the right heart showing signs of swelling.,images/ultrasound_heart_swelling_1158.jpg
PET scan image of the posterior spine showing signs of abnormal growth.,images/pet_scan_spine_abnormal growth_1159.jpg
Mammogram image of the right spine showing signs of scar tissue.,images/mammogram_spine_scar tissue_1160.jpg
Ultrasound image of the bilateral liver showing signs of atrophy.,images/ultrasound_liver_atrophy_1161.jpg
PET scan image of the upper brain showing signs of fluid accumulation.,images/pet_scan_brain_fluid accumulation_1162.jpg
Ultrasound image of the central knee showing signs of infection.,images/ultrasound_knee_infection_1163.jpg
Angiogram image of the bilateral heart showing signs of mass.,images/angiogram_heart_mass_1164.jpg
Mammogram image of the left knee showing signs of fracture.,images/mammogram_knee_fracture_1165.jpg
X-ray image of the posterior abdomen showing signs of lesion.,images/x-ray_abdomen_lesion_1166.jpg
X-ray image of the bilateral lung showing signs of atrophy.,images/x-ray_lung_atrophy_1167.jpg
PET scan image of the right heart showing signs of fluid accumulation.,images/pet_scan_heart_fluid accumulation_1168.jpg
CT scan image of the anterior breast showing signs of swelling.,images/ct_scan_breast_swelling_1169.jpg
Angiogram image of the lower abdomen showing signs of abnormal growth.,images/angiogram_abdomen_abnormal growth_1170.jpg
Endoscopy image of the right eye showing signs of calcification.,images/endoscopy_eye_calcification_1171.jpg
MRI image of the anterior brain showing signs of inflammation.,images/mri_brain_inflammation_1172.jpg
CT scan image of the central heart showing signs of abnormal growth.,images/ct_scan_heart_abnormal growth_1173.jpg
CT scan image of the right pancreas showing signs of lesion.,images/ct_scan_pancreas_lesion_1174.jpg
Mammogram image of the upper pancreas showing signs of tumor.,images/mammogram_pancreas_tumor_1175.jpg
PET scan image of the no specific lung showing signs of atrophy.,images/pet_scan_lung_atrophy_1176.jpg
X-ray image of the bilateral knee showing signs of fluid accumulation.,images/x-ray_knee_fluid accumulation_1177.jpg
Angiogram image of the bilateral pancreas showing signs of lesion.,images/angiogram_pancreas_lesion_1178.jpg
Angiogram image of the lower spine showing signs of calcification.,images/angiogram_spine_calcification_1179.jpg
Ultrasound image of the right spine showing signs of atrophy.,images/ultrasound_spine_atrophy_1180.jpg
Mammogram image of the right bladder showing signs of fracture.,images/mammogram_bladder_fracture_1181.jpg
PET scan image of the lower knee showing signs of hernia.,images/pet_scan_knee_hernia_1182.jpg
MRI image of the bilateral abdomen showing signs of inflammation.,images/mri_abdomen_inflammation_1183.jpg
Mammogram image of the no specific lung showing signs of scar tissue.,images/mammogram_lung_scar tissue_1184.jpg
PET scan image of the left thyroid showing signs of abnormal growth.,images/pet_scan_thyroid_abnormal growth_1185.jpg
Ultrasound image of the left brain showing signs of blockage.,images/ultrasound_brain_blockage_1186.jpg
CT scan image of the no specific spine showing signs of atrophy.,images/ct_scan_spine_atrophy_1187.jpg
X-ray image of the left breast showing signs of tumor.,images/x-ray_breast_tumor_1188.jpg
Mammogram image of the no specific thyroid showing signs of inflammation.,images/mammogram_thyroid_inflammation_1189.jpg
CT scan image of the posterior thyroid showing signs of mass.,images/ct_scan_thyroid_mass_1190.jpg
Ultrasound image of the right knee showing signs of inflammation.,images/ultrasound_knee_inflammation_1191.jpg
Mammogram image of the posterior thyroid showing signs of mass.,images/mammogram_thyroid_mass_1192.jpg
Mammogram image of the posterior eye showing signs of swelling.,images/mammogram_eye_swelling_1193.jpg
PET scan image of the posterior eye showing signs of tumor.,images/pet_scan_eye_tumor_1194.jpg
CT scan image of the posterior breast showing signs of infection.,images/ct_scan_breast_infection_1195.jpg
CT scan image of the central spine showing signs of inflammation.,images/ct_scan_spine_inflammation_1196.jpg
X-ray image of the anterior eye showing signs of cyst.,images/x-ray_eye_cyst_1197.jpg
Ultrasound image of the no specific knee showing signs of degeneration.,images/ultrasound_knee_degeneration_1198.jpg
Angiogram image of the no specific knee showing signs of tumor.,images/angiogram_knee_tumor_1199.jpg
CT scan image of the posterior bladder showing signs of fracture.,images/ct_scan_bladder_fracture_1200.jpg
MRI image of the left heart showing signs of inflammation.,images/mri_heart_inflammation_1201.jpg
X-ray image of the left abdomen showing signs of inflammation.,images/x-ray_abdomen_inflammation_1202.jpg
PET scan image of the central pancreas showing signs of tumor.,images/pet_scan_pancreas_tumor_1203.jpg
Angiogram image of the anterior brain showing signs of abnormal growth.,images/angiogram_brain_abnormal growth_1204.jpg
CT scan image of the bilateral knee showing signs of scar tissue.,images/ct_scan_knee_scar tissue_1205.jpg
PET scan image of the posterior brain showing signs of lesion.,images/pet_scan_brain_lesion_1206.jpg
Endoscopy image of the posterior pancreas showing signs of cyst.,images/endoscopy_pancreas_cyst_1207.jpg
X-ray image of the lower breast showing signs of blockage.,images/x-ray_breast_blockage_1208.jpg
Angiogram image of the central spine showing signs of fluid accumulation.,images/angiogram_spine_fluid accumulation_1209.jpg
Endoscopy image of the posterior eye showing signs of blockage.,images/endoscopy_eye_blockage_1210.jpg
MRI image of the posterior breast showing signs of inflammation.,images/mri_breast_inflammation_1211.jpg
Ultrasound image of the lower eye showing signs of scar tissue.,images/ultrasound_eye_scar tissue_1212.jpg
X-ray image of the anterior liver showing signs of calcification.,images/x-ray_liver_calcification_1213.jpg
MRI image of the no specific knee showing signs of tumor.,images/mri_knee_tumor_1214.jpg
MRI image of the left knee showing signs of atrophy.,images/mri_knee_atrophy_1215.jpg
Mammogram image of the anterior breast showing signs of fracture.,images/mammogram_breast_fracture_1216.jpg
X-ray image of the posterior knee showing signs of cyst.,images/x-ray_knee_cyst_1217.jpg
Mammogram image of the bilateral brain showing signs of hernia.,images/mammogram_brain_hernia_1218.jpg
Endoscopy image of the left brain showing signs of scar tissue.,images/endoscopy_brain_scar tissue_1219.jpg
Ultrasound image of the anterior bladder showing signs of cyst.,images/ultrasound_bladder_cyst_1220.jpg
Angiogram image of the right spine showing signs of lesion.,images/angiogram_spine_lesion_1221.jpg
CT scan image of the central brain showing signs of fluid accumulation.,images/ct_scan_brain_fluid accumulation_1222.jpg
MRI image of the lower abdomen showing signs of swelling.,images/mri_abdomen_swelling_1223.jpg
Endoscopy image of the upper bladder showing signs of fluid accumulation.,images/endoscopy_bladder_fluid accumulation_1224.jpg
Angiogram image of the lower thyroid showing signs of fluid accumulation.,images/angiogram_thyroid_fluid accumulation_1225.jpg
X-ray image of the bilateral lung showing signs of lesion.,images/x-ray_lung_lesion_1226.jpg
Ultrasound image of the anterior spine showing signs of fracture.,images/ultrasound_spine_fracture_1227.jpg
Ultrasound image of the right liver showing signs of scar tissue.,images/ultrasound_liver_scar tissue_1228.jpg
Ultrasound image of the upper lung showing signs of atrophy.,images/ultrasound_lung_atrophy_1229.jpg
Endoscopy image of the central thyroid showing signs of lesion.,images/endoscopy_thyroid_lesion_1230.jpg
Mammogram image of the posterior heart showing signs of infection.,images/mammogram_heart_infection_1231.jpg
MRI image of the posterior brain showing signs of mass.,images/mri_brain_mass_1232.jpg
Mammogram image of the upper heart showing signs of atrophy.,images/mammogram_heart_atrophy_1233.jpg
MRI image of the no specific knee showing signs of scar tissue.,images/mri_knee_scar tissue_1234.jpg
CT scan image of the posterior eye showing signs of mass.,images/ct_scan_eye_mass_1235.jpg
CT scan image of the upper heart showing signs of inflammation.,images/ct_scan_heart_inflammation_1236.jpg
MRI image of the no specific bladder showing signs of tumor.,images/mri_bladder_tumor_1237.jpg
CT scan image of the posterior spine showing signs of infection.,images/ct_scan_spine_infection_1238.jpg
PET scan image of the upper knee showing signs of calcification.,images/pet_scan_knee_calcification_1239.jpg
X-ray image of the bilateral liver showing signs of tumor.,images/x-ray_liver_tumor_1240.jpg
CT scan image of the no specific lung showing signs of infection.,images/ct_scan_lung_infection_1241.jpg
Angiogram image of the bilateral eye showing signs of degeneration.,images/angiogram_eye_degeneration_1242.jpg
MRI image of the lower bladder showing signs of swelling.,images/mri_bladder_swelling_1243.jpg
Endoscopy image of the right heart showing signs of swelling.,images/endoscopy_heart_swelling_1244.jpg
Angiogram image of the upper breast showing signs of hernia.,images/angiogram_breast_hernia_1245.jpg
PET scan image of the no specific thyroid showing signs of tumor.,images/pet_scan_thyroid_tumor_1246.jpg
MRI image of the upper breast showing signs of blockage.,images/mri_breast_blockage_1247.jpg
X-ray image of the bilateral spine showing signs of tumor.,images/x-ray_spine_tumor_1248.jpg
X-ray image of the central breast showing signs of infection.,images/x-ray_breast_infection_1249.jpg
Endoscopy image of the left abdomen showing signs of calcification.,images/endoscopy_abdomen_calcification_1250.jpg
MRI image of the lower heart showing signs of fluid accumulation.,images/mri_heart_fluid accumulation_1251.jpg
MRI image of the anterior brain showing signs of abnormal growth.,images/mri_brain_abnormal growth_1252.jpg
Ultrasound image of the no specific brain showing signs of scar tissue.,images/ultrasound_brain_scar tissue_1253.jpg
MRI image of the upper heart showing signs of inflammation.,images/mri_heart_inflammation_1254.jpg
MRI image of the no specific brain showing signs of fluid accumulation.,images/mri_brain_fluid accumulation_1255.jpg
MRI image of the left eye showing signs of scar tissue.,images/mri_eye_scar tissue_1256.jpg
X-ray image of the upper bladder showing signs of infection.,images/x-ray_bladder_infection_1257.jpg
Endoscopy image of the anterior liver showing signs of abnormal growth.,images/endoscopy_liver_abnormal growth_1258.jpg
Ultrasound image of the central brain showing signs of hernia.,images/ultrasound_brain_hernia_1259.jpg
CT scan image of the posterior thyroid showing signs of calcification.,images/ct_scan_thyroid_calcification_1260.jpg
MRI image of the right spine showing signs of fluid accumulation.,images/mri_spine_fluid accumulation_1261.jpg
Ultrasound image of the no specific spine showing signs of degeneration.,images/ultrasound_spine_degeneration_1262.jpg
Mammogram image of the anterior bladder showing signs of infection.,images/mammogram_bladder_infection_1263.jpg
X-ray image of the upper liver showing signs of mass.,images/x-ray_liver_mass_1264.jpg
X-ray image of the lower abdomen showing signs of hernia.,images/x-ray_abdomen_hernia_1265.jpg
Mammogram image of the upper breast showing signs of fracture.,images/mammogram_breast_fracture_1266.jpg
Ultrasound image of the right bladder showing signs of fluid accumulation.,images/ultrasound_bladder_fluid accumulation_1267.jpg
MRI image of the left breast showing signs of infection.,images/mri_breast_infection_1268.jpg
Mammogram image of the upper liver showing signs of abnormal growth.,images/mammogram_liver_abnormal growth_1269.jpg
MRI image of the posterior knee showing signs of degeneration.,images/mri_knee_degeneration_1270.jpg
MRI image of the central lung showing signs of mass.,images/mri_lung_mass_1271.jpg
Mammogram image of the upper spine showing signs of cyst.,images/mammogram_spine_cyst_1272.jpg
CT scan image of the no specific heart showing signs of cyst.,images/ct_scan_heart_cyst_1273.jpg
Endoscopy image of the upper abdomen showing signs of cyst.,images/endoscopy_abdomen_cyst_1274.jpg
Mammogram image of the central pancreas showing signs of calcification.,images/mammogram_pancreas_calcification_1275.jpg
PET scan image of the no specific heart showing signs of atrophy.,images/pet_scan_heart_atrophy_1276.jpg
MRI image of the no specific abdomen showing signs of scar tissue.,images/mri_abdomen_scar tissue_1277.jpg
Angiogram image of the anterior knee showing signs of blockage.,images/angiogram_knee_blockage_1278.jpg
Ultrasound image of the left eye showing signs of inflammation.,images/ultrasound_eye_inflammation_1279.jpg
Mammogram image of the central bladder showing signs of atrophy.,images/mammogram_bladder_atrophy_1280.jpg
Endoscopy image of the left bladder showing signs of inflammation.,images/endoscopy_bladder_inflammation_1281.jpg
Mammogram image of the right eye showing signs of tumor.,images/mammogram_eye_tumor_1282.jpg
PET scan image of the anterior bladder showing signs of cyst.,images/pet_scan_bladder_cyst_1283.jpg
Ultrasound image of the right liver showing signs of degeneration.,images/ultrasound_liver_degeneration_1284.jpg
X-ray image of the right spine showing signs of fracture.,images/x-ray_spine_fracture_1285.jpg
PET scan image of the upper eye showing signs of fracture.,images/pet_scan_eye_fracture_1286.jpg
Mammogram image of the right bladder showing signs of cyst.,images/mammogram_bladder_cyst_1287.jpg
PET scan image of the right spine showing signs of cyst.,images/pet_scan_spine_cyst_1288.jpg
PET scan image of the posterior breast showing signs of fluid accumulation.,images/pet_scan_breast_fluid accumulation_1289.jpg
Angiogram image of the anterior knee showing signs of cyst.,images/angiogram_knee_cyst_1290.jpg
X-ray image of the anterior breast showing signs of infection.,images/x-ray_breast_infection_1291.jpg
Endoscopy image of the bilateral pancreas showing signs of inflammation.,images/endoscopy_pancreas_inflammation_1292.jpg
CT scan image of the bilateral lung showing signs of cyst.,images/ct_scan_lung_cyst_1293.jpg
Mammogram image of the upper pancreas showing signs of swelling.,images/mammogram_pancreas_swelling_1294.jpg
Mammogram image of the left bladder showing signs of hernia.,images/mammogram_bladder_hernia_1295.jpg
X-ray image of the anterior breast showing signs of blockage.,images/x-ray_breast_blockage_1296.jpg
Ultrasound image of the central bladder showing signs of atrophy.,images/ultrasound_bladder_atrophy_1297.jpg
X-ray image of the bilateral breast showing signs of tumor.,images/x-ray_breast_tumor_1298.jpg
X-ray image of the bilateral breast showing signs of calcification.,images/x-ray_breast_calcification_1299.jpg
PET scan image of the right spine showing signs of atrophy.,images/pet_scan_spine_atrophy_1300.jpg
X-ray image of the left bladder showing signs of tumor.,images/x-ray_bladder_tumor_1301.jpg
X-ray image of the central abdomen showing signs of atrophy.,images/x-ray_abdomen_atrophy_1302.jpg
CT scan image of the central knee showing signs of mass.,images/ct_scan_knee_mass_1303.jpg
Angiogram image of the posterior heart showing signs of inflammation.,images/angiogram_heart_inflammation_1304.jpg
Endoscopy image of the central abdomen showing signs of cyst.,images/endoscopy_abdomen_cyst_1305.jpg
Angiogram image of the central lung showing signs of calcification.,images/angiogram_lung_calcification_1306.jpg
Ultrasound image of the no specific heart showing signs of blockage.,images/ultrasound_heart_blockage_1307.jpg
PET scan image of the upper thyroid showing signs of cyst.,images/pet_scan_thyroid_cyst_1308.jpg
Mammogram image of the right knee showing signs of fracture.,images/mammogram_knee_fracture_1309.jpg
X-ray image of the left liver showing signs of scar tissue.,images/x-ray_liver_scar tissue_1310.jpg
Mammogram image of the lower brain showing signs of infection.,images/mammogram_brain_infection_1311.jpg
Mammogram image of the right thyroid showing signs of calcification.,images/mammogram_thyroid_calcification_1312.jpg
Ultrasound image of the left pancreas showing signs of abnormal growth.,images/ultrasound_pancreas_abnormal growth_1313.jpg
Ultrasound image of the posterior lung showing signs of infection.,images/ultrasound_lung_infection_1314.jpg
Mammogram image of the lower lung showing signs of swelling.,images/mammogram_lung_swelling_1315.jpg
Endoscopy image of the central brain showing signs of degeneration.,images/endoscopy_brain_degeneration_1316.jpg
Mammogram image of the lower heart showing signs of degeneration.,images/mammogram_heart_degeneration_1317.jpg
X-ray image of the posterior liver showing signs of mass.,images/x-ray_liver_mass_1318.jpg
X-ray image of the bilateral thyroid showing signs of hernia.,images/x-ray_thyroid_hernia_1319.jpg
CT scan image of the right bladder showing signs of degeneration.,images/ct_scan_bladder_degeneration_1320.jpg
Endoscopy image of the lower breast showing signs of infection.,images/endoscopy_breast_infection_1321.jpg
PET scan image of the lower knee showing signs of abnormal growth.,images/pet_scan_knee_abnormal growth_1322.jpg
PET scan image of the no specific thyroid showing signs of infection.,images/pet_scan_thyroid_infection_1323.jpg
CT scan image of the anterior lung showing signs of tumor.,images/ct_scan_lung_tumor_1324.jpg
Mammogram image of the right knee showing signs of swelling.,images/mammogram_knee_swelling_1325.jpg
Endoscopy image of the no specific heart showing signs of fluid accumulation.,images/endoscopy_heart_fluid accumulation_1326.jpg
X-ray image of the lower heart showing signs of cyst.,images/x-ray_heart_cyst_1327.jpg
Endoscopy image of the upper lung showing signs of tumor.,images/endoscopy_lung_tumor_1328.jpg
Ultrasound image of the central lung showing signs of swelling.,images/ultrasound_lung_swelling_1329.jpg
MRI image of the lower pancreas showing signs of hernia.,images/mri_pancreas_hernia_1330.jpg
Endoscopy image of the upper brain showing signs of lesion.,images/endoscopy_brain_lesion_1331.jpg
MRI image of the no specific liver showing signs of fluid accumulation.,images/mri_liver_fluid accumulation_1332.jpg
Angiogram image of the posterior spine showing signs of mass.,images/angiogram_spine_mass_1333.jpg
Mammogram image of the posterior lung showing signs of abnormal growth.,images/mammogram_lung_abnormal growth_1334.jpg
MRI image of the bilateral liver showing signs of lesion.,images/mri_liver_lesion_1335.jpg
Endoscopy image of the central abdomen showing signs of lesion.,images/endoscopy_abdomen_lesion_1336.jpg
MRI image of the anterior bladder showing signs of infection.,images/mri_bladder_infection_1337.jpg
PET scan image of the right lung showing signs of scar tissue.,images/pet_scan_lung_scar tissue_1338.jpg
Mammogram image of the central thyroid showing signs of fluid accumulation.,images/mammogram_thyroid_fluid accumulation_1339.jpg
Mammogram image of the upper heart showing signs of degeneration.,images/mammogram_heart_degeneration_1340.jpg
CT scan image of the anterior liver showing signs of inflammation.,images/ct_scan_liver_inflammation_1341.jpg
Mammogram image of the upper heart showing signs of infection.,images/mammogram_heart_infection_1342.jpg
CT scan image of the lower knee showing signs of abnormal growth.,images/ct_scan_knee_abnormal growth_1343.jpg
CT scan image of the upper knee showing signs of calcification.,images/ct_scan_knee_calcification_1344.jpg
Endoscopy image of the bilateral eye showing signs of blockage.,images/endoscopy_eye_blockage_1345.jpg
CT scan image of the upper abdomen showing signs of mass.,images/ct_scan_abdomen_mass_1346.jpg
Angiogram image of the posterior liver showing signs of fracture.,images/angiogram_liver_fracture_1347.jpg
Endoscopy image of the anterior knee showing signs of lesion.,images/endoscopy_knee_lesion_1348.jpg
CT scan image of the left thyroid showing signs of fluid accumulation.,images/ct_scan_thyroid_fluid accumulation_1349.jpg
CT scan image of the upper bladder showing signs of lesion.,images/ct_scan_bladder_lesion_1350.jpg
Mammogram image of the central heart showing signs of tumor.,images/mammogram_heart_tumor_1351.jpg
Mammogram image of the right spine showing signs of abnormal growth.,images/mammogram_spine_abnormal growth_1352.jpg
CT scan image of the upper abdomen showing signs of mass.,images/ct_scan_abdomen_mass_1353.jpg
MRI image of the lower brain showing signs of tumor.,images/mri_brain_tumor_1354.jpg
X-ray image of the left spine showing signs of hernia.,images/x-ray_spine_hernia_1355.jpg
PET scan image of the upper eye showing signs of blockage.,images/pet_scan_eye_blockage_1356.jpg
Mammogram image of the central abdomen showing signs of atrophy.,images/mammogram_abdomen_atrophy_1357.jpg
Angiogram image of the anterior eye showing signs of scar tissue.,images/angiogram_eye_scar tissue_1358.jpg
Ultrasound image of the upper pancreas showing signs of abnormal growth.,images/ultrasound_pancreas_abnormal growth_1359.jpg
Ultrasound image of the lower brain showing signs of lesion.,images/ultrasound_brain_lesion_1360.jpg
Angiogram image of the upper knee showing signs of atrophy.,images/angiogram_knee_atrophy_1361.jpg
Angiogram image of the upper brain showing signs of lesion.,images/angiogram_brain_lesion_1362.jpg
CT scan image of the upper liver showing signs of fluid accumulation.,images/ct_scan_liver_fluid accumulation_1363.jpg
Endoscopy image of the central bladder showing signs of cyst.,images/endoscopy_bladder_cyst_1364.jpg
MRI image of the anterior thyroid showing signs of fracture.,images/mri_thyroid_fracture_1365.jpg
Endoscopy image of the posterior abdomen showing signs of lesion.,images/endoscopy_abdomen_lesion_1366.jpg
Angiogram image of the upper eye showing signs of lesion.,images/angiogram_eye_lesion_1367.jpg
PET scan image of the no specific eye showing signs of tumor.,images/pet_scan_eye_tumor_1368.jpg
Mammogram image of the anterior thyroid showing signs of blockage.,images/mammogram_thyroid_blockage_1369.jpg
Angiogram image of the upper brain showing signs of fluid accumulation.,images/angiogram_brain_fluid accumulation_1370.jpg
X-ray image of the right heart showing signs of fracture.,images/x-ray_heart_fracture_1371.jpg
Mammogram image of the posterior lung showing signs of cyst.,images/mammogram_lung_cyst_1372.jpg
Angiogram image of the anterior breast showing signs of abnormal growth.,images/angiogram_breast_abnormal growth_1373.jpg
Mammogram image of the central heart showing signs of scar tissue.,images/mammogram_heart_scar tissue_1374.jpg
Angiogram image of the posterior thyroid showing signs of degeneration.,images/angiogram_thyroid_degeneration_1375.jpg
Endoscopy image of the right knee showing signs of hernia.,images/endoscopy_knee_hernia_1376.jpg
Ultrasound image of the central bladder showing signs of fracture.,images/ultrasound_bladder_fracture_1377.jpg
Angiogram image of the no specific lung showing signs of inflammation.,images/angiogram_lung_inflammation_1378.jpg
PET scan image of the left thyroid showing signs of mass.,images/pet_scan_thyroid_mass_1379.jpg
Angiogram image of the lower breast showing signs of scar tissue.,images/angiogram_breast_scar tissue_1380.jpg
Mammogram image of the anterior heart showing signs of mass.,images/mammogram_heart_mass_1381.jpg
PET scan image of the left pancreas showing signs of swelling.,images/pet_scan_pancreas_swelling_1382.jpg
Endoscopy image of the bilateral pancreas showing signs of inflammation.,images/endoscopy_pancreas_inflammation_1383.jpg
X-ray image of the left pancreas showing signs of calcification.,images/x-ray_pancreas_calcification_1384.jpg
Angiogram image of the upper abdomen showing signs of fracture.,images/angiogram_abdomen_fracture_1385.jpg
Ultrasound image of the bilateral breast showing signs of cyst.,images/ultrasound_breast_cyst_1386.jpg
Endoscopy image of the anterior knee showing signs of degeneration.,images/endoscopy_knee_degeneration_1387.jpg
Mammogram image of the bilateral heart showing signs of hernia.,images/mammogram_heart_hernia_1388.jpg
MRI image of the right bladder showing signs of inflammation.,images/mri_bladder_inflammation_1389.jpg
Endoscopy image of the upper heart showing signs of calcification.,images/endoscopy_heart_calcification_1390.jpg
CT scan image of the right liver showing signs of scar tissue.,images/ct_scan_liver_scar tissue_1391.jpg
Endoscopy image of the central eye showing signs of swelling.,images/endoscopy_eye_swelling_1392.jpg
CT scan image of the left knee showing signs of fluid accumulation.,images/ct_scan_knee_fluid accumulation_1393.jpg
Endoscopy image of the left lung showing signs of degeneration.,images/endoscopy_lung_degeneration_1394.jpg
Ultrasound image of the bilateral abdomen showing signs of swelling.,images/ultrasound_abdomen_swelling_1395.jpg
MRI image of the right knee showing signs of atrophy.,images/mri_knee_atrophy_1396.jpg
PET scan image of the bilateral breast showing signs of abnormal growth.,images/pet_scan_breast_abnormal growth_1397.jpg
Mammogram image of the posterior bladder showing signs of abnormal growth.,images/mammogram_bladder_abnormal growth_1398.jpg
MRI image of the anterior liver showing signs of infection.,images/mri_liver_infection_1399.jpg
MRI image of the lower lung showing signs of blockage.,images/mri_lung_blockage_1400.jpg
PET scan image of the anterior eye showing signs of cyst.,images/pet_scan_eye_cyst_1401.jpg
PET scan image of the right knee showing signs of swelling.,images/pet_scan_knee_swelling_1402.jpg
PET scan image of the no specific knee showing signs of tumor.,images/pet_scan_knee_tumor_1403.jpg
MRI image of the posterior brain showing signs of calcification.,images/mri_brain_calcification_1404.jpg
CT scan image of the right spine showing signs of fluid accumulation.,images/ct_scan_spine_fluid accumulation_1405.jpg
Endoscopy image of the right heart showing signs of fluid accumulation.,images/endoscopy_heart_fluid accumulation_1406.jpg
Mammogram image of the right spine showing signs of blockage.,images/mammogram_spine_blockage_1407.jpg
Mammogram image of the upper heart showing signs of tumor.,images/mammogram_heart_tumor_1408.jpg
X-ray image of the lower thyroid showing signs of scar tissue.,images/x-ray_thyroid_scar tissue_1409.jpg
Ultrasound image of the right liver showing signs of degeneration.,images/ultrasound_liver_degeneration_1410.jpg
Endoscopy image of the bilateral eye showing signs of infection.,images/endoscopy_eye_infection_1411.jpg
MRI image of the posterior knee showing signs of scar tissue.,images/mri_knee_scar tissue_1412.jpg
PET scan image of the no specific heart showing signs of atrophy.,images/pet_scan_heart_atrophy_1413.jpg
Mammogram image of the upper pancreas showing signs of calcification.,images/mammogram_pancreas_calcification_1414.jpg
Angiogram image of the left lung showing signs of scar tissue.,images/angiogram_lung_scar tissue_1415.jpg
X-ray image of the lower bladder showing signs of degeneration.,images/x-ray_bladder_degeneration_1416.jpg
Ultrasound image of the posterior spine showing signs of swelling.,images/ultrasound_spine_swelling_1417.jpg
Ultrasound image of the posterior brain showing signs of abnormal growth.,images/ultrasound_brain_abnormal growth_1418.jpg
CT scan image of the anterior heart showing signs of hernia.,images/ct_scan_heart_hernia_1419.jpg
PET scan image of the lower breast showing signs of calcification.,images/pet_scan_breast_calcification_1420.jpg
X-ray image of the no specific knee showing signs of infection.,images/x-ray_knee_infection_1421.jpg
X-ray image of the left pancreas showing signs of tumor.,images/x-ray_pancreas_tumor_1422.jpg
CT scan image of the lower pancreas showing signs of mass.,images/ct_scan_pancreas_mass_1423.jpg
Ultrasound image of the left lung showing signs of abnormal growth.,images/ultrasound_lung_abnormal growth_1424.jpg
CT scan image of the anterior bladder showing signs of hernia.,images/ct_scan_bladder_hernia_1425.jpg
Ultrasound image of the lower spine showing signs of fluid accumulation.,images/ultrasound_spine_fluid accumulation_1426.jpg
PET scan image of the central lung showing signs of cyst.,images/pet_scan_lung_cyst_1427.jpg
CT scan image of the upper knee showing signs of calcification.,images/ct_scan_knee_calcification_1428.jpg
CT scan image of the anterior pancreas showing signs of swelling.,images/ct_scan_pancreas_swelling_1429.jpg
CT scan image of the no specific lung showing signs of blockage.,images/ct_scan_lung_blockage_1430.jpg
MRI image of the no specific breast showing signs of abnormal growth.,images/mri_breast_abnormal growth_1431.jpg
Angiogram image of the upper breast showing signs of abnormal growth.,images/angiogram_breast_abnormal growth_1432.jpg
CT scan image of the anterior heart showing signs of degeneration.,images/ct_scan_heart_degeneration_1433.jpg
X-ray image of the lower pancreas showing signs of fracture.,images/x-ray_pancreas_fracture_1434.jpg
Ultrasound image of the posterior knee showing signs of degeneration.,images/ultrasound_knee_degeneration_1435.jpg
MRI image of the lower pancreas showing signs of lesion.,images/mri_pancreas_lesion_1436.jpg
PET scan image of the posterior thyroid showing signs of fluid accumulation.,images/pet_scan_thyroid_fluid accumulation_1437.jpg
X-ray image of the upper brain showing signs of lesion.,images/x-ray_brain_lesion_1438.jpg
Mammogram image of the posterior abdomen showing signs of swelling.,images/mammogram_abdomen_swelling_1439.jpg
X-ray image of the central eye showing signs of cyst.,images/x-ray_eye_cyst_1440.jpg
Angiogram image of the central spine showing signs of tumor.,images/angiogram_spine_tumor_1441.jpg
X-ray image of the posterior bladder showing signs of scar tissue.,images/x-ray_bladder_scar tissue_1442.jpg
Ultrasound image of the posterior eye showing signs of abnormal growth.,images/ultrasound_eye_abnormal growth_1443.jpg
Endoscopy image of the lower knee showing signs of hernia.,images/endoscopy_knee_hernia_1444.jpg
Angiogram image of the bilateral heart showing signs of lesion.,images/angiogram_heart_lesion_1445.jpg
MRI image of the lower brain showing signs of calcification.,images/mri_brain_calcification_1446.jpg
X-ray image of the bilateral heart showing signs of fracture.,images/x-ray_heart_fracture_1447.jpg
Mammogram image of the upper eye showing signs of inflammation.,images/mammogram_eye_inflammation_1448.jpg
Angiogram image of the lower knee showing signs of hernia.,images/angiogram_knee_hernia_1449.jpg
X-ray image of the left lung showing signs of inflammation.,images/x-ray_lung_inflammation_1450.jpg
MRI image of the lower pancreas showing signs of degeneration.,images/mri_pancreas_degeneration_1451.jpg
Ultrasound image of the upper abdomen showing signs of cyst.,images/ultrasound_abdomen_cyst_1452.jpg
PET scan image of the left spine showing signs of mass.,images/pet_scan_spine_mass_1453.jpg
Mammogram image of the right abdomen showing signs of fluid accumulation.,images/mammogram_abdomen_fluid accumulation_1454.jpg
PET scan image of the anterior brain showing signs of blockage.,images/pet_scan_brain_blockage_1455.jpg
Angiogram image of the posterior knee showing signs of tumor.,images/angiogram_knee_tumor_1456.jpg
Mammogram image of the bilateral knee showing signs of infection.,images/mammogram_knee_infection_1457.jpg
Ultrasound image of the posterior knee showing signs of cyst.,images/ultrasound_knee_cyst_1458.jpg
CT scan image of the anterior bladder showing signs of infection.,images/ct_scan_bladder_infection_1459.jpg
MRI image of the right liver showing signs of fluid accumulation.,images/mri_liver_fluid accumulation_1460.jpg
CT scan image of the central lung showing signs of cyst.,images/ct_scan_lung_cyst_1461.jpg
Endoscopy image of the lower abdomen showing signs of fluid accumulation.,images/endoscopy_abdomen_fluid accumulation_1462.jpg
MRI image of the upper brain showing signs of abnormal growth.,images/mri_brain_abnormal growth_1463.jpg
MRI image of the no specific knee showing signs of calcification.,images/mri_knee_calcification_1464.jpg
CT scan image of the posterior bladder showing signs of atrophy.,images/ct_scan_bladder_atrophy_1465.jpg
X-ray image of the central spine showing signs of hernia.,images/x-ray_spine_hernia_1466.jpg
Ultrasound image of the anterior spine showing signs of degeneration.,images/ultrasound_spine_degeneration_1467.jpg
Endoscopy image of the anterior lung showing signs of tumor.,images/endoscopy_lung_tumor_1468.jpg
Ultrasound image of the upper spine showing signs of inflammation.,images/ultrasound_spine_inflammation_1469.jpg
Mammogram image of the anterior liver showing signs of abnormal growth.,images/mammogram_liver_abnormal growth_1470.jpg
Angiogram image of the no specific pancreas showing signs of infection.,images/angiogram_pancreas_infection_1471.jpg
Endoscopy image of the upper heart showing signs of fluid accumulation.,images/endoscopy_heart_fluid accumulation_1472.jpg
Endoscopy image of the bilateral heart showing signs of hernia.,images/endoscopy_heart_hernia_1473.jpg
X-ray image of the no specific breast showing signs of mass.,images/x-ray_breast_mass_1474.jpg
CT scan image of the lower eye showing signs of infection.,images/ct_scan_eye_infection_1475.jpg
X-ray image of the anterior bladder showing signs of atrophy.,images/x-ray_bladder_atrophy_1476.jpg
X-ray image of the upper pancreas showing signs of degeneration.,images/x-ray_pancreas_degeneration_1477.jpg
Angiogram image of the anterior abdomen showing signs of mass.,images/angiogram_abdomen_mass_1478.jpg
X-ray image of the left eye showing signs of mass.,images/x-ray_eye_mass_1479.jpg
X-ray image of the central heart showing signs of atrophy.,images/x-ray_heart_atrophy_1480.jpg
PET scan image of the no specific brain showing signs of infection.,images/pet_scan_brain_infection_1481.jpg
X-ray image of the bilateral spine showing signs of calcification.,images/x-ray_spine_calcification_1482.jpg
Endoscopy image of the anterior bladder showing signs of atrophy.,images/endoscopy_bladder_atrophy_1483.jpg
PET scan image of the central thyroid showing signs of lesion.,images/pet_scan_thyroid_lesion_1484.jpg
PET scan image of the posterior abdomen showing signs of inflammation.,images/pet_scan_abdomen_inflammation_1485.jpg
CT scan image of the left eye showing signs of abnormal growth.,images/ct_scan_eye_abnormal growth_1486.jpg
PET scan image of the no specific abdomen showing signs of lesion.,images/pet_scan_abdomen_lesion_1487.jpg
Ultrasound image of the central knee showing signs of abnormal growth.,images/ultrasound_knee_abnormal growth_1488.jpg
PET scan image of the anterior brain showing signs of inflammation.,images/pet_scan_brain_inflammation_1489.jpg
PET scan image of the left spine showing signs of fracture.,images/pet_scan_spine_fracture_1490.jpg
Angiogram image of the lower bladder showing signs of fluid accumulation.,images/angiogram_bladder_fluid accumulation_1491.jpg
Endoscopy image of the anterior spine showing signs of atrophy.,images/endoscopy_spine_atrophy_1492.jpg
MRI image of the anterior breast showing signs of swelling.,images/mri_breast_swelling_1493.jpg
CT scan image of the central breast showing signs of cyst.,images/ct_scan_breast_cyst_1494.jpg
MRI image of the no specific pancreas showing signs of lesion.,images/mri_pancreas_lesion_1495.jpg
X-ray image of the no specific eye showing signs of scar tissue.,images/x-ray_eye_scar tissue_1496.jpg
CT scan image of the central bladder showing signs of tumor.,images/ct_scan_bladder_tumor_1497.jpg
Mammogram image of the central knee showing signs of blockage.,images/mammogram_knee_blockage_1498.jpg
CT scan image of the anterior breast showing signs of tumor.,images/ct_scan_breast_tumor_1499.jpg
X-ray image of the upper thyroid showing signs of infection.,images/x-ray_thyroid_infection_1500.jpg
Angiogram image of the posterior eye showing signs of calcification.,images/angiogram_eye_calcification_1501.jpg
MRI image of the upper pancreas showing signs of mass.,images/mri_pancreas_mass_1502.jpg
Endoscopy image of the posterior heart showing signs of lesion.,images/endoscopy_heart_lesion_1503.jpg
PET scan image of the central lung showing signs of tumor.,images/pet_scan_lung_tumor_1504.jpg
PET scan image of the anterior liver showing signs of hernia.,images/pet_scan_liver_hernia_1505.jpg
X-ray image of the bilateral thyroid showing signs of calcification.,images/x-ray_thyroid_calcification_1506.jpg
Angiogram image of the central abdomen showing signs of swelling.,images/angiogram_abdomen_swelling_1507.jpg
CT scan image of the no specific brain showing signs of infection.,images/ct_scan_brain_infection_1508.jpg
X-ray image of the no specific liver showing signs of hernia.,images/x-ray_liver_hernia_1509.jpg
Ultrasound image of the left breast showing signs of lesion.,images/ultrasound_breast_lesion_1510.jpg
PET scan image of the posterior breast showing signs of scar tissue.,images/pet_scan_breast_scar tissue_1511.jpg
Angiogram image of the upper knee showing signs of lesion.,images/angiogram_knee_lesion_1512.jpg
Mammogram image of the anterior bladder showing signs of mass.,images/mammogram_bladder_mass_1513.jpg
Angiogram image of the bilateral liver showing signs of scar tissue.,images/angiogram_liver_scar tissue_1514.jpg
Ultrasound image of the lower pancreas showing signs of swelling.,images/ultrasound_pancreas_swelling_1515.jpg
Ultrasound image of the lower bladder showing signs of inflammation.,images/ultrasound_bladder_inflammation_1516.jpg
PET scan image of the no specific thyroid showing signs of calcification.,images/pet_scan_thyroid_calcification_1517.jpg
PET scan image of the bilateral bladder showing signs of degeneration.,images/pet_scan_bladder_degeneration_1518.jpg
Ultrasound image of the central abdomen showing signs of fluid accumulation.,images/ultrasound_abdomen_fluid accumulation_1519.jpg
MRI image of the anterior thyroid showing signs of lesion.,images/mri_thyroid_lesion_1520.jpg
Ultrasound image of the anterior eye showing signs of lesion.,images/ultrasound_eye_lesion_1521.jpg
Mammogram image of the upper abdomen showing signs of fluid accumulation.,images/mammogram_abdomen_fluid accumulation_1522.jpg
MRI image of the posterior knee showing signs of lesion.,images/mri_knee_lesion_1523.jpg
MRI image of the upper thyroid showing signs of scar tissue.,images/mri_thyroid_scar tissue_1524.jpg
CT scan image of the right spine showing signs of calcification.,images/ct_scan_spine_calcification_1525.jpg
PET scan image of the upper breast showing signs of hernia.,images/pet_scan_breast_hernia_1526.jpg
MRI image of the bilateral pancreas showing signs of degeneration.,images/mri_pancreas_degeneration_1527.jpg
CT scan image of the lower breast showing signs of fracture.,images/ct_scan_breast_fracture_1528.jpg
Mammogram image of the no specific thyroid showing signs of degeneration.,images/mammogram_thyroid_degeneration_1529.jpg
X-ray image of the posterior abdomen showing signs of degeneration.,images/x-ray_abdomen_degeneration_1530.jpg
Angiogram image of the posterior bladder showing signs of degeneration.,images/angiogram_bladder_degeneration_1531.jpg
Mammogram image of the lower spine showing signs of fracture.,images/mammogram_spine_fracture_1532.jpg
Angiogram image of the lower liver showing signs of scar tissue.,images/angiogram_liver_scar tissue_1533.jpg
Ultrasound image of the no specific eye showing signs of swelling.,images/ultrasound_eye_swelling_1534.jpg
X-ray image of the right bladder showing signs of mass.,images/x-ray_bladder_mass_1535.jpg
PET scan image of the lower bladder showing signs of degeneration.,images/pet_scan_bladder_degeneration_1536.jpg
PET scan image of the upper lung showing signs of hernia.,images/pet_scan_lung_hernia_1537.jpg
Ultrasound image of the central abdomen showing signs of cyst.,images/ultrasound_abdomen_cyst_1538.jpg
Endoscopy image of the upper heart showing signs of cyst.,images/endoscopy_heart_cyst_1539.jpg
Mammogram image of the lower brain showing signs of hernia.,images/mammogram_brain_hernia_1540.jpg
Angiogram image of the bilateral lung showing signs of tumor.,images/angiogram_lung_tumor_1541.jpg
X-ray image of the central knee showing signs of abnormal growth.,images/x-ray_knee_abnormal growth_1542.jpg
Ultrasound image of the anterior heart showing signs of atrophy.,images/ultrasound_heart_atrophy_1543.jpg
PET scan image of the right brain showing signs of cyst.,images/pet_scan_brain_cyst_1544.jpg
MRI image of the right thyroid showing signs of infection.,images/mri_thyroid_infection_1545.jpg
Angiogram image of the posterior liver showing signs of fracture.,images/angiogram_liver_fracture_1546.jpg
PET scan image of the left liver showing signs of degeneration.,images/pet_scan_liver_degeneration_1547.jpg
Ultrasound image of the bilateral thyroid showing signs of inflammation.,images/ultrasound_thyroid_inflammation_1548.jpg
CT scan image of the bilateral abdomen showing signs of fracture.,images/ct_scan_abdomen_fracture_1549.jpg
Endoscopy image of the left breast showing signs of cyst.,images/endoscopy_breast_cyst_1550.jpg
Endoscopy image of the bilateral lung showing signs of lesion.,images/endoscopy_lung_lesion_1551.jpg
Ultrasound image of the lower lung showing signs of infection.,images/ultrasound_lung_infection_1552.jpg
MRI image of the bilateral abdomen showing signs of fluid accumulation.,images/mri_abdomen_fluid accumulation_1553.jpg
Angiogram image of the posterior liver showing signs of degeneration.,images/angiogram_liver_degeneration_1554.jpg
CT scan image of the lower pancreas showing signs of swelling.,images/ct_scan_pancreas_swelling_1555.jpg
Ultrasound image of the left lung showing signs of inflammation.,images/ultrasound_lung_inflammation_1556.jpg
CT scan image of the bilateral lung showing signs of inflammation.,images/ct_scan_lung_inflammation_1557.jpg
X-ray image of the left knee showing signs of hernia.,images/x-ray_knee_hernia_1558.jpg
CT scan image of the upper knee showing signs of scar tissue.,images/ct_scan_knee_scar tissue_1559.jpg
X-ray image of the right bladder showing signs of hernia.,images/x-ray_bladder_hernia_1560.jpg
Ultrasound image of the lower eye showing signs of abnormal growth.,images/ultrasound_eye_abnormal growth_1561.jpg
Mammogram image of the no specific abdomen showing signs of inflammation.,images/mammogram_abdomen_inflammation_1562.jpg
CT scan image of the posterior breast showing signs of inflammation.,images/ct_scan_breast_inflammation_1563.jpg
Angiogram image of the anterior breast showing signs of mass.,images/angiogram_breast_mass_1564.jpg
Mammogram image of the anterior abdomen showing signs of swelling.,images/mammogram_abdomen_swelling_1565.jpg
PET scan image of the left eye showing signs of hernia.,images/pet_scan_eye_hernia_1566.jpg
MRI image of the central breast showing signs of tumor.,images/mri_breast_tumor_1567.jpg
Ultrasound image of the left brain showing signs of hernia.,images/ultrasound_brain_hernia_1568.jpg
X-ray image of the left pancreas showing signs of fracture.,images/x-ray_pancreas_fracture_1569.jpg
Endoscopy image of the right breast showing signs of inflammation.,images/endoscopy_breast_inflammation_1570.jpg
CT scan image of the bilateral eye showing signs of cyst.,images/ct_scan_eye_cyst_1571.jpg
Mammogram image of the posterior bladder showing signs of mass.,images/mammogram_bladder_mass_1572.jpg
CT scan image of the no specific spine showing signs of fluid accumulation.,images/ct_scan_spine_fluid accumulation_1573.jpg
Ultrasound image of the central spine showing signs of infection.,images/ultrasound_spine_infection_1574.jpg
CT scan image of the central bladder showing signs of fluid accumulation.,images/ct_scan_bladder_fluid accumulation_1575.jpg
Angiogram image of the left knee showing signs of fluid accumulation.,images/angiogram_knee_fluid accumulation_1576.jpg
MRI image of the right breast showing signs of tumor.,images/mri_breast_tumor_1577.jpg
MRI image of the posterior eye showing signs of swelling.,images/mri_eye_swelling_1578.jpg
MRI image of the right thyroid showing signs of fluid accumulation.,images/mri_thyroid_fluid accumulation_1579.jpg
PET scan image of the bilateral heart showing signs of fracture.,images/pet_scan_heart_fracture_1580.jpg
Mammogram image of the central abdomen showing signs of scar tissue.,images/mammogram_abdomen_scar tissue_1581.jpg
CT scan image of the central brain showing signs of inflammation.,images/ct_scan_brain_inflammation_1582.jpg
Endoscopy image of the bilateral liver showing signs of abnormal growth.,images/endoscopy_liver_abnormal growth_1583.jpg
CT scan image of the anterior brain showing signs of abnormal growth.,images/ct_scan_brain_abnormal growth_1584.jpg
MRI image of the no specific brain showing signs of tumor.,images/mri_brain_tumor_1585.jpg
X-ray image of the upper breast showing signs of atrophy.,images/x-ray_breast_atrophy_1586.jpg
CT scan image of the upper spine showing signs of atrophy.,images/ct_scan_spine_atrophy_1587.jpg
Angiogram image of the anterior lung showing signs of cyst.,images/angiogram_lung_cyst_1588.jpg
MRI image of the anterior knee showing signs of scar tissue.,images/mri_knee_scar tissue_1589.jpg
Endoscopy image of the left eye showing signs of lesion.,images/endoscopy_eye_lesion_1590.jpg
MRI image of the bilateral eye showing signs of fracture.,images/mri_eye_fracture_1591.jpg
MRI image of the left knee showing signs of blockage.,images/mri_knee_blockage_1592.jpg
Endoscopy image of the right brain showing signs of inflammation.,images/endoscopy_brain_inflammation_1593.jpg
PET scan image of the right eye showing signs of fluid accumulation.,images/pet_scan_eye_fluid accumulation_1594.jpg
Mammogram image of the upper thyroid showing signs of swelling.,images/mammogram_thyroid_swelling_1595.jpg
Endoscopy image of the no specific liver showing signs of abnormal growth.,images/endoscopy_liver_abnormal growth_1596.jpg
Endoscopy image of the lower brain showing signs of swelling.,images/endoscopy_brain_swelling_1597.jpg
Mammogram image of the left breast showing signs of swelling.,images/mammogram_breast_swelling_1598.jpg
Mammogram image of the upper thyroid showing signs of inflammation.,images/mammogram_thyroid_inflammation_1599.jpg
PET scan image of the upper eye showing signs of hernia.,images/pet_scan_eye_hernia_1600.jpg
Angiogram image of the bilateral liver showing signs of degeneration.,images/angiogram_liver_degeneration_1601.jpg
Endoscopy image of the upper pancreas showing signs of degeneration.,images/endoscopy_pancreas_degeneration_1602.jpg
Angiogram image of the no specific breast showing signs of mass.,images/angiogram_breast_mass_1603.jpg
MRI image of the bilateral heart showing signs of atrophy.,images/mri_heart_atrophy_1604.jpg
X-ray image of the upper bladder showing signs of atrophy.,images/x-ray_bladder_atrophy_1605.jpg
PET scan image of the lower breast showing signs of swelling.,images/pet_scan_breast_swelling_1606.jpg
CT scan image of the posterior lung showing signs of blockage.,images/ct_scan_lung_blockage_1607.jpg
X-ray image of the bilateral liver showing signs of infection.,images/x-ray_liver_infection_1608.jpg
PET scan image of the bilateral brain showing signs of tumor.,images/pet_scan_brain_tumor_1609.jpg
Ultrasound image of the right pancreas showing signs of lesion.,images/ultrasound_pancreas_lesion_1610.jpg
X-ray image of the central bladder showing signs of atrophy.,images/x-ray_bladder_atrophy_1611.jpg
CT scan image of the lower heart showing signs of blockage.,images/ct_scan_heart_blockage_1612.jpg
Ultrasound image of the no specific eye showing signs of scar tissue.,images/ultrasound_eye_scar tissue_1613.jpg
MRI image of the right bladder showing signs of atrophy.,images/mri_bladder_atrophy_1614.jpg
CT scan image of the lower spine showing signs of calcification.,images/ct_scan_spine_calcification_1615.jpg
Endoscopy image of the lower abdomen showing signs of degeneration.,images/endoscopy_abdomen_degeneration_1616.jpg
MRI image of the lower brain showing signs of blockage.,images/mri_brain_blockage_1617.jpg
CT scan image of the left thyroid showing signs of tumor.,images/ct_scan_thyroid_tumor_1618.jpg
Endoscopy image of the left eye showing signs of cyst.,images/endoscopy_eye_cyst_1619.jpg
MRI image of the posterior spine showing signs of lesion.,images/mri_spine_lesion_1620.jpg
Angiogram image of the upper bladder showing signs of scar tissue.,images/angiogram_bladder_scar tissue_1621.jpg
MRI image of the anterior bladder showing signs of calcification.,images/mri_bladder_calcification_1622.jpg
Endoscopy image of the central brain showing signs of swelling.,images/endoscopy_brain_swelling_1623.jpg
X-ray image of the bilateral heart showing signs of swelling.,images/x-ray_heart_swelling_1624.jpg
X-ray image of the central brain showing signs of calcification.,images/x-ray_brain_calcification_1625.jpg
Angiogram image of the bilateral pancreas showing signs of mass.,images/angiogram_pancreas_mass_1626.jpg
Mammogram image of the left brain showing signs of scar tissue.,images/mammogram_brain_scar tissue_1627.jpg
PET scan image of the lower thyroid showing signs of fracture.,images/pet_scan_thyroid_fracture_1628.jpg
Endoscopy image of the bilateral lung showing signs of degeneration.,images/endoscopy_lung_degeneration_1629.jpg
X-ray image of the posterior eye showing signs of tumor.,images/x-ray_eye_tumor_1630.jpg
MRI image of the central breast showing signs of hernia.,images/mri_breast_hernia_1631.jpg
PET scan image of the upper pancreas showing signs of scar tissue.,images/pet_scan_pancreas_scar tissue_1632.jpg
CT scan image of the left bladder showing signs of mass.,images/ct_scan_bladder_mass_1633.jpg
CT scan image of the anterior liver showing signs of cyst.,images/ct_scan_liver_cyst_1634.jpg
MRI image of the right knee showing signs of hernia.,images/mri_knee_hernia_1635.jpg
Ultrasound image of the upper pancreas showing signs of degeneration.,images/ultrasound_pancreas_degeneration_1636.jpg
Ultrasound image of the posterior abdomen showing signs of cyst.,images/ultrasound_abdomen_cyst_1637.jpg
Angiogram image of the anterior brain showing signs of mass.,images/angiogram_brain_mass_1638.jpg
CT scan image of the left heart showing signs of mass.,images/ct_scan_heart_mass_1639.jpg
PET scan image of the central heart showing signs of swelling.,images/pet_scan_heart_swelling_1640.jpg
CT scan image of the right brain showing signs of swelling.,images/ct_scan_brain_swelling_1641.jpg
Angiogram image of the upper pancreas showing signs of abnormal growth.,images/angiogram_pancreas_abnormal growth_1642.jpg
Angiogram image of the posterior knee showing signs of cyst.,images/angiogram_knee_cyst_1643.jpg
CT scan image of the left abdomen showing signs of fluid accumulation.,images/ct_scan_abdomen_fluid accumulation_1644.jpg
Endoscopy image of the anterior brain showing signs of inflammation.,images/endoscopy_brain_inflammation_1645.jpg
PET scan image of the anterior heart showing signs of fluid accumulation.,images/pet_scan_heart_fluid accumulation_1646.jpg
X-ray image of the right liver showing signs of tumor.,images/x-ray_liver_tumor_1647.jpg
Endoscopy image of the left bladder showing signs of abnormal growth.,images/endoscopy_bladder_abnormal growth_1648.jpg
Angiogram image of the anterior thyroid showing signs of tumor.,images/angiogram_thyroid_tumor_1649.jpg
Angiogram image of the posterior spine showing signs of inflammation.,images/angiogram_spine_inflammation_1650.jpg
Mammogram image of the right brain showing signs of tumor.,images/mammogram_brain_tumor_1651.jpg
PET scan image of the left heart showing signs of swelling.,images/pet_scan_heart_swelling_1652.jpg
Mammogram image of the upper brain showing signs of lesion.,images/mammogram_brain_lesion_1653.jpg
PET scan image of the right knee showing signs of mass.,images/pet_scan_knee_mass_1654.jpg
Mammogram image of the upper knee showing signs of atrophy.,images/mammogram_knee_atrophy_1655.jpg
Endoscopy image of the bilateral brain showing signs of abnormal growth.,images/endoscopy_brain_abnormal growth_1656.jpg
Angiogram image of the posterior breast showing signs of hernia.,images/angiogram_breast_hernia_1657.jpg
PET scan image of the central eye showing signs of swelling.,images/pet_scan_eye_swelling_1658.jpg
Ultrasound image of the left liver showing signs of hernia.,images/ultrasound_liver_hernia_1659.jpg
CT scan image of the anterior pancreas showing signs of fracture.,images/ct_scan_pancreas_fracture_1660.jpg
Mammogram image of the bilateral heart showing signs of inflammation.,images/mammogram_heart_inflammation_1661.jpg
CT scan image of the upper knee showing signs of swelling.,images/ct_scan_knee_swelling_1662.jpg
Mammogram image of the right heart showing signs of fluid accumulation.,images/mammogram_heart_fluid accumulation_1663.jpg
Ultrasound image of the no specific pancreas showing signs of scar tissue.,images/ultrasound_pancreas_scar tissue_1664.jpg
Angiogram image of the right pancreas showing signs of tumor.,images/angiogram_pancreas_tumor_1665.jpg
Ultrasound image of the bilateral bladder showing signs of lesion.,images/ultrasound_bladder_lesion_1666.jpg
Angiogram image of the no specific bladder showing signs of cyst.,images/angiogram_bladder_cyst_1667.jpg
Ultrasound image of the left pancreas showing signs of infection.,images/ultrasound_pancreas_infection_1668.jpg
Ultrasound image of the bilateral bladder showing signs of cyst.,images/ultrasound_bladder_cyst_1669.jpg
Ultrasound image of the upper brain showing signs of fracture.,images/ultrasound_brain_fracture_1670.jpg
PET scan image of the left lung showing signs of inflammation.,images/pet_scan_lung_inflammation_1671.jpg
PET scan image of the bilateral brain showing signs of fracture.,images/pet_scan_brain_fracture_1672.jpg
CT scan image of the lower eye showing signs of lesion.,images/ct_scan_eye_lesion_1673.jpg
PET scan image of the anterior liver showing signs of swelling.,images/pet_scan_liver_swelling_1674.jpg
MRI image of the central breast showing signs of infection.,images/mri_breast_infection_1675.jpg
X-ray image of the right pancreas showing signs of cyst.,images/x-ray_pancreas_cyst_1676.jpg
Mammogram image of the right pancreas showing signs of scar tissue.,images/mammogram_pancreas_scar tissue_1677.jpg
X-ray image of the posterior heart showing signs of blockage.,images/x-ray_heart_blockage_1678.jpg
Angiogram image of the lower abdomen showing signs of blockage.,images/angiogram_abdomen_blockage_1679.jpg
Angiogram image of the lower thyroid showing signs of abnormal growth.,images/angiogram_thyroid_abnormal growth_1680.jpg
Endoscopy image of the bilateral lung showing signs of mass.,images/endoscopy_lung_mass_1681.jpg
PET scan image of the lower lung showing signs of inflammation.,images/pet_scan_lung_inflammation_1682.jpg
X-ray image of the central bladder showing signs of tumor.,images/x-ray_bladder_tumor_1683.jpg
Mammogram image of the no specific pancreas showing signs of mass.,images/mammogram_pancreas_mass_1684.jpg
Mammogram image of the central brain showing signs of mass.,images/mammogram_brain_mass_1685.jpg
CT scan image of the anterior pancreas showing signs of infection.,images/ct_scan_pancreas_infection_1686.jpg
X-ray image of the posterior eye showing signs of abnormal growth.,images/x-ray_eye_abnormal growth_1687.jpg
Angiogram image of the no specific pancreas showing signs of fracture.,images/angiogram_pancreas_fracture_1688.jpg
Angiogram image of the left thyroid showing signs of cyst.,images/angiogram_thyroid_cyst_1689.jpg
MRI image of the central knee showing signs of abnormal growth.,images/mri_knee_abnormal growth_1690.jpg
Endoscopy image of the left brain showing signs of fracture.,images/endoscopy_brain_fracture_1691.jpg
Ultrasound image of the no specific breast showing signs of degeneration.,images/ultrasound_breast_degeneration_1692.jpg
PET scan image of the central bladder showing signs of infection.,images/pet_scan_bladder_infection_1693.jpg
Angiogram image of the lower spine showing signs of hernia.,images/angiogram_spine_hernia_1694.jpg
Ultrasound image of the no specific breast showing signs of blockage.,images/ultrasound_breast_blockage_1695.jpg
PET scan image of the upper knee showing signs of mass.,images/pet_scan_knee_mass_1696.jpg
Angiogram image of the bilateral abdomen showing signs of mass.,images/angiogram_abdomen_mass_1697.jpg
CT scan image of the posterior pancreas showing signs of mass.,images/ct_scan_pancreas_mass_1698.jpg
CT scan image of the right liver showing signs of swelling.,images/ct_scan_liver_swelling_1699.jpg
Ultrasound image of the posterior thyroid showing signs of blockage.,images/ultrasound_thyroid_blockage_1700.jpg
Mammogram image of the right heart showing signs of mass.,images/mammogram_heart_mass_1701.jpg
Endoscopy image of the left eye showing signs of scar tissue.,images/endoscopy_eye_scar tissue_1702.jpg
CT scan image of the right knee showing signs of calcification.,images/ct_scan_knee_calcification_1703.jpg
Endoscopy image of the right knee showing signs of calcification.,images/endoscopy_knee_calcification_1704.jpg
CT scan image of the right brain showing signs of blockage.,images/ct_scan_brain_blockage_1705.jpg
MRI image of the anterior pancreas showing signs of swelling.,images/mri_pancreas_swelling_1706.jpg
Angiogram image of the posterior thyroid showing signs of swelling.,images/angiogram_thyroid_swelling_1707.jpg
Endoscopy image of the left abdomen showing signs of hernia.,images/endoscopy_abdomen_hernia_1708.jpg
Ultrasound image of the central pancreas showing signs of fluid accumulation.,images/ultrasound_pancreas_fluid accumulation_1709.jpg
MRI image of the central brain showing signs of infection.,images/mri_brain_infection_1710.jpg
CT scan image of the no specific heart showing signs of calcification.,images/ct_scan_heart_calcification_1711.jpg
Endoscopy image of the right heart showing signs of swelling.,images/endoscopy_heart_swelling_1712.jpg
Angiogram image of the bilateral breast showing signs of mass.,images/angiogram_breast_mass_1713.jpg
Ultrasound image of the right pancreas showing signs of atrophy.,images/ultrasound_pancreas_atrophy_1714.jpg
MRI image of the bilateral breast showing signs of degeneration.,images/mri_breast_degeneration_1715.jpg
MRI image of the anterior heart showing signs of abnormal growth.,images/mri_heart_abnormal growth_1716.jpg
MRI image of the right pancreas showing signs of cyst.,images/mri_pancreas_cyst_1717.jpg
Ultrasound image of the lower spine showing signs of hernia.,images/ultrasound_spine_hernia_1718.jpg
MRI image of the no specific brain showing signs of lesion.,images/mri_brain_lesion_1719.jpg
Mammogram image of the posterior lung showing signs of scar tissue.,images/mammogram_lung_scar tissue_1720.jpg
Angiogram image of the right spine showing signs of atrophy.,images/angiogram_spine_atrophy_1721.jpg
CT scan image of the anterior heart showing signs of calcification.,images/ct_scan_heart_calcification_1722.jpg
CT scan image of the upper heart showing signs of lesion.,images/ct_scan_heart_lesion_1723.jpg
X-ray image of the right abdomen showing signs of mass.,images/x-ray_abdomen_mass_1724.jpg
Endoscopy image of the no specific lung showing signs of tumor.,images/endoscopy_lung_tumor_1725.jpg
Endoscopy image of the posterior breast showing signs of fracture.,images/endoscopy_breast_fracture_1726.jpg
Endoscopy image of the right liver showing signs of infection.,images/endoscopy_liver_infection_1727.jpg
MRI image of the left pancreas showing signs of lesion.,images/mri_pancreas_lesion_1728.jpg
CT scan image of the right knee showing signs of infection.,images/ct_scan_knee_infection_1729.jpg
Endoscopy image of the no specific liver showing signs of hernia.,images/endoscopy_liver_hernia_1730.jpg
X-ray image of the posterior breast showing signs of hernia.,images/x-ray_breast_hernia_1731.jpg
X-ray image of the bilateral abdomen showing signs of calcification.,images/x-ray_abdomen_calcification_1732.jpg
Ultrasound image of the posterior spine showing signs of swelling.,images/ultrasound_spine_swelling_1733.jpg
X-ray image of the central lung showing signs of hernia.,images/x-ray_lung_hernia_1734.jpg
Endoscopy image of the lower eye showing signs of tumor.,images/endoscopy_eye_tumor_1735.jpg
Endoscopy image of the bilateral breast showing signs of mass.,images/endoscopy_breast_mass_1736.jpg
CT scan image of the lower knee showing signs of abnormal growth.,images/ct_scan_knee_abnormal growth_1737.jpg
PET scan image of the posterior bladder showing signs of cyst.,images/pet_scan_bladder_cyst_1738.jpg
MRI image of the left spine showing signs of hernia.,images/mri_spine_hernia_1739.jpg
X-ray image of the lower breast showing signs of degeneration.,images/x-ray_breast_degeneration_1740.jpg
Endoscopy image of the right heart showing signs of cyst.,images/endoscopy_heart_cyst_1741.jpg
Mammogram image of the lower abdomen showing signs of abnormal growth.,images/mammogram_abdomen_abnormal growth_1742.jpg
CT scan image of the lower bladder showing signs of lesion.,images/ct_scan_bladder_lesion_1743.jpg
Mammogram image of the central brain showing signs of atrophy.,images/mammogram_brain_atrophy_1744.jpg
Angiogram image of the posterior eye showing signs of fluid accumulation.,images/angiogram_eye_fluid accumulation_1745.jpg
X-ray image of the left abdomen showing signs of lesion.,images/x-ray_abdomen_lesion_1746.jpg
MRI image of the left knee showing signs of inflammation.,images/mri_knee_inflammation_1747.jpg
Mammogram image of the left lung showing signs of infection.,images/mammogram_lung_infection_1748.jpg
Mammogram image of the right thyroid showing signs of abnormal growth.,images/mammogram_thyroid_abnormal growth_1749.jpg
CT scan image of the no specific liver showing signs of fracture.,images/ct_scan_liver_fracture_1750.jpg
PET scan image of the bilateral pancreas showing signs of tumor.,images/pet_scan_pancreas_tumor_1751.jpg
PET scan image of the left spine showing signs of inflammation.,images/pet_scan_spine_inflammation_1752.jpg
Ultrasound image of the posterior liver showing signs of fracture.,images/ultrasound_liver_fracture_1753.jpg
PET scan image of the bilateral heart showing signs of inflammation.,images/pet_scan_heart_inflammation_1754.jpg
CT scan image of the no specific knee showing signs of cyst.,images/ct_scan_knee_cyst_1755.jpg
Mammogram image of the central lung showing signs of tumor.,images/mammogram_lung_tumor_1756.jpg
X-ray image of the no specific abdomen showing signs of tumor.,images/x-ray_abdomen_tumor_1757.jpg
Ultrasound image of the posterior brain showing signs of inflammation.,images/ultrasound_brain_inflammation_1758.jpg
Mammogram image of the upper abdomen showing signs of lesion.,images/mammogram_abdomen_lesion_1759.jpg
Mammogram image of the upper breast showing signs of swelling.,images/mammogram_breast_swelling_1760.jpg
Mammogram image of the central eye showing signs of lesion.,images/mammogram_eye_lesion_1761.jpg
Mammogram image of the upper knee showing signs of abnormal growth.,images/mammogram_knee_abnormal growth_1762.jpg
MRI image of the right brain showing signs of fluid accumulation.,images/mri_brain_fluid accumulation_1763.jpg
PET scan image of the right brain showing signs of abnormal growth.,images/pet_scan_brain_abnormal growth_1764.jpg
Mammogram image of the bilateral pancreas showing signs of mass.,images/mammogram_pancreas_mass_1765.jpg
Endoscopy image of the posterior heart showing signs of fluid accumulation.,images/endoscopy_heart_fluid accumulation_1766.jpg
Endoscopy image of the upper liver showing signs of abnormal growth.,images/endoscopy_liver_abnormal growth_1767.jpg
Mammogram image of the left spine showing signs of lesion.,images/mammogram_spine_lesion_1768.jpg
CT scan image of the upper pancreas showing signs of atrophy.,images/ct_scan_pancreas_atrophy_1769.jpg
Angiogram image of the upper liver showing signs of swelling.,images/angiogram_liver_swelling_1770.jpg
PET scan image of the anterior eye showing signs of atrophy.,images/pet_scan_eye_atrophy_1771.jpg
CT scan image of the central breast showing signs of degeneration.,images/ct_scan_breast_degeneration_1772.jpg
Mammogram image of the right liver showing signs of atrophy.,images/mammogram_liver_atrophy_1773.jpg
Ultrasound image of the upper pancreas showing signs of cyst.,images/ultrasound_pancreas_cyst_1774.jpg
Angiogram image of the lower knee showing signs of swelling.,images/angiogram_knee_swelling_1775.jpg
MRI image of the anterior abdomen showing signs of hernia.,images/mri_abdomen_hernia_1776.jpg
Endoscopy image of the upper thyroid showing signs of degeneration.,images/endoscopy_thyroid_degeneration_1777.jpg
X-ray image of the posterior pancreas showing signs of infection.,images/x-ray_pancreas_infection_1778.jpg
Angiogram image of the right liver showing signs of swelling.,images/angiogram_liver_swelling_1779.jpg
Ultrasound image of the upper spine showing signs of swelling.,images/ultrasound_spine_swelling_1780.jpg
CT scan image of the anterior knee showing signs of infection.,images/ct_scan_knee_infection_1781.jpg
X-ray image of the lower thyroid showing signs of infection.,images/x-ray_thyroid_infection_1782.jpg
Angiogram image of the posterior breast showing signs of tumor.,images/angiogram_breast_tumor_1783.jpg
CT scan image of the left brain showing signs of blockage.,images/ct_scan_brain_blockage_1784.jpg
X-ray image of the left liver showing signs of swelling.,images/x-ray_liver_swelling_1785.jpg
Ultrasound image of the bilateral brain showing signs of fracture.,images/ultrasound_brain_fracture_1786.jpg
X-ray image of the no specific liver showing signs of fluid accumulation.,images/x-ray_liver_fluid accumulation_1787.jpg
Ultrasound image of the no specific pancreas showing signs of abnormal growth.,images/ultrasound_pancreas_abnormal growth_1788.jpg
Mammogram image of the no specific heart showing signs of fluid accumulation.,images/mammogram_heart_fluid accumulation_1789.jpg
MRI image of the left brain showing signs of hernia.,images/mri_brain_hernia_1790.jpg
MRI image of the bilateral spine showing signs of mass.,images/mri_spine_mass_1791.jpg
MRI image of the upper bladder showing signs of fracture.,images/mri_bladder_fracture_1792.jpg
CT scan image of the left eye showing signs of abnormal growth.,images/ct_scan_eye_abnormal growth_1793.jpg
Mammogram image of the right spine showing signs of abnormal growth.,images/mammogram_spine_abnormal growth_1794.jpg
Angiogram image of the posterior liver showing signs of cyst.,images/angiogram_liver_cyst_1795.jpg
PET scan image of the lower heart showing signs of swelling.,images/pet_scan_heart_swelling_1796.jpg
CT scan image of the upper heart showing signs of scar tissue.,images/ct_scan_heart_scar tissue_1797.jpg
Angiogram image of the posterior heart showing signs of degeneration.,images/angiogram_heart_degeneration_1798.jpg
X-ray image of the left thyroid showing signs of scar tissue.,images/x-ray_thyroid_scar tissue_1799.jpg
MRI image of the no specific thyroid showing signs of cyst.,images/mri_thyroid_cyst_1800.jpg
PET scan image of the bilateral heart showing signs of infection.,images/pet_scan_heart_infection_1801.jpg
Endoscopy image of the no specific bladder showing signs of abnormal growth.,images/endoscopy_bladder_abnormal growth_1802.jpg
MRI image of the right spine showing signs of lesion.,images/mri_spine_lesion_1803.jpg
CT scan image of the posterior eye showing signs of swelling.,images/ct_scan_eye_swelling_1804.jpg
Angiogram image of the anterior eye showing signs of fracture.,images/angiogram_eye_fracture_1805.jpg
CT scan image of the anterior pancreas showing signs of tumor.,images/ct_scan_pancreas_tumor_1806.jpg
Mammogram image of the central eye showing signs of scar tissue.,images/mammogram_eye_scar tissue_1807.jpg
CT scan image of the anterior brain showing signs of scar tissue.,images/ct_scan_brain_scar tissue_1808.jpg
MRI image of the central knee showing signs of abnormal growth.,images/mri_knee_abnormal growth_1809.jpg
Mammogram image of the upper spine showing signs of abnormal growth.,images/mammogram_spine_abnormal growth_1810.jpg
CT scan image of the anterior liver showing signs of swelling.,images/ct_scan_liver_swelling_1811.jpg
PET scan image of the no specific abdomen showing signs of calcification.,images/pet_scan_abdomen_calcification_1812.jpg
PET scan image of the bilateral brain showing signs of calcification.,images/pet_scan_brain_calcification_1813.jpg
MRI image of the anterior bladder showing signs of lesion.,images/mri_bladder_lesion_1814.jpg
Ultrasound image of the left brain showing signs of atrophy.,images/ultrasound_brain_atrophy_1815.jpg
Angiogram image of the posterior lung showing signs of hernia.,images/angiogram_lung_hernia_1816.jpg
Angiogram image of the central liver showing signs of lesion.,images/angiogram_liver_lesion_1817.jpg
Mammogram image of the posterior abdomen showing signs of cyst.,images/mammogram_abdomen_cyst_1818.jpg
Mammogram image of the no specific pancreas showing signs of inflammation.,images/mammogram_pancreas_inflammation_1819.jpg
PET scan image of the lower liver showing signs of hernia.,images/pet_scan_liver_hernia_1820.jpg
Mammogram image of the lower spine showing signs of cyst.,images/mammogram_spine_cyst_1821.jpg
Mammogram image of the bilateral bladder showing signs of fluid accumulation.,images/mammogram_bladder_fluid accumulation_1822.jpg
Mammogram image of the right pancreas showing signs of lesion.,images/mammogram_pancreas_lesion_1823.jpg
MRI image of the no specific thyroid showing signs of hernia.,images/mri_thyroid_hernia_1824.jpg
Endoscopy image of the no specific liver showing signs of scar tissue.,images/endoscopy_liver_scar tissue_1825.jpg
Mammogram image of the left liver showing signs of swelling.,images/mammogram_liver_swelling_1826.jpg
PET scan image of the right knee showing signs of inflammation.,images/pet_scan_knee_inflammation_1827.jpg
MRI image of the left breast showing signs of scar tissue.,images/mri_breast_scar tissue_1828.jpg
MRI image of the right brain showing signs of infection.,images/mri_brain_infection_1829.jpg
MRI image of the anterior pancreas showing signs of cyst.,images/mri_pancreas_cyst_1830.jpg
CT scan image of the posterior liver showing signs of calcification.,images/ct_scan_liver_calcification_1831.jpg
X-ray image of the left lung showing signs of degeneration.,images/x-ray_lung_degeneration_1832.jpg
X-ray image of the no specific breast showing signs of cyst.,images/x-ray_breast_cyst_1833.jpg
X-ray image of the lower brain showing signs of atrophy.,images/x-ray_brain_atrophy_1834.jpg
Endoscopy image of the posterior liver showing signs of abnormal growth.,images/endoscopy_liver_abnormal growth_1835.jpg
MRI image of the upper pancreas showing signs of fluid accumulation.,images/mri_pancreas_fluid accumulation_1836.jpg
PET scan image of the posterior brain showing signs of calcification.,images/pet_scan_brain_calcification_1837.jpg
Endoscopy image of the anterior heart showing signs of degeneration.,images/endoscopy_heart_degeneration_1838.jpg
Mammogram image of the left thyroid showing signs of mass.,images/mammogram_thyroid_mass_1839.jpg
CT scan image of the posterior eye showing signs of lesion.,images/ct_scan_eye_lesion_1840.jpg
MRI image of the bilateral pancreas showing signs of swelling.,images/mri_pancreas_swelling_1841.jpg
Mammogram image of the no specific knee showing signs of swelling.,images/mammogram_knee_swelling_1842.jpg
Endoscopy image of the upper heart showing signs of fluid accumulation.,images/endoscopy_heart_fluid accumulation_1843.jpg
X-ray image of the upper abdomen showing signs of mass.,images/x-ray_abdomen_mass_1844.jpg
Mammogram image of the anterior heart showing signs of fluid accumulation.,images/mammogram_heart_fluid accumulation_1845.jpg
MRI image of the upper pancreas showing signs of calcification.,images/mri_pancreas_calcification_1846.jpg
Ultrasound image of the upper spine showing signs of atrophy.,images/ultrasound_spine_atrophy_1847.jpg
Mammogram image of the posterior breast showing signs of lesion.,images/mammogram_breast_lesion_1848.jpg
Endoscopy image of the right brain showing signs of cyst.,images/endoscopy_brain_cyst_1849.jpg
CT scan image of the upper eye showing signs of hernia.,images/ct_scan_eye_hernia_1850.jpg
MRI image of the central thyroid showing signs of tumor.,images/mri_thyroid_tumor_1851.jpg
Mammogram image of the posterior liver showing signs of hernia.,images/mammogram_liver_hernia_1852.jpg
PET scan image of the no specific pancreas showing signs of inflammation.,images/pet_scan_pancreas_inflammation_1853.jpg
Mammogram image of the no specific thyroid showing signs of tumor.,images/mammogram_thyroid_tumor_1854.jpg
MRI image of the no specific thyroid showing signs of mass.,images/mri_thyroid_mass_1855.jpg
Angiogram image of the upper liver showing signs of inflammation.,images/angiogram_liver_inflammation_1856.jpg
CT scan image of the central lung showing signs of infection.,images/ct_scan_lung_infection_1857.jpg
Angiogram image of the upper heart showing signs of mass.,images/angiogram_heart_mass_1858.jpg
X-ray image of the right liver showing signs of cyst.,images/x-ray_liver_cyst_1859.jpg
MRI image of the central liver showing signs of cyst.,images/mri_liver_cyst_1860.jpg
Endoscopy image of the no specific breast showing signs of abnormal growth.,images/endoscopy_breast_abnormal growth_1861.jpg
MRI image of the central heart showing signs of cyst.,images/mri_heart_cyst_1862.jpg
Ultrasound image of the no specific heart showing signs of calcification.,images/ultrasound_heart_calcification_1863.jpg
X-ray image of the anterior spine showing signs of degeneration.,images/x-ray_spine_degeneration_1864.jpg
X-ray image of the right bladder showing signs of blockage.,images/x-ray_bladder_blockage_1865.jpg
X-ray image of the upper abdomen showing signs of lesion.,images/x-ray_abdomen_lesion_1866.jpg
Mammogram image of the anterior lung showing signs of cyst.,images/mammogram_lung_cyst_1867.jpg
Endoscopy image of the central spine showing signs of fluid accumulation.,images/endoscopy_spine_fluid accumulation_1868.jpg
Angiogram image of the bilateral thyroid showing signs of abnormal growth.,images/angiogram_thyroid_abnormal growth_1869.jpg
X-ray image of the posterior lung showing signs of tumor.,images/x-ray_lung_tumor_1870.jpg
Angiogram image of the no specific pancreas showing signs of swelling.,images/angiogram_pancreas_swelling_1871.jpg
PET scan image of the right heart showing signs of atrophy.,images/pet_scan_heart_atrophy_1872.jpg
Ultrasound image of the central heart showing signs of fluid accumulation.,images/ultrasound_heart_fluid accumulation_1873.jpg
Angiogram image of the bilateral abdomen showing signs of abnormal growth.,images/angiogram_abdomen_abnormal growth_1874.jpg
Ultrasound image of the bilateral pancreas showing signs of blockage.,images/ultrasound_pancreas_blockage_1875.jpg
X-ray image of the upper breast showing signs of lesion.,images/x-ray_breast_lesion_1876.jpg
PET scan image of the no specific knee showing signs of fluid accumulation.,images/pet_scan_knee_fluid accumulation_1877.jpg
Endoscopy image of the central liver showing signs of swelling.,images/endoscopy_liver_swelling_1878.jpg
X-ray image of the bilateral thyroid showing signs of inflammation.,images/x-ray_thyroid_inflammation_1879.jpg
CT scan image of the posterior abdomen showing signs of inflammation.,images/ct_scan_abdomen_inflammation_1880.jpg
Angiogram image of the posterior pancreas showing signs of scar tissue.,images/angiogram_pancreas_scar tissue_1881.jpg
Endoscopy image of the no specific eye showing signs of calcification.,images/endoscopy_eye_calcification_1882.jpg
PET scan image of the upper eye showing signs of infection.,images/pet_scan_eye_infection_1883.jpg
X-ray image of the no specific pancreas showing signs of lesion.,images/x-ray_pancreas_lesion_1884.jpg
Endoscopy image of the central knee showing signs of atrophy.,images/endoscopy_knee_atrophy_1885.jpg
Angiogram image of the left abdomen showing signs of infection.,images/angiogram_abdomen_infection_1886.jpg
X-ray image of the bilateral liver showing signs of swelling.,images/x-ray_liver_swelling_1887.jpg
Endoscopy image of the bilateral knee showing signs of degeneration.,images/endoscopy_knee_degeneration_1888.jpg
Mammogram image of the upper thyroid showing signs of calcification.,images/mammogram_thyroid_calcification_1889.jpg
X-ray image of the no specific eye showing signs of inflammation.,images/x-ray_eye_inflammation_1890.jpg
X-ray image of the central heart showing signs of tumor.,images/x-ray_heart_tumor_1891.jpg
MRI image of the left pancreas showing signs of blockage.,images/mri_pancreas_blockage_1892.jpg
Endoscopy image of the right brain showing signs of mass.,images/endoscopy_brain_mass_1893.jpg
MRI image of the posterior heart showing signs of swelling.,images/mri_heart_swelling_1894.jpg
PET scan image of the bilateral pancreas showing signs of calcification.,images/pet_scan_pancreas_calcification_1895.jpg
Mammogram image of the right eye showing signs of fracture.,images/mammogram_eye_fracture_1896.jpg
CT scan image of the posterior abdomen showing signs of fluid accumulation.,images/ct_scan_abdomen_fluid accumulation_1897.jpg
Angiogram image of the anterior abdomen showing signs of fracture.,images/angiogram_abdomen_fracture_1898.jpg
CT scan image of the central bladder showing signs of scar tissue.,images/ct_scan_bladder_scar tissue_1899.jpg
X-ray image of the lower heart showing signs of tumor.,images/x-ray_heart_tumor_1900.jpg
MRI image of the right bladder showing signs of lesion.,images/mri_bladder_lesion_1901.jpg
CT scan image of the right heart showing signs of calcification.,images/ct_scan_heart_calcification_1902.jpg
Mammogram image of the posterior thyroid showing signs of mass.,images/mammogram_thyroid_mass_1903.jpg
Ultrasound image of the lower liver showing signs of cyst.,images/ultrasound_liver_cyst_1904.jpg
Ultrasound image of the lower lung showing signs of abnormal growth.,images/ultrasound_lung_abnormal growth_1905.jpg
Endoscopy image of the bilateral knee showing signs of scar tissue.,images/endoscopy_knee_scar tissue_1906.jpg
X-ray image of the upper eye showing signs of blockage.,images/x-ray_eye_blockage_1907.jpg
CT scan image of the anterior lung showing signs of cyst.,images/ct_scan_lung_cyst_1908.jpg
Angiogram image of the posterior knee showing signs of inflammation.,images/angiogram_knee_inflammation_1909.jpg
Mammogram image of the upper breast showing signs of degeneration.,images/mammogram_breast_degeneration_1910.jpg
Ultrasound image of the left thyroid showing signs of degeneration.,images/ultrasound_thyroid_degeneration_1911.jpg
Endoscopy image of the posterior brain showing signs of infection.,images/endoscopy_brain_infection_1912.jpg
X-ray image of the anterior eye showing signs of mass.,images/x-ray_eye_mass_1913.jpg
X-ray image of the central pancreas showing signs of mass.,images/x-ray_pancreas_mass_1914.jpg
X-ray image of the left thyroid showing signs of blockage.,images/x-ray_thyroid_blockage_1915.jpg
Mammogram image of the no specific heart showing signs of atrophy.,images/mammogram_heart_atrophy_1916.jpg
MRI image of the lower liver showing signs of infection.,images/mri_liver_infection_1917.jpg
Endoscopy image of the right bladder showing signs of cyst.,images/endoscopy_bladder_cyst_1918.jpg
PET scan image of the bilateral abdomen showing signs of blockage.,images/pet_scan_abdomen_blockage_1919.jpg
CT scan image of the posterior abdomen showing signs of abnormal growth.,images/ct_scan_abdomen_abnormal growth_1920.jpg
X-ray image of the upper brain showing signs of fracture.,images/x-ray_brain_fracture_1921.jpg
Mammogram image of the upper bladder showing signs of swelling.,images/mammogram_bladder_swelling_1922.jpg
PET scan image of the anterior breast showing signs of scar tissue.,images/pet_scan_breast_scar tissue_1923.jpg
Mammogram image of the bilateral breast showing signs of atrophy.,images/mammogram_breast_atrophy_1924.jpg
CT scan image of the right thyroid showing signs of fluid accumulation.,images/ct_scan_thyroid_fluid accumulation_1925.jpg
MRI image of the lower liver showing signs of cyst.,images/mri_liver_cyst_1926.jpg
Ultrasound image of the left lung showing signs of fracture.,images/ultrasound_lung_fracture_1927.jpg
PET scan image of the no specific knee showing signs of hernia.,images/pet_scan_knee_hernia_1928.jpg
CT scan image of the upper eye showing signs of hernia.,images/ct_scan_eye_hernia_1929.jpg
Mammogram image of the upper lung showing signs of inflammation.,images/mammogram_lung_inflammation_1930.jpg
Mammogram image of the posterior heart showing signs of lesion.,images/mammogram_heart_lesion_1931.jpg
Angiogram image of the bilateral lung showing signs of degeneration.,images/angiogram_lung_degeneration_1932.jpg
X-ray image of the central breast showing signs of mass.,images/x-ray_breast_mass_1933.jpg
CT scan image of the posterior liver showing signs of inflammation.,images/ct_scan_liver_inflammation_1934.jpg
Mammogram image of the lower brain showing signs of atrophy.,images/mammogram_brain_atrophy_1935.jpg
Ultrasound image of the central heart showing signs of atrophy.,images/ultrasound_heart_atrophy_1936.jpg
PET scan image of the central thyroid showing signs of fracture.,images/pet_scan_thyroid_fracture_1937.jpg
X-ray image of the lower brain showing signs of swelling.,images/x-ray_brain_swelling_1938.jpg
X-ray image of the anterior brain showing signs of abnormal growth.,images/x-ray_brain_abnormal growth_1939.jpg
X-ray image of the left brain showing signs of atrophy.,images/x-ray_brain_atrophy_1940.jpg
Mammogram image of the upper heart showing signs of lesion.,images/mammogram_heart_lesion_1941.jpg
Ultrasound image of the bilateral heart showing signs of tumor.,images/ultrasound_heart_tumor_1942.jpg
Endoscopy image of the no specific abdomen showing signs of degeneration.,images/endoscopy_abdomen_degeneration_1943.jpg
Mammogram image of the no specific knee showing signs of calcification.,images/mammogram_knee_calcification_1944.jpg
Ultrasound image of the right spine showing signs of blockage.,images/ultrasound_spine_blockage_1945.jpg
X-ray image of the central eye showing signs of atrophy.,images/x-ray_eye_atrophy_1946.jpg
CT scan image of the anterior liver showing signs of degeneration.,images/ct_scan_liver_degeneration_1947.jpg
CT scan image of the central bladder showing signs of degeneration.,images/ct_scan_bladder_degeneration_1948.jpg
Mammogram image of the central knee showing signs of lesion.,images/mammogram_knee_lesion_1949.jpg
Mammogram image of the upper bladder showing signs of fracture.,images/mammogram_bladder_fracture_1950.jpg
Ultrasound image of the no specific abdomen showing signs of fluid accumulation.,images/ultrasound_abdomen_fluid accumulation_1951.jpg
Endoscopy image of the central bladder showing signs of atrophy.,images/endoscopy_bladder_atrophy_1952.jpg
MRI image of the bilateral liver showing signs of degeneration.,images/mri_liver_degeneration_1953.jpg
X-ray image of the lower lung showing signs of scar tissue.,images/x-ray_lung_scar tissue_1954.jpg
Angiogram image of the right liver showing signs of scar tissue.,images/angiogram_liver_scar tissue_1955.jpg
Angiogram image of the upper knee showing signs of cyst.,images/angiogram_knee_cyst_1956.jpg
Endoscopy image of the bilateral brain showing signs of hernia.,images/endoscopy_brain_hernia_1957.jpg
Endoscopy image of the upper bladder showing signs of abnormal growth.,images/endoscopy_bladder_abnormal growth_1958.jpg
Angiogram image of the right brain showing signs of abnormal growth.,images/angiogram_brain_abnormal growth_1959.jpg
Endoscopy image of the upper breast showing signs of fracture.,images/endoscopy_breast_fracture_1960.jpg
Angiogram image of the lower lung showing signs of inflammation.,images/angiogram_lung_inflammation_1961.jpg
Endoscopy image of the posterior abdomen showing signs of mass.,images/endoscopy_abdomen_mass_1962.jpg
X-ray image of the right abdomen showing signs of scar tissue.,images/x-ray_abdomen_scar tissue_1963.jpg
PET scan image of the anterior breast showing signs of blockage.,images/pet_scan_breast_blockage_1964.jpg
Endoscopy image of the right spine showing signs of infection.,images/endoscopy_spine_infection_1965.jpg
CT scan image of the no specific breast showing signs of inflammation.,images/ct_scan_breast_inflammation_1966.jpg
CT scan image of the anterior heart showing signs of blockage.,images/ct_scan_heart_blockage_1967.jpg
Endoscopy image of the central bladder showing signs of blockage.,images/endoscopy_bladder_blockage_1968.jpg
Mammogram image of the no specific abdomen showing signs of atrophy.,images/mammogram_abdomen_atrophy_1969.jpg
Angiogram image of the upper eye showing signs of blockage.,images/angiogram_eye_blockage_1970.jpg
X-ray image of the posterior brain showing signs of degeneration.,images/x-ray_brain_degeneration_1971.jpg
Angiogram image of the lower breast showing signs of degeneration.,images/angiogram_breast_degeneration_1972.jpg
PET scan image of the no specific spine showing signs of mass.,images/pet_scan_spine_mass_1973.jpg
CT scan image of the anterior heart showing signs of cyst.,images/ct_scan_heart_cyst_1974.jpg
X-ray image of the bilateral liver showing signs of swelling.,images/x-ray_liver_swelling_1975.jpg
Angiogram image of the bilateral knee showing signs of fracture.,images/angiogram_knee_fracture_1976.jpg
Ultrasound image of the no specific knee showing signs of fluid accumulation.,images/ultrasound_knee_fluid accumulation_1977.jpg
Endoscopy image of the no specific abdomen showing signs of infection.,images/endoscopy_abdomen_infection_1978.jpg
Ultrasound image of the left heart showing signs of cyst.,images/ultrasound_heart_cyst_1979.jpg
Mammogram image of the central heart showing signs of calcification.,images/mammogram_heart_calcification_1980.jpg
Endoscopy image of the anterior bladder showing signs of abnormal growth.,images/endoscopy_bladder_abnormal growth_1981.jpg
Angiogram image of the central knee showing signs of infection.,images/angiogram_knee_infection_1982.jpg
PET scan image of the no specific knee showing signs of blockage.,images/pet_scan_knee_blockage_1983.jpg
Endoscopy image of the bilateral abdomen showing signs of hernia.,images/endoscopy_abdomen_hernia_1984.jpg
CT scan image of the anterior abdomen showing signs of fracture.,images/ct_scan_abdomen_fracture_1985.jpg
X-ray image of the posterior thyroid showing signs of calcification.,images/x-ray_thyroid_calcification_1986.jpg
MRI image of the posterior brain showing signs of fluid accumulation.,images/mri_brain_fluid accumulation_1987.jpg
Mammogram image of the right bladder showing signs of degeneration.,images/mammogram_bladder_degeneration_1988.jpg
Mammogram image of the right liver showing signs of swelling.,images/mammogram_liver_swelling_1989.jpg
PET scan image of the bilateral liver showing signs of degeneration.,images/pet_scan_liver_degeneration_1990.jpg
Endoscopy image of the central eye showing signs of mass.,images/endoscopy_eye_mass_1991.jpg
Angiogram image of the no specific spine showing signs of scar tissue.,images/angiogram_spine_scar tissue_1992.jpg
CT scan image of the right spine showing signs of degeneration.,images/ct_scan_spine_degeneration_1993.jpg
MRI image of the right spine showing signs of scar tissue.,images/mri_spine_scar tissue_1994.jpg
Endoscopy image of the bilateral thyroid showing signs of atrophy.,images/endoscopy_thyroid_atrophy_1995.jpg
MRI image of the no specific heart showing signs of hernia.,images/mri_heart_hernia_1996.jpg
Ultrasound image of the anterior abdomen showing signs of fracture.,images/ultrasound_abdomen_fracture_1997.jpg
Endoscopy image of the posterior knee showing signs of scar tissue.,images/endoscopy_knee_scar tissue_1998.jpg
CT scan image of the posterior bladder showing signs of degeneration.,images/ct_scan_bladder_degeneration_1999.jpg
X-ray image of the anterior liver showing signs of inflammation.,images/x-ray_liver_inflammation_2000.jpg
Mammogram image of the central lung showing signs of inflammation.,images/mammogram_lung_inflammation_2001.jpg
X-ray image of the posterior bladder showing signs of fluid accumulation.,images/x-ray_bladder_fluid accumulation_2002.jpg
PET scan image of the posterior brain showing signs of fluid accumulation.,images/pet_scan_brain_fluid accumulation_2003.jpg
PET scan image of the no specific spine showing signs of swelling.,images/pet_scan_spine_swelling_2004.jpg
Ultrasound image of the bilateral breast showing signs of atrophy.,images/ultrasound_breast_atrophy_2005.jpg
PET scan image of the anterior spine showing signs of lesion.,images/pet_scan_spine_lesion_2006.jpg
CT scan image of the upper heart showing signs of mass.,images/ct_scan_heart_mass_2007.jpg
Angiogram image of the upper spine showing signs of scar tissue.,images/angiogram_spine_scar tissue_2008.jpg
Angiogram image of the bilateral pancreas showing signs of lesion.,images/angiogram_pancreas_lesion_2009.jpg
X-ray image of the anterior eye showing signs of calcification.,images/x-ray_eye_calcification_2010.jpg
Angiogram image of the lower brain showing signs of hernia.,images/angiogram_brain_hernia_2011.jpg
Angiogram image of the lower heart showing signs of degeneration.,images/angiogram_heart_degeneration_2012.jpg
CT scan image of the anterior thyroid showing signs of inflammation.,images/ct_scan_thyroid_inflammation_2013.jpg
CT scan image of the left knee showing signs of tumor.,images/ct_scan_knee_tumor_2014.jpg
PET scan image of the right breast showing signs of atrophy.,images/pet_scan_breast_atrophy_2015.jpg
PET scan image of the left spine showing signs of fracture.,images/pet_scan_spine_fracture_2016.jpg
CT scan image of the no specific thyroid showing signs of lesion.,images/ct_scan_thyroid_lesion_2017.jpg
Endoscopy image of the bilateral lung showing signs of abnormal growth.,images/endoscopy_lung_abnormal growth_2018.jpg
Endoscopy image of the anterior abdomen showing signs of tumor.,images/endoscopy_abdomen_tumor_2019.jpg
Angiogram image of the right bladder showing signs of degeneration.,images/angiogram_bladder_degeneration_2020.jpg
Endoscopy image of the posterior knee showing signs of fracture.,images/endoscopy_knee_fracture_2021.jpg
MRI image of the left liver showing signs of fracture.,images/mri_liver_fracture_2022.jpg
Angiogram image of the anterior knee showing signs of swelling.,images/angiogram_knee_swelling_2023.jpg
Angiogram image of the lower abdomen showing signs of lesion.,images/angiogram_abdomen_lesion_2024.jpg
MRI image of the central bladder showing signs of mass.,images/mri_bladder_mass_2025.jpg
Ultrasound image of the bilateral breast showing signs of inflammation.,images/ultrasound_breast_inflammation_2026.jpg
PET scan image of the posterior abdomen showing signs of abnormal growth.,images/pet_scan_abdomen_abnormal growth_2027.jpg
Angiogram image of the lower pancreas showing signs of mass.,images/angiogram_pancreas_mass_2028.jpg
CT scan image of the lower pancreas showing signs of fracture.,images/ct_scan_pancreas_fracture_2029.jpg
CT scan image of the no specific pancreas showing signs of atrophy.,images/ct_scan_pancreas_atrophy_2030.jpg
Angiogram image of the central lung showing signs of inflammation.,images/angiogram_lung_inflammation_2031.jpg
Mammogram image of the bilateral pancreas showing signs of blockage.,images/mammogram_pancreas_blockage_2032.jpg
Angiogram image of the lower abdomen showing signs of tumor.,images/angiogram_abdomen_tumor_2033.jpg
Ultrasound image of the central liver showing signs of degeneration.,images/ultrasound_liver_degeneration_2034.jpg
Mammogram image of the no specific knee showing signs of blockage.,images/mammogram_knee_blockage_2035.jpg
Mammogram image of the posterior bladder showing signs of tumor.,images/mammogram_bladder_tumor_2036.jpg
Mammogram image of the posterior knee showing signs of tumor.,images/mammogram_knee_tumor_2037.jpg
X-ray image of the right liver showing signs of tumor.,images/x-ray_liver_tumor_2038.jpg
Mammogram image of the no specific liver showing signs of atrophy.,images/mammogram_liver_atrophy_2039.jpg
X-ray image of the bilateral heart showing signs of fracture.,images/x-ray_heart_fracture_2040.jpg
CT scan image of the bilateral eye showing signs of atrophy.,images/ct_scan_eye_atrophy_2041.jpg
Angiogram image of the no specific breast showing signs of scar tissue.,images/angiogram_breast_scar tissue_2042.jpg
MRI image of the bilateral eye showing signs of lesion.,images/mri_eye_lesion_2043.jpg
PET scan image of the no specific abdomen showing signs of inflammation.,images/pet_scan_abdomen_inflammation_2044.jpg
Ultrasound image of the no specific abdomen showing signs of abnormal growth.,images/ultrasound_abdomen_abnormal growth_2045.jpg
MRI image of the right abdomen showing signs of fracture.,images/mri_abdomen_fracture_2046.jpg
Mammogram image of the central knee showing signs of hernia.,images/mammogram_knee_hernia_2047.jpg
Angiogram image of the posterior knee showing signs of swelling.,images/angiogram_knee_swelling_2048.jpg
X-ray image of the central breast showing signs of calcification.,images/x-ray_breast_calcification_2049.jpg
X-ray image of the anterior lung showing signs of hernia.,images/x-ray_lung_hernia_2050.jpg
MRI image of the central spine showing signs of abnormal growth.,images/mri_spine_abnormal growth_2051.jpg
PET scan image of the anterior bladder showing signs of fracture.,images/pet_scan_bladder_fracture_2052.jpg
Endoscopy image of the no specific thyroid showing signs of degeneration.,images/endoscopy_thyroid_degeneration_2053.jpg
Endoscopy image of the left liver showing signs of infection.,images/endoscopy_liver_infection_2054.jpg
MRI image of the bilateral breast showing signs of cyst.,images/mri_breast_cyst_2055.jpg
Mammogram image of the anterior brain showing signs of fluid accumulation.,images/mammogram_brain_fluid accumulation_2056.jpg
PET scan image of the no specific heart showing signs of abnormal growth.,images/pet_scan_heart_abnormal growth_2057.jpg
X-ray image of the right knee showing signs of calcification.,images/x-ray_knee_calcification_2058.jpg
Angiogram image of the no specific eye showing signs of degeneration.,images/angiogram_eye_degeneration_2059.jpg
PET scan image of the no specific thyroid showing signs of atrophy.,images/pet_scan_thyroid_atrophy_2060.jpg
Ultrasound image of the no specific thyroid showing signs of fracture.,images/ultrasound_thyroid_fracture_2061.jpg
PET scan image of the no specific breast showing signs of swelling.,images/pet_scan_breast_swelling_2062.jpg
CT scan image of the anterior thyroid showing signs of inflammation.,images/ct_scan_thyroid_inflammation_2063.jpg
MRI image of the upper spine showing signs of swelling.,images/mri_spine_swelling_2064.jpg
Angiogram image of the upper lung showing signs of degeneration.,images/angiogram_lung_degeneration_2065.jpg
Mammogram image of the left liver showing signs of tumor.,images/mammogram_liver_tumor_2066.jpg
CT scan image of the left bladder showing signs of scar tissue.,images/ct_scan_bladder_scar tissue_2067.jpg
MRI image of the right thyroid showing signs of inflammation.,images/mri_thyroid_inflammation_2068.jpg
Mammogram image of the bilateral liver showing signs of mass.,images/mammogram_liver_mass_2069.jpg
MRI image of the no specific bladder showing signs of blockage.,images/mri_bladder_blockage_2070.jpg
MRI image of the upper bladder showing signs of abnormal growth.,images/mri_bladder_abnormal growth_2071.jpg
X-ray image of the left liver showing signs of scar tissue.,images/x-ray_liver_scar tissue_2072.jpg
Mammogram image of the anterior brain showing signs of fracture.,images/mammogram_brain_fracture_2073.jpg
Endoscopy image of the upper abdomen showing signs of hernia.,images/endoscopy_abdomen_hernia_2074.jpg
X-ray image of the anterior abdomen showing signs of cyst.,images/x-ray_abdomen_cyst_2075.jpg
Angiogram image of the lower heart showing signs of infection.,images/angiogram_heart_infection_2076.jpg
Endoscopy image of the lower pancreas showing signs of atrophy.,images/endoscopy_pancreas_atrophy_2077.jpg
Ultrasound image of the left heart showing signs of tumor.,images/ultrasound_heart_tumor_2078.jpg
Endoscopy image of the anterior eye showing signs of scar tissue.,images/endoscopy_eye_scar tissue_2079.jpg
MRI image of the lower breast showing signs of atrophy.,images/mri_breast_atrophy_2080.jpg
Mammogram image of the left lung showing signs of inflammation.,images/mammogram_lung_inflammation_2081.jpg
X-ray image of the right eye showing signs of fluid accumulation.,images/x-ray_eye_fluid accumulation_2082.jpg
CT scan image of the anterior eye showing signs of fluid accumulation.,images/ct_scan_eye_fluid accumulation_2083.jpg
CT scan image of the upper lung showing signs of cyst.,images/ct_scan_lung_cyst_2084.jpg
CT scan image of the anterior bladder showing signs of scar tissue.,images/ct_scan_bladder_scar tissue_2085.jpg
CT scan image of the bilateral abdomen showing signs of hernia.,images/ct_scan_abdomen_hernia_2086.jpg
Ultrasound image of the right breast showing signs of hernia.,images/ultrasound_breast_hernia_2087.jpg
CT scan image of the no specific thyroid showing signs of fracture.,images/ct_scan_thyroid_fracture_2088.jpg
PET scan image of the lower abdomen showing signs of cyst.,images/pet_scan_abdomen_cyst_2089.jpg
MRI image of the left spine showing signs of tumor.,images/mri_spine_tumor_2090.jpg
MRI image of the anterior abdomen showing signs of tumor.,images/mri_abdomen_tumor_2091.jpg
PET scan image of the right abdomen showing signs of inflammation.,images/pet_scan_abdomen_inflammation_2092.jpg
CT scan image of the bilateral pancreas showing signs of hernia.,images/ct_scan_pancreas_hernia_2093.jpg
CT scan image of the anterior knee showing signs of swelling.,images/ct_scan_knee_swelling_2094.jpg
Mammogram image of the left abdomen showing signs of hernia.,images/mammogram_abdomen_hernia_2095.jpg
CT scan image of the posterior liver showing signs of calcification.,images/ct_scan_liver_calcification_2096.jpg
Ultrasound image of the no specific brain showing signs of hernia.,images/ultrasound_brain_hernia_2097.jpg
X-ray image of the left brain showing signs of degeneration.,images/x-ray_brain_degeneration_2098.jpg
Mammogram image of the upper abdomen showing signs of calcification.,images/mammogram_abdomen_calcification_2099.jpg
PET scan image of the central knee showing signs of mass.,images/pet_scan_knee_mass_2100.jpg
Ultrasound image of the posterior bladder showing signs of scar tissue.,images/ultrasound_bladder_scar tissue_2101.jpg
Mammogram image of the anterior pancreas showing signs of scar tissue.,images/mammogram_pancreas_scar tissue_2102.jpg
PET scan image of the right brain showing signs of hernia.,images/pet_scan_brain_hernia_2103.jpg
Ultrasound image of the left spine showing signs of swelling.,images/ultrasound_spine_swelling_2104.jpg
Endoscopy image of the right abdomen showing signs of atrophy.,images/endoscopy_abdomen_atrophy_2105.jpg
Ultrasound image of the central pancreas showing signs of hernia.,images/ultrasound_pancreas_hernia_2106.jpg
Ultrasound image of the anterior breast showing signs of inflammation.,images/ultrasound_breast_inflammation_2107.jpg
CT scan image of the central pancreas showing signs of tumor.,images/ct_scan_pancreas_tumor_2108.jpg
Ultrasound image of the anterior heart showing signs of mass.,images/ultrasound_heart_mass_2109.jpg
PET scan image of the bilateral bladder showing signs of hernia.,images/pet_scan_bladder_hernia_2110.jpg
Angiogram image of the anterior eye showing signs of inflammation.,images/angiogram_eye_inflammation_2111.jpg
Angiogram image of the upper pancreas showing signs of calcification.,images/angiogram_pancreas_calcification_2112.jpg
X-ray image of the posterior pancreas showing signs of blockage.,images/x-ray_pancreas_blockage_2113.jpg
PET scan image of the bilateral brain showing signs of abnormal growth.,images/pet_scan_brain_abnormal growth_2114.jpg
Ultrasound image of the anterior liver showing signs of blockage.,images/ultrasound_liver_blockage_2115.jpg
X-ray image of the no specific brain showing signs of infection.,images/x-ray_brain_infection_2116.jpg
Endoscopy image of the right spine showing signs of swelling.,images/endoscopy_spine_swelling_2117.jpg
X-ray image of the central liver showing signs of abnormal growth.,images/x-ray_liver_abnormal growth_2118.jpg
CT scan image of the right knee showing signs of swelling.,images/ct_scan_knee_swelling_2119.jpg
CT scan image of the posterior spine showing signs of blockage.,images/ct_scan_spine_blockage_2120.jpg
Mammogram image of the lower brain showing signs of tumor.,images/mammogram_brain_tumor_2121.jpg
X-ray image of the left bladder showing signs of cyst.,images/x-ray_bladder_cyst_2122.jpg
Mammogram image of the right spine showing signs of cyst.,images/mammogram_spine_cyst_2123.jpg
Mammogram image of the upper bladder showing signs of abnormal growth.,images/mammogram_bladder_abnormal growth_2124.jpg
MRI image of the central lung showing signs of fluid accumulation.,images/mri_lung_fluid accumulation_2125.jpg
Angiogram image of the lower thyroid showing signs of inflammation.,images/angiogram_thyroid_inflammation_2126.jpg
Endoscopy image of the lower eye showing signs of calcification.,images/endoscopy_eye_calcification_2127.jpg
CT scan image of the bilateral liver showing signs of cyst.,images/ct_scan_liver_cyst_2128.jpg
Mammogram image of the posterior eye showing signs of hernia.,images/mammogram_eye_hernia_2129.jpg
Endoscopy image of the lower abdomen showing signs of fracture.,images/endoscopy_abdomen_fracture_2130.jpg
Mammogram image of the anterior liver showing signs of atrophy.,images/mammogram_liver_atrophy_2131.jpg
Ultrasound image of the posterior abdomen showing signs of degeneration.,images/ultrasound_abdomen_degeneration_2132.jpg
PET scan image of the bilateral knee showing signs of tumor.,images/pet_scan_knee_tumor_2133.jpg
Ultrasound image of the bilateral eye showing signs of infection.,images/ultrasound_eye_infection_2134.jpg
Angiogram image of the bilateral lung showing signs of atrophy.,images/angiogram_lung_atrophy_2135.jpg
X-ray image of the left thyroid showing signs of blockage.,images/x-ray_thyroid_blockage_2136.jpg
Angiogram image of the anterior brain showing signs of scar tissue.,images/angiogram_brain_scar tissue_2137.jpg
CT scan image of the no specific brain showing signs of tumor.,images/ct_scan_brain_tumor_2138.jpg
Endoscopy image of the central knee showing signs of scar tissue.,images/endoscopy_knee_scar tissue_2139.jpg
Ultrasound image of the bilateral liver showing signs of swelling.,images/ultrasound_liver_swelling_2140.jpg
PET scan image of the posterior heart showing signs of tumor.,images/pet_scan_heart_tumor_2141.jpg
Mammogram image of the right eye showing signs of calcification.,images/mammogram_eye_calcification_2142.jpg
X-ray image of the right bladder showing signs of abnormal growth.,images/x-ray_bladder_abnormal growth_2143.jpg
Ultrasound image of the bilateral breast showing signs of swelling.,images/ultrasound_breast_swelling_2144.jpg
Mammogram image of the posterior bladder showing signs of blockage.,images/mammogram_bladder_blockage_2145.jpg
Angiogram image of the lower breast showing signs of swelling.,images/angiogram_breast_swelling_2146.jpg
Angiogram image of the right heart showing signs of tumor.,images/angiogram_heart_tumor_2147.jpg
Ultrasound image of the upper eye showing signs of hernia.,images/ultrasound_eye_hernia_2148.jpg
MRI image of the lower abdomen showing signs of fluid accumulation.,images/mri_abdomen_fluid accumulation_2149.jpg
Angiogram image of the right lung showing signs of infection.,images/angiogram_lung_infection_2150.jpg
Mammogram image of the anterior abdomen showing signs of swelling.,images/mammogram_abdomen_swelling_2151.jpg
MRI image of the right eye showing signs of atrophy.,images/mri_eye_atrophy_2152.jpg
X-ray image of the upper thyroid showing signs of blockage.,images/x-ray_thyroid_blockage_2153.jpg
PET scan image of the bilateral liver showing signs of atrophy.,images/pet_scan_liver_atrophy_2154.jpg
CT scan image of the upper thyroid showing signs of calcification.,images/ct_scan_thyroid_calcification_2155.jpg
MRI image of the right heart showing signs of fluid accumulation.,images/mri_heart_fluid accumulation_2156.jpg
MRI image of the anterior knee showing signs of inflammation.,images/mri_knee_inflammation_2157.jpg
Ultrasound image of the anterior lung showing signs of scar tissue.,images/ultrasound_lung_scar tissue_2158.jpg
X-ray image of the bilateral thyroid showing signs of scar tissue.,images/x-ray_thyroid_scar tissue_2159.jpg
Angiogram image of the right heart showing signs of tumor.,images/angiogram_heart_tumor_2160.jpg
PET scan image of the no specific brain showing signs of fracture.,images/pet_scan_brain_fracture_2161.jpg
X-ray image of the central spine showing signs of degeneration.,images/x-ray_spine_degeneration_2162.jpg
Angiogram image of the right brain showing signs of infection.,images/angiogram_brain_infection_2163.jpg
Ultrasound image of the left pancreas showing signs of scar tissue.,images/ultrasound_pancreas_scar tissue_2164.jpg
MRI image of the left liver showing signs of fluid accumulation.,images/mri_liver_fluid accumulation_2165.jpg
X-ray image of the central eye showing signs of fracture.,images/x-ray_eye_fracture_2166.jpg
PET scan image of the left heart showing signs of abnormal growth.,images/pet_scan_heart_abnormal growth_2167.jpg
MRI image of the bilateral thyroid showing signs of degeneration.,images/mri_thyroid_degeneration_2168.jpg
Mammogram image of the bilateral bladder showing signs of fluid accumulation.,images/mammogram_bladder_fluid accumulation_2169.jpg
Ultrasound image of the left spine showing signs of scar tissue.,images/ultrasound_spine_scar tissue_2170.jpg
Endoscopy image of the bilateral lung showing signs of inflammation.,images/endoscopy_lung_inflammation_2171.jpg
PET scan image of the left brain showing signs of lesion.,images/pet_scan_brain_lesion_2172.jpg
Angiogram image of the central spine showing signs of cyst.,images/angiogram_spine_cyst_2173.jpg
X-ray image of the no specific lung showing signs of hernia.,images/x-ray_lung_hernia_2174.jpg
Mammogram image of the upper spine showing signs of mass.,images/mammogram_spine_mass_2175.jpg
Mammogram image of the left abdomen showing signs of tumor.,images/mammogram_abdomen_tumor_2176.jpg
MRI image of the central spine showing signs of degeneration.,images/mri_spine_degeneration_2177.jpg
X-ray image of the posterior lung showing signs of fracture.,images/x-ray_lung_fracture_2178.jpg
Angiogram image of the posterior brain showing signs of swelling.,images/angiogram_brain_swelling_2179.jpg
Mammogram image of the anterior liver showing signs of swelling.,images/mammogram_liver_swelling_2180.jpg
Angiogram image of the lower spine showing signs of swelling.,images/angiogram_spine_swelling_2181.jpg
Ultrasound image of the anterior lung showing signs of atrophy.,images/ultrasound_lung_atrophy_2182.jpg
Endoscopy image of the central bladder showing signs of hernia.,images/endoscopy_bladder_hernia_2183.jpg
Endoscopy image of the right knee showing signs of mass.,images/endoscopy_knee_mass_2184.jpg
X-ray image of the central brain showing signs of degeneration.,images/x-ray_brain_degeneration_2185.jpg
Ultrasound image of the right eye showing signs of tumor.,images/ultrasound_eye_tumor_2186.jpg
X-ray image of the lower eye showing signs of abnormal growth.,images/x-ray_eye_abnormal growth_2187.jpg
Endoscopy image of the bilateral abdomen showing signs of abnormal growth.,images/endoscopy_abdomen_abnormal growth_2188.jpg
X-ray image of the upper heart showing signs of lesion.,images/x-ray_heart_lesion_2189.jpg
CT scan image of the lower knee showing signs of atrophy.,images/ct_scan_knee_atrophy_2190.jpg
MRI image of the anterior breast showing signs of lesion.,images/mri_breast_lesion_2191.jpg
Ultrasound image of the upper liver showing signs of infection.,images/ultrasound_liver_infection_2192.jpg
Ultrasound image of the lower lung showing signs of abnormal growth.,images/ultrasound_lung_abnormal growth_2193.jpg
PET scan image of the bilateral heart showing signs of swelling.,images/pet_scan_heart_swelling_2194.jpg
CT scan image of the anterior heart showing signs of calcification.,images/ct_scan_heart_calcification_2195.jpg
Endoscopy image of the lower thyroid showing signs of cyst.,images/endoscopy_thyroid_cyst_2196.jpg
Angiogram image of the bilateral spine showing signs of blockage.,images/angiogram_spine_blockage_2197.jpg
PET scan image of the anterior brain showing signs of tumor.,images/pet_scan_brain_tumor_2198.jpg
PET scan image of the no specific abdomen showing signs of blockage.,images/pet_scan_abdomen_blockage_2199.jpg
Ultrasound image of the right thyroid showing signs of blockage.,images/ultrasound_thyroid_blockage_2200.jpg
Mammogram image of the central lung showing signs of degeneration.,images/mammogram_lung_degeneration_2201.jpg
Angiogram image of the lower spine showing signs of hernia.,images/angiogram_spine_hernia_2202.jpg
Angiogram image of the upper abdomen showing signs of hernia.,images/angiogram_abdomen_hernia_2203.jpg
Ultrasound image of the central abdomen showing signs of abnormal growth.,images/ultrasound_abdomen_abnormal growth_2204.jpg
Ultrasound image of the bilateral bladder showing signs of fracture.,images/ultrasound_bladder_fracture_2205.jpg
Mammogram image of the upper abdomen showing signs of degeneration.,images/mammogram_abdomen_degeneration_2206.jpg
Angiogram image of the no specific abdomen showing signs of swelling.,images/angiogram_abdomen_swelling_2207.jpg
X-ray image of the upper thyroid showing signs of lesion.,images/x-ray_thyroid_lesion_2208.jpg
CT scan image of the lower lung showing signs of cyst.,images/ct_scan_lung_cyst_2209.jpg
CT scan image of the upper knee showing signs of hernia.,images/ct_scan_knee_hernia_2210.jpg
Angiogram image of the left pancreas showing signs of scar tissue.,images/angiogram_pancreas_scar tissue_2211.jpg
Mammogram image of the upper bladder showing signs of lesion.,images/mammogram_bladder_lesion_2212.jpg
MRI image of the no specific heart showing signs of swelling.,images/mri_heart_swelling_2213.jpg
Angiogram image of the central brain showing signs of infection.,images/angiogram_brain_infection_2214.jpg
Endoscopy image of the posterior lung showing signs of fluid accumulation.,images/endoscopy_lung_fluid accumulation_2215.jpg
X-ray image of the right heart showing signs of degeneration.,images/x-ray_heart_degeneration_2216.jpg
Mammogram image of the anterior heart showing signs of calcification.,images/mammogram_heart_calcification_2217.jpg
MRI image of the posterior knee showing signs of hernia.,images/mri_knee_hernia_2218.jpg
PET scan image of the central pancreas showing signs of scar tissue.,images/pet_scan_pancreas_scar tissue_2219.jpg
Ultrasound image of the right liver showing signs of abnormal growth.,images/ultrasound_liver_abnormal growth_2220.jpg
CT scan image of the no specific abdomen showing signs of calcification.,images/ct_scan_abdomen_calcification_2221.jpg
Ultrasound image of the upper eye showing signs of lesion.,images/ultrasound_eye_lesion_2222.jpg
Ultrasound image of the central knee showing signs of cyst.,images/ultrasound_knee_cyst_2223.jpg
MRI image of the right breast showing signs of mass.,images/mri_breast_mass_2224.jpg
Endoscopy image of the anterior abdomen showing signs of infection.,images/endoscopy_abdomen_infection_2225.jpg
Mammogram image of the lower abdomen showing signs of atrophy.,images/mammogram_abdomen_atrophy_2226.jpg
PET scan image of the no specific eye showing signs of atrophy.,images/pet_scan_eye_atrophy_2227.jpg
Ultrasound image of the central spine showing signs of fluid accumulation.,images/ultrasound_spine_fluid accumulation_2228.jpg
Angiogram image of the bilateral spine showing signs of scar tissue.,images/angiogram_spine_scar tissue_2229.jpg
Ultrasound image of the upper thyroid showing signs of blockage.,images/ultrasound_thyroid_blockage_2230.jpg
Ultrasound image of the lower brain showing signs of hernia.,images/ultrasound_brain_hernia_2231.jpg
Endoscopy image of the right lung showing signs of fluid accumulation.,images/endoscopy_lung_fluid accumulation_2232.jpg
MRI image of the central breast showing signs of infection.,images/mri_breast_infection_2233.jpg
Endoscopy image of the anterior heart showing signs of swelling.,images/endoscopy_heart_swelling_2234.jpg
CT scan image of the no specific knee showing signs of blockage.,images/ct_scan_knee_blockage_2235.jpg
X-ray image of the no specific pancreas showing signs of hernia.,images/x-ray_pancreas_hernia_2236.jpg
Endoscopy image of the no specific spine showing signs of fluid accumulation.,images/endoscopy_spine_fluid accumulation_2237.jpg
Endoscopy image of the bilateral spine showing signs of lesion.,images/endoscopy_spine_lesion_2238.jpg
MRI image of the bilateral breast showing signs of lesion.,images/mri_breast_lesion_2239.jpg
CT scan image of the posterior lung showing signs of infection.,images/ct_scan_lung_infection_2240.jpg
Endoscopy image of the central liver showing signs of infection.,images/endoscopy_liver_infection_2241.jpg
Mammogram image of the central brain showing signs of infection.,images/mammogram_brain_infection_2242.jpg
X-ray image of the upper liver showing signs of blockage.,images/x-ray_liver_blockage_2243.jpg
CT scan image of the lower thyroid showing signs of calcification.,images/ct_scan_thyroid_calcification_2244.jpg
MRI image of the right heart showing signs of mass.,images/mri_heart_mass_2245.jpg
MRI image of the no specific pancreas showing signs of mass.,images/mri_pancreas_mass_2246.jpg
Mammogram image of the anterior spine showing signs of degeneration.,images/mammogram_spine_degeneration_2247.jpg
MRI image of the posterior lung showing signs of blockage.,images/mri_lung_blockage_2248.jpg
Endoscopy image of the central abdomen showing signs of blockage.,images/endoscopy_abdomen_blockage_2249.jpg
CT scan image of the anterior breast showing signs of atrophy.,images/ct_scan_breast_atrophy_2250.jpg
Mammogram image of the right spine showing signs of swelling.,images/mammogram_spine_swelling_2251.jpg
PET scan image of the anterior lung showing signs of swelling.,images/pet_scan_lung_swelling_2252.jpg
Mammogram image of the lower thyroid showing signs of degeneration.,images/mammogram_thyroid_degeneration_2253.jpg
Mammogram image of the bilateral bladder showing signs of mass.,images/mammogram_bladder_mass_2254.jpg
X-ray image of the no specific bladder showing signs of scar tissue.,images/x-ray_bladder_scar tissue_2255.jpg
Angiogram image of the central brain showing signs of mass.,images/angiogram_brain_mass_2256.jpg
Angiogram image of the bilateral spine showing signs of abnormal growth.,images/angiogram_spine_abnormal growth_2257.jpg
Angiogram image of the right breast showing signs of fluid accumulation.,images/angiogram_breast_fluid accumulation_2258.jpg
Mammogram image of the upper pancreas showing signs of blockage.,images/mammogram_pancreas_blockage_2259.jpg
X-ray image of the upper knee showing signs of fracture.,images/x-ray_knee_fracture_2260.jpg
Endoscopy image of the left lung showing signs of infection.,images/endoscopy_lung_infection_2261.jpg
PET scan image of the bilateral pancreas showing signs of atrophy.,images/pet_scan_pancreas_atrophy_2262.jpg
Endoscopy image of the posterior liver showing signs of mass.,images/endoscopy_liver_mass_2263.jpg
Angiogram image of the left lung showing signs of abnormal growth.,images/angiogram_lung_abnormal growth_2264.jpg
Ultrasound image of the central abdomen showing signs of abnormal growth.,images/ultrasound_abdomen_abnormal growth_2265.jpg
CT scan image of the lower spine showing signs of tumor.,images/ct_scan_spine_tumor_2266.jpg
X-ray image of the lower brain showing signs of fluid accumulation.,images/x-ray_brain_fluid accumulation_2267.jpg
Angiogram image of the lower liver showing signs of cyst.,images/angiogram_liver_cyst_2268.jpg
Ultrasound image of the upper breast showing signs of hernia.,images/ultrasound_breast_hernia_2269.jpg
X-ray image of the upper pancreas showing signs of scar tissue.,images/x-ray_pancreas_scar tissue_2270.jpg
CT scan image of the right brain showing signs of hernia.,images/ct_scan_brain_hernia_2271.jpg
Angiogram image of the right eye showing signs of blockage.,images/angiogram_eye_blockage_2272.jpg
PET scan image of the no specific breast showing signs of inflammation.,images/pet_scan_breast_inflammation_2273.jpg
X-ray image of the left bladder showing signs of degeneration.,images/x-ray_bladder_degeneration_2274.jpg
Angiogram image of the posterior eye showing signs of inflammation.,images/angiogram_eye_inflammation_2275.jpg
Ultrasound image of the lower spine showing signs of tumor.,images/ultrasound_spine_tumor_2276.jpg
X-ray image of the anterior knee showing signs of abnormal growth.,images/x-ray_knee_abnormal growth_2277.jpg
Endoscopy image of the anterior eye showing signs of tumor.,images/endoscopy_eye_tumor_2278.jpg
Mammogram image of the bilateral abdomen showing signs of abnormal growth.,images/mammogram_abdomen_abnormal growth_2279.jpg
PET scan image of the upper pancreas showing signs of hernia.,images/pet_scan_pancreas_hernia_2280.jpg
CT scan image of the right pancreas showing signs of infection.,images/ct_scan_pancreas_infection_2281.jpg
X-ray image of the anterior knee showing signs of blockage.,images/x-ray_knee_blockage_2282.jpg
Endoscopy image of the lower thyroid showing signs of scar tissue.,images/endoscopy_thyroid_scar tissue_2283.jpg
PET scan image of the no specific lung showing signs of infection.,images/pet_scan_lung_infection_2284.jpg
Ultrasound image of the no specific thyroid showing signs of atrophy.,images/ultrasound_thyroid_atrophy_2285.jpg
Ultrasound image of the posterior breast showing signs of calcification.,images/ultrasound_breast_calcification_2286.jpg
Mammogram image of the upper lung showing signs of infection.,images/mammogram_lung_infection_2287.jpg
X-ray image of the anterior pancreas showing signs of mass.,images/x-ray_pancreas_mass_2288.jpg
PET scan image of the no specific pancreas showing signs of fracture.,images/pet_scan_pancreas_fracture_2289.jpg
Endoscopy image of the bilateral eye showing signs of abnormal growth.,images/endoscopy_eye_abnormal growth_2290.jpg
MRI image of the left bladder showing signs of hernia.,images/mri_bladder_hernia_2291.jpg
PET scan image of the no specific liver showing signs of infection.,images/pet_scan_liver_infection_2292.jpg
CT scan image of the posterior pancreas showing signs of degeneration.,images/ct_scan_pancreas_degeneration_2293.jpg
Ultrasound image of the posterior bladder showing signs of inflammation.,images/ultrasound_bladder_inflammation_2294.jpg
Mammogram image of the upper heart showing signs of fracture.,images/mammogram_heart_fracture_2295.jpg
Endoscopy image of the anterior thyroid showing signs of atrophy.,images/endoscopy_thyroid_atrophy_2296.jpg
Ultrasound image of the central pancreas showing signs of fluid accumulation.,images/ultrasound_pancreas_fluid accumulation_2297.jpg
MRI image of the lower bladder showing signs of degeneration.,images/mri_bladder_degeneration_2298.jpg
MRI image of the posterior breast showing signs of inflammation.,images/mri_breast_inflammation_2299.jpg
CT scan image of the upper brain showing signs of abnormal growth.,images/ct_scan_brain_abnormal growth_2300.jpg
Endoscopy image of the bilateral liver showing signs of atrophy.,images/endoscopy_liver_atrophy_2301.jpg
CT scan image of the posterior thyroid showing signs of atrophy.,images/ct_scan_thyroid_atrophy_2302.jpg
MRI image of the bilateral heart showing signs of blockage.,images/mri_heart_blockage_2303.jpg
Mammogram image of the anterior liver showing signs of tumor.,images/mammogram_liver_tumor_2304.jpg
X-ray image of the posterior spine showing signs of infection.,images/x-ray_spine_infection_2305.jpg
X-ray image of the left thyroid showing signs of scar tissue.,images/x-ray_thyroid_scar tissue_2306.jpg
Ultrasound image of the anterior spine showing signs of fluid accumulation.,images/ultrasound_spine_fluid accumulation_2307.jpg
Angiogram image of the no specific knee showing signs of inflammation.,images/angiogram_knee_inflammation_2308.jpg
Ultrasound image of the no specific liver showing signs of swelling.,images/ultrasound_liver_swelling_2309.jpg
Angiogram image of the central eye showing signs of cyst.,images/angiogram_eye_cyst_2310.jpg
Angiogram image of the lower breast showing signs of abnormal growth.,images/angiogram_breast_abnormal growth_2311.jpg
Ultrasound image of the upper heart showing signs of scar tissue.,images/ultrasound_heart_scar tissue_2312.jpg
Ultrasound image of the central breast showing signs of calcification.,images/ultrasound_breast_calcification_2313.jpg
Endoscopy image of the right breast showing signs of infection.,images/endoscopy_breast_infection_2314.jpg
X-ray image of the central brain showing signs of mass.,images/x-ray_brain_mass_2315.jpg
Endoscopy image of the lower breast showing signs of blockage.,images/endoscopy_breast_blockage_2316.jpg
PET scan image of the posterior thyroid showing signs of mass.,images/pet_scan_thyroid_mass_2317.jpg
PET scan image of the lower pancreas showing signs of degeneration.,images/pet_scan_pancreas_degeneration_2318.jpg
X-ray image of the bilateral pancreas showing signs of scar tissue.,images/x-ray_pancreas_scar tissue_2319.jpg
X-ray image of the left abdomen showing signs of fluid accumulation.,images/x-ray_abdomen_fluid accumulation_2320.jpg
Ultrasound image of the no specific knee showing signs of calcification.,images/ultrasound_knee_calcification_2321.jpg
X-ray image of the posterior brain showing signs of degeneration.,images/x-ray_brain_degeneration_2322.jpg
Mammogram image of the anterior brain showing signs of tumor.,images/mammogram_brain_tumor_2323.jpg
X-ray image of the bilateral brain showing signs of blockage.,images/x-ray_brain_blockage_2324.jpg
X-ray image of the anterior abdomen showing signs of abnormal growth.,images/x-ray_abdomen_abnormal growth_2325.jpg
Endoscopy image of the left heart showing signs of degeneration.,images/endoscopy_heart_degeneration_2326.jpg
MRI image of the posterior abdomen showing signs of abnormal growth.,images/mri_abdomen_abnormal growth_2327.jpg
Angiogram image of the posterior pancreas showing signs of inflammation.,images/angiogram_pancreas_inflammation_2328.jpg
MRI image of the upper heart showing signs of fracture.,images/mri_heart_fracture_2329.jpg
Ultrasound image of the central thyroid showing signs of infection.,images/ultrasound_thyroid_infection_2330.jpg
CT scan image of the no specific spine showing signs of degeneration.,images/ct_scan_spine_degeneration_2331.jpg
Endoscopy image of the anterior heart showing signs of blockage.,images/endoscopy_heart_blockage_2332.jpg
CT scan image of the upper bladder showing signs of calcification.,images/ct_scan_bladder_calcification_2333.jpg
CT scan image of the posterior pancreas showing signs of cyst.,images/ct_scan_pancreas_cyst_2334.jpg
X-ray image of the posterior brain showing signs of swelling.,images/x-ray_brain_swelling_2335.jpg
PET scan image of the upper pancreas showing signs of abnormal growth.,images/pet_scan_pancreas_abnormal growth_2336.jpg
Ultrasound image of the right pancreas showing signs of atrophy.,images/ultrasound_pancreas_atrophy_2337.jpg
Ultrasound image of the left eye showing signs of calcification.,images/ultrasound_eye_calcification_2338.jpg
Endoscopy image of the upper knee showing signs of fluid accumulation.,images/endoscopy_knee_fluid accumulation_2339.jpg
Ultrasound image of the no specific pancreas showing signs of scar tissue.,images/ultrasound_pancreas_scar tissue_2340.jpg
PET scan image of the right eye showing signs of infection.,images/pet_scan_eye_infection_2341.jpg
PET scan image of the anterior breast showing signs of lesion.,images/pet_scan_breast_lesion_2342.jpg
MRI image of the anterior lung showing signs of swelling.,images/mri_lung_swelling_2343.jpg
X-ray image of the central abdomen showing signs of scar tissue.,images/x-ray_abdomen_scar tissue_2344.jpg
MRI image of the left bladder showing signs of swelling.,images/mri_bladder_swelling_2345.jpg
MRI image of the right thyroid showing signs of infection.,images/mri_thyroid_infection_2346.jpg
Mammogram image of the right heart showing signs of swelling.,images/mammogram_heart_swelling_2347.jpg
CT scan image of the right lung showing signs of swelling.,images/ct_scan_lung_swelling_2348.jpg
X-ray image of the anterior spine showing signs of fracture.,images/x-ray_spine_fracture_2349.jpg
Mammogram image of the lower eye showing signs of calcification.,images/mammogram_eye_calcification_2350.jpg
CT scan image of the upper knee showing signs of degeneration.,images/ct_scan_knee_degeneration_2351.jpg
MRI image of the right heart showing signs of calcification.,images/mri_heart_calcification_2352.jpg
Mammogram image of the left eye showing signs of lesion.,images/mammogram_eye_lesion_2353.jpg
PET scan image of the lower heart showing signs of lesion.,images/pet_scan_heart_lesion_2354.jpg
Ultrasound image of the posterior lung showing signs of inflammation.,images/ultrasound_lung_inflammation_2355.jpg
Ultrasound image of the anterior brain showing signs of infection.,images/ultrasound_brain_infection_2356.jpg
Ultrasound image of the lower eye showing signs of fluid accumulation.,images/ultrasound_eye_fluid accumulation_2357.jpg
Angiogram image of the left brain showing signs of hernia.,images/angiogram_brain_hernia_2358.jpg
Ultrasound image of the left brain showing signs of lesion.,images/ultrasound_brain_lesion_2359.jpg
X-ray image of the upper liver showing signs of tumor.,images/x-ray_liver_tumor_2360.jpg
MRI image of the left liver showing signs of lesion.,images/mri_liver_lesion_2361.jpg
CT scan image of the left abdomen showing signs of degeneration.,images/ct_scan_abdomen_degeneration_2362.jpg
Ultrasound image of the upper spine showing signs of abnormal growth.,images/ultrasound_spine_abnormal growth_2363.jpg
Endoscopy image of the central pancreas showing signs of calcification.,images/endoscopy_pancreas_calcification_2364.jpg
CT scan image of the central lung showing signs of degeneration.,images/ct_scan_lung_degeneration_2365.jpg
PET scan image of the central eye showing signs of infection.,images/pet_scan_eye_infection_2366.jpg
X-ray image of the posterior spine showing signs of tumor.,images/x-ray_spine_tumor_2367.jpg
MRI image of the central abdomen showing signs of inflammation.,images/mri_abdomen_inflammation_2368.jpg
Mammogram image of the lower lung showing signs of cyst.,images/mammogram_lung_cyst_2369.jpg
Mammogram image of the right bladder showing signs of mass.,images/mammogram_bladder_mass_2370.jpg
Endoscopy image of the right heart showing signs of infection.,images/endoscopy_heart_infection_2371.jpg
CT scan image of the upper spine showing signs of atrophy.,images/ct_scan_spine_atrophy_2372.jpg
X-ray image of the upper spine showing signs of inflammation.,images/x-ray_spine_inflammation_2373.jpg
CT scan image of the no specific pancreas showing signs of inflammation.,images/ct_scan_pancreas_inflammation_2374.jpg
X-ray image of the anterior abdomen showing signs of lesion.,images/x-ray_abdomen_lesion_2375.jpg
PET scan image of the no specific heart showing signs of tumor.,images/pet_scan_heart_tumor_2376.jpg
X-ray image of the bilateral brain showing signs of cyst.,images/x-ray_brain_cyst_2377.jpg
CT scan image of the bilateral spine showing signs of fracture.,images/ct_scan_spine_fracture_2378.jpg
PET scan image of the posterior pancreas showing signs of infection.,images/pet_scan_pancreas_infection_2379.jpg
CT scan image of the no specific thyroid showing signs of infection.,images/ct_scan_thyroid_infection_2380.jpg
PET scan image of the lower brain showing signs of infection.,images/pet_scan_brain_infection_2381.jpg
Endoscopy image of the anterior pancreas showing signs of blockage.,images/endoscopy_pancreas_blockage_2382.jpg
Ultrasound image of the no specific brain showing signs of fluid accumulation.,images/ultrasound_brain_fluid accumulation_2383.jpg
Endoscopy image of the posterior eye showing signs of swelling.,images/endoscopy_eye_swelling_2384.jpg
PET scan image of the central thyroid showing signs of inflammation.,images/pet_scan_thyroid_inflammation_2385.jpg
X-ray image of the central brain showing signs of abnormal growth.,images/x-ray_brain_abnormal growth_2386.jpg
Mammogram image of the upper eye showing signs of calcification.,images/mammogram_eye_calcification_2387.jpg
Endoscopy image of the central thyroid showing signs of blockage.,images/endoscopy_thyroid_blockage_2388.jpg
X-ray image of the upper brain showing signs of fracture.,images/x-ray_brain_fracture_2389.jpg
X-ray image of the bilateral lung showing signs of mass.,images/x-ray_lung_mass_2390.jpg
PET scan image of the lower lung showing signs of blockage.,images/pet_scan_lung_blockage_2391.jpg
X-ray image of the left breast showing signs of hernia.,images/x-ray_breast_hernia_2392.jpg
PET scan image of the lower spine showing signs of inflammation.,images/pet_scan_spine_inflammation_2393.jpg
Endoscopy image of the right knee showing signs of abnormal growth.,images/endoscopy_knee_abnormal growth_2394.jpg
Ultrasound image of the central eye showing signs of tumor.,images/ultrasound_eye_tumor_2395.jpg
Ultrasound image of the right spine showing signs of infection.,images/ultrasound_spine_infection_2396.jpg
Mammogram image of the no specific abdomen showing signs of mass.,images/mammogram_abdomen_mass_2397.jpg
Mammogram image of the anterior spine showing signs of calcification.,images/mammogram_spine_calcification_2398.jpg
Endoscopy image of the lower lung showing signs of fluid accumulation.,images/endoscopy_lung_fluid accumulation_2399.jpg
CT scan image of the upper spine showing signs of fracture.,images/ct_scan_spine_fracture_2400.jpg
MRI image of the right breast showing signs of abnormal growth.,images/mri_breast_abnormal growth_2401.jpg
Endoscopy image of the right knee showing signs of abnormal growth.,images/endoscopy_knee_abnormal growth_2402.jpg
Endoscopy image of the right liver showing signs of scar tissue.,images/endoscopy_liver_scar tissue_2403.jpg
Endoscopy image of the posterior pancreas showing signs of blockage.,images/endoscopy_pancreas_blockage_2404.jpg
PET scan image of the bilateral eye showing signs of atrophy.,images/pet_scan_eye_atrophy_2405.jpg
Ultrasound image of the upper spine showing signs of fracture.,images/ultrasound_spine_fracture_2406.jpg
MRI image of the upper thyroid showing signs of atrophy.,images/mri_thyroid_atrophy_2407.jpg
Endoscopy image of the anterior eye showing signs of abnormal growth.,images/endoscopy_eye_abnormal growth_2408.jpg
Ultrasound image of the central brain showing signs of inflammation.,images/ultrasound_brain_inflammation_2409.jpg
Mammogram image of the left brain showing signs of tumor.,images/mammogram_brain_tumor_2410.jpg
MRI image of the anterior lung showing signs of hernia.,images/mri_lung_hernia_2411.jpg
CT scan image of the left liver showing signs of abnormal growth.,images/ct_scan_liver_abnormal growth_2412.jpg
PET scan image of the central breast showing signs of calcification.,images/pet_scan_breast_calcification_2413.jpg
CT scan image of the bilateral abdomen showing signs of tumor.,images/ct_scan_abdomen_tumor_2414.jpg
Ultrasound image of the left abdomen showing signs of inflammation.,images/ultrasound_abdomen_inflammation_2415.jpg
PET scan image of the lower knee showing signs of infection.,images/pet_scan_knee_infection_2416.jpg
Ultrasound image of the upper brain showing signs of calcification.,images/ultrasound_brain_calcification_2417.jpg
PET scan image of the lower pancreas showing signs of blockage.,images/pet_scan_pancreas_blockage_2418.jpg
Mammogram image of the anterior thyroid showing signs of tumor.,images/mammogram_thyroid_tumor_2419.jpg
CT scan image of the posterior eye showing signs of blockage.,images/ct_scan_eye_blockage_2420.jpg
Endoscopy image of the central eye showing signs of inflammation.,images/endoscopy_eye_inflammation_2421.jpg
Endoscopy image of the lower liver showing signs of calcification.,images/endoscopy_liver_calcification_2422.jpg
MRI image of the central breast showing signs of mass.,images/mri_breast_mass_2423.jpg
Ultrasound image of the anterior abdomen showing signs of infection.,images/ultrasound_abdomen_infection_2424.jpg
Angiogram image of the right spine showing signs of infection.,images/angiogram_spine_infection_2425.jpg
X-ray image of the anterior breast showing signs of calcification.,images/x-ray_breast_calcification_2426.jpg
PET scan image of the central brain showing signs of mass.,images/pet_scan_brain_mass_2427.jpg
X-ray image of the left heart showing signs of scar tissue.,images/x-ray_heart_scar tissue_2428.jpg
Angiogram image of the no specific knee showing signs of atrophy.,images/angiogram_knee_atrophy_2429.jpg
X-ray image of the no specific liver showing signs of degeneration.,images/x-ray_liver_degeneration_2430.jpg
Ultrasound image of the bilateral eye showing signs of fracture.,images/ultrasound_eye_fracture_2431.jpg
CT scan image of the upper abdomen showing signs of atrophy.,images/ct_scan_abdomen_atrophy_2432.jpg
Ultrasound image of the upper pancreas showing signs of fluid accumulation.,images/ultrasound_pancreas_fluid accumulation_2433.jpg
MRI image of the bilateral heart showing signs of atrophy.,images/mri_heart_atrophy_2434.jpg
CT scan image of the bilateral knee showing signs of tumor.,images/ct_scan_knee_tumor_2435.jpg
X-ray image of the no specific pancreas showing signs of infection.,images/x-ray_pancreas_infection_2436.jpg
Ultrasound image of the left knee showing signs of calcification.,images/ultrasound_knee_calcification_2437.jpg
CT scan image of the upper knee showing signs of abnormal growth.,images/ct_scan_knee_abnormal growth_2438.jpg
PET scan image of the no specific thyroid showing signs of swelling.,images/pet_scan_thyroid_swelling_2439.jpg
PET scan image of the anterior liver showing signs of infection.,images/pet_scan_liver_infection_2440.jpg
PET scan image of the right abdomen showing signs of hernia.,images/pet_scan_abdomen_hernia_2441.jpg
PET scan image of the central eye showing signs of inflammation.,images/pet_scan_eye_inflammation_2442.jpg
X-ray image of the left liver showing signs of scar tissue.,images/x-ray_liver_scar tissue_2443.jpg
X-ray image of the bilateral eye showing signs of infection.,images/x-ray_eye_infection_2444.jpg
Angiogram image of the bilateral pancreas showing signs of degeneration.,images/angiogram_pancreas_degeneration_2445.jpg
Angiogram image of the lower heart showing signs of inflammation.,images/angiogram_heart_inflammation_2446.jpg
PET scan image of the no specific eye showing signs of fluid accumulation.,images/pet_scan_eye_fluid accumulation_2447.jpg
PET scan image of the bilateral lung showing signs of tumor.,images/pet_scan_lung_tumor_2448.jpg
PET scan image of the bilateral spine showing signs of inflammation.,images/pet_scan_spine_inflammation_2449.jpg
Ultrasound image of the left liver showing signs of tumor.,images/ultrasound_liver_tumor_2450.jpg
MRI image of the central breast showing signs of fluid accumulation.,images/mri_breast_fluid accumulation_2451.jpg
Mammogram image of the left lung showing signs of fracture.,images/mammogram_lung_fracture_2452.jpg
PET scan image of the bilateral breast showing signs of cyst.,images/pet_scan_breast_cyst_2453.jpg
MRI image of the upper liver showing signs of fluid accumulation.,images/mri_liver_fluid accumulation_2454.jpg
PET scan image of the right liver showing signs of lesion.,images/pet_scan_liver_lesion_2455.jpg
MRI image of the upper lung showing signs of lesion.,images/mri_lung_lesion_2456.jpg
X-ray image of the left bladder showing signs of degeneration.,images/x-ray_bladder_degeneration_2457.jpg
CT scan image of the no specific liver showing signs of tumor.,images/ct_scan_liver_tumor_2458.jpg
X-ray image of the central thyroid showing signs of fluid accumulation.,images/x-ray_thyroid_fluid accumulation_2459.jpg
MRI image of the central breast showing signs of scar tissue.,images/mri_breast_scar tissue_2460.jpg
Endoscopy image of the upper eye showing signs of swelling.,images/endoscopy_eye_swelling_2461.jpg
Mammogram image of the lower brain showing signs of inflammation.,images/mammogram_brain_inflammation_2462.jpg
CT scan image of the bilateral breast showing signs of atrophy.,images/ct_scan_breast_atrophy_2463.jpg
X-ray image of the right pancreas showing signs of inflammation.,images/x-ray_pancreas_inflammation_2464.jpg
Ultrasound image of the right abdomen showing signs of mass.,images/ultrasound_abdomen_mass_2465.jpg
Mammogram image of the no specific knee showing signs of blockage.,images/mammogram_knee_blockage_2466.jpg
X-ray image of the anterior lung showing signs of fluid accumulation.,images/x-ray_lung_fluid accumulation_2467.jpg
Ultrasound image of the no specific knee showing signs of mass.,images/ultrasound_knee_mass_2468.jpg
Endoscopy image of the posterior bladder showing signs of blockage.,images/endoscopy_bladder_blockage_2469.jpg
Mammogram image of the right pancreas showing signs of degeneration.,images/mammogram_pancreas_degeneration_2470.jpg
CT scan image of the posterior bladder showing signs of cyst.,images/ct_scan_bladder_cyst_2471.jpg
Ultrasound image of the anterior thyroid showing signs of blockage.,images/ultrasound_thyroid_blockage_2472.jpg
Mammogram image of the upper breast showing signs of tumor.,images/mammogram_breast_tumor_2473.jpg
MRI image of the bilateral brain showing signs of fracture.,images/mri_brain_fracture_2474.jpg
Angiogram image of the upper knee showing signs of atrophy.,images/angiogram_knee_atrophy_2475.jpg
X-ray image of the left pancreas showing signs of infection.,images/x-ray_pancreas_infection_2476.jpg
Ultrasound image of the lower lung showing signs of abnormal growth.,images/ultrasound_lung_abnormal growth_2477.jpg
CT scan image of the upper heart showing signs of fluid accumulation.,images/ct_scan_heart_fluid accumulation_2478.jpg
PET scan image of the anterior eye showing signs of cyst.,images/pet_scan_eye_cyst_2479.jpg
PET scan image of the bilateral knee showing signs of abnormal growth.,images/pet_scan_knee_abnormal growth_2480.jpg
Endoscopy image of the no specific liver showing signs of tumor.,images/endoscopy_liver_tumor_2481.jpg
PET scan image of the anterior breast showing signs of tumor.,images/pet_scan_breast_tumor_2482.jpg
X-ray image of the central knee showing signs of atrophy.,images/x-ray_knee_atrophy_2483.jpg
Angiogram image of the no specific eye showing signs of mass.,images/angiogram_eye_mass_2484.jpg
PET scan image of the lower liver showing signs of fracture.,images/pet_scan_liver_fracture_2485.jpg
X-ray image of the central brain showing signs of fracture.,images/x-ray_brain_fracture_2486.jpg
CT scan image of the left abdomen showing signs of scar tissue.,images/ct_scan_abdomen_scar tissue_2487.jpg
PET scan image of the central thyroid showing signs of abnormal growth.,images/pet_scan_thyroid_abnormal growth_2488.jpg
Angiogram image of the right bladder showing signs of infection.,images/angiogram_bladder_infection_2489.jpg
Angiogram image of the anterior brain showing signs of swelling.,images/angiogram_brain_swelling_2490.jpg
MRI image of the anterior liver showing signs of calcification.,images/mri_liver_calcification_2491.jpg
Mammogram image of the no specific breast showing signs of tumor.,images/mammogram_breast_tumor_2492.jpg
PET scan image of the anterior bladder showing signs of fluid accumulation.,images/pet_scan_bladder_fluid accumulation_2493.jpg
MRI image of the left lung showing signs of inflammation.,images/mri_lung_inflammation_2494.jpg
PET scan image of the lower lung showing signs of calcification.,images/pet_scan_lung_calcification_2495.jpg
Mammogram image of the right heart showing signs of infection.,images/mammogram_heart_infection_2496.jpg
Endoscopy image of the central thyroid showing signs of lesion.,images/endoscopy_thyroid_lesion_2497.jpg
Mammogram image of the upper breast showing signs of scar tissue.,images/mammogram_breast_scar tissue_2498.jpg
Mammogram image of the bilateral breast showing signs of hernia.,images/mammogram_breast_hernia_2499.jpg
Angiogram image of the left eye showing signs of tumor.,images/angiogram_eye_tumor_2500.jpg
Ultrasound image of the upper abdomen showing signs of degeneration.,images/ultrasound_abdomen_degeneration_2501.jpg
Endoscopy image of the left lung showing signs of mass.,images/endoscopy_lung_mass_2502.jpg
Endoscopy image of the right knee showing signs of fracture.,images/endoscopy_knee_fracture_2503.jpg
MRI image of the lower bladder showing signs of abnormal growth.,images/mri_bladder_abnormal growth_2504.jpg
MRI image of the lower thyroid showing signs of swelling.,images/mri_thyroid_swelling_2505.jpg
Angiogram image of the right lung showing signs of lesion.,images/angiogram_lung_lesion_2506.jpg
Mammogram image of the bilateral bladder showing signs of atrophy.,images/mammogram_bladder_atrophy_2507.jpg
X-ray image of the upper abdomen showing signs of calcification.,images/x-ray_abdomen_calcification_2508.jpg
Ultrasound image of the upper eye showing signs of blockage.,images/ultrasound_eye_blockage_2509.jpg
Angiogram image of the posterior breast showing signs of mass.,images/angiogram_breast_mass_2510.jpg
X-ray image of the upper eye showing signs of lesion.,images/x-ray_eye_lesion_2511.jpg
Angiogram image of the upper liver showing signs of inflammation.,images/angiogram_liver_inflammation_2512.jpg
Ultrasound image of the right heart showing signs of calcification.,images/ultrasound_heart_calcification_2513.jpg
PET scan image of the posterior liver showing signs of inflammation.,images/pet_scan_liver_inflammation_2514.jpg
Ultrasound image of the central breast showing signs of cyst.,images/ultrasound_breast_cyst_2515.jpg
Ultrasound image of the upper bladder showing signs of mass.,images/ultrasound_bladder_mass_2516.jpg
PET scan image of the bilateral heart showing signs of hernia.,images/pet_scan_heart_hernia_2517.jpg
Angiogram image of the lower bladder showing signs of atrophy.,images/angiogram_bladder_atrophy_2518.jpg
X-ray image of the lower lung showing signs of fracture.,images/x-ray_lung_fracture_2519.jpg
MRI image of the right lung showing signs of calcification.,images/mri_lung_calcification_2520.jpg
CT scan image of the bilateral spine showing signs of calcification.,images/ct_scan_spine_calcification_2521.jpg
PET scan image of the bilateral abdomen showing signs of lesion.,images/pet_scan_abdomen_lesion_2522.jpg
X-ray image of the anterior knee showing signs of atrophy.,images/x-ray_knee_atrophy_2523.jpg
Ultrasound image of the no specific bladder showing signs of scar tissue.,images/ultrasound_bladder_scar tissue_2524.jpg
Ultrasound image of the lower breast showing signs of fracture.,images/ultrasound_breast_fracture_2525.jpg
CT scan image of the right liver showing signs of degeneration.,images/ct_scan_liver_degeneration_2526.jpg
MRI image of the lower knee showing signs of hernia.,images/mri_knee_hernia_2527.jpg
Angiogram image of the lower abdomen showing signs of fracture.,images/angiogram_abdomen_fracture_2528.jpg
X-ray image of the anterior abdomen showing signs of inflammation.,images/x-ray_abdomen_inflammation_2529.jpg
Angiogram image of the left breast showing signs of swelling.,images/angiogram_breast_swelling_2530.jpg
MRI image of the anterior liver showing signs of infection.,images/mri_liver_infection_2531.jpg
Endoscopy image of the central lung showing signs of lesion.,images/endoscopy_lung_lesion_2532.jpg
MRI image of the upper bladder showing signs of mass.,images/mri_bladder_mass_2533.jpg
MRI image of the central breast showing signs of scar tissue.,images/mri_breast_scar tissue_2534.jpg
Angiogram image of the upper breast showing signs of calcification.,images/angiogram_breast_calcification_2535.jpg
Endoscopy image of the right liver showing signs of swelling.,images/endoscopy_liver_swelling_2536.jpg
PET scan image of the anterior heart showing signs of hernia.,images/pet_scan_heart_hernia_2537.jpg
CT scan image of the upper eye showing signs of calcification.,images/ct_scan_eye_calcification_2538.jpg
Endoscopy image of the right spine showing signs of degeneration.,images/endoscopy_spine_degeneration_2539.jpg
Mammogram image of the central knee showing signs of hernia.,images/mammogram_knee_hernia_2540.jpg
X-ray image of the right pancreas showing signs of cyst.,images/x-ray_pancreas_cyst_2541.jpg
MRI image of the central pancreas showing signs of tumor.,images/mri_pancreas_tumor_2542.jpg
Angiogram image of the lower knee showing signs of inflammation.,images/angiogram_knee_inflammation_2543.jpg
PET scan image of the no specific lung showing signs of mass.,images/pet_scan_lung_mass_2544.jpg
Mammogram image of the left heart showing signs of fluid accumulation.,images/mammogram_heart_fluid accumulation_2545.jpg
Ultrasound image of the posterior knee showing signs of cyst.,images/ultrasound_knee_cyst_2546.jpg
CT scan image of the posterior knee showing signs of swelling.,images/ct_scan_knee_swelling_2547.jpg
Mammogram image of the left spine showing signs of degeneration.,images/mammogram_spine_degeneration_2548.jpg
CT scan image of the central breast showing signs of infection.,images/ct_scan_breast_infection_2549.jpg
Ultrasound image of the anterior eye showing signs of mass.,images/ultrasound_eye_mass_2550.jpg
X-ray image of the central breast showing signs of mass.,images/x-ray_breast_mass_2551.jpg
PET scan image of the lower spine showing signs of degeneration.,images/pet_scan_spine_degeneration_2552.jpg
Angiogram image of the left brain showing signs of tumor.,images/angiogram_brain_tumor_2553.jpg
MRI image of the anterior spine showing signs of blockage.,images/mri_spine_blockage_2554.jpg
MRI image of the left spine showing signs of calcification.,images/mri_spine_calcification_2555.jpg
X-ray image of the anterior bladder showing signs of atrophy.,images/x-ray_bladder_atrophy_2556.jpg
X-ray image of the upper breast showing signs of lesion.,images/x-ray_breast_lesion_2557.jpg
Mammogram image of the posterior bladder showing signs of hernia.,images/mammogram_bladder_hernia_2558.jpg
PET scan image of the lower spine showing signs of mass.,images/pet_scan_spine_mass_2559.jpg
Angiogram image of the no specific liver showing signs of calcification.,images/angiogram_liver_calcification_2560.jpg
Endoscopy image of the left breast showing signs of abnormal growth.,images/endoscopy_breast_abnormal growth_2561.jpg
CT scan image of the upper bladder showing signs of mass.,images/ct_scan_bladder_mass_2562.jpg
CT scan image of the lower breast showing signs of scar tissue.,images/ct_scan_breast_scar tissue_2563.jpg
PET scan image of the left bladder showing signs of cyst.,images/pet_scan_bladder_cyst_2564.jpg
CT scan image of the posterior eye showing signs of scar tissue.,images/ct_scan_eye_scar tissue_2565.jpg
CT scan image of the no specific breast showing signs of cyst.,images/ct_scan_breast_cyst_2566.jpg
CT scan image of the lower thyroid showing signs of blockage.,images/ct_scan_thyroid_blockage_2567.jpg
PET scan image of the central bladder showing signs of infection.,images/pet_scan_bladder_infection_2568.jpg
Endoscopy image of the right knee showing signs of tumor.,images/endoscopy_knee_tumor_2569.jpg
Angiogram image of the anterior pancreas showing signs of infection.,images/angiogram_pancreas_infection_2570.jpg
Ultrasound image of the no specific heart showing signs of cyst.,images/ultrasound_heart_cyst_2571.jpg
PET scan image of the central liver showing signs of fluid accumulation.,images/pet_scan_liver_fluid accumulation_2572.jpg
Ultrasound image of the right pancreas showing signs of swelling.,images/ultrasound_pancreas_swelling_2573.jpg
Angiogram image of the bilateral abdomen showing signs of calcification.,images/angiogram_abdomen_calcification_2574.jpg
PET scan image of the no specific lung showing signs of atrophy.,images/pet_scan_lung_atrophy_2575.jpg
Endoscopy image of the right bladder showing signs of inflammation.,images/endoscopy_bladder_inflammation_2576.jpg
CT scan image of the right thyroid showing signs of hernia.,images/ct_scan_thyroid_hernia_2577.jpg
Endoscopy image of the lower knee showing signs of fluid accumulation.,images/endoscopy_knee_fluid accumulation_2578.jpg
Angiogram image of the no specific abdomen showing signs of abnormal growth.,images/angiogram_abdomen_abnormal growth_2579.jpg
Endoscopy image of the posterior lung showing signs of degeneration.,images/endoscopy_lung_degeneration_2580.jpg
X-ray image of the lower breast showing signs of lesion.,images/x-ray_breast_lesion_2581.jpg
CT scan image of the bilateral abdomen showing signs of fracture.,images/ct_scan_abdomen_fracture_2582.jpg
X-ray image of the right thyroid showing signs of tumor.,images/x-ray_thyroid_tumor_2583.jpg
Angiogram image of the no specific thyroid showing signs of calcification.,images/angiogram_thyroid_calcification_2584.jpg
Endoscopy image of the bilateral abdomen showing signs of abnormal growth.,images/endoscopy_abdomen_abnormal growth_2585.jpg
Endoscopy image of the left breast showing signs of hernia.,images/endoscopy_breast_hernia_2586.jpg
PET scan image of the right brain showing signs of abnormal growth.,images/pet_scan_brain_abnormal growth_2587.jpg
Ultrasound image of the no specific knee showing signs of lesion.,images/ultrasound_knee_lesion_2588.jpg
Endoscopy image of the left lung showing signs of blockage.,images/endoscopy_lung_blockage_2589.jpg
X-ray image of the no specific liver showing signs of mass.,images/x-ray_liver_mass_2590.jpg
Angiogram image of the left brain showing signs of calcification.,images/angiogram_brain_calcification_2591.jpg
Angiogram image of the no specific knee showing signs of degeneration.,images/angiogram_knee_degeneration_2592.jpg
PET scan image of the no specific heart showing signs of lesion.,images/pet_scan_heart_lesion_2593.jpg
Mammogram image of the anterior lung showing signs of fracture.,images/mammogram_lung_fracture_2594.jpg
PET scan image of the upper heart showing signs of swelling.,images/pet_scan_heart_swelling_2595.jpg
Endoscopy image of the bilateral lung showing signs of blockage.,images/endoscopy_lung_blockage_2596.jpg
Angiogram image of the upper lung showing signs of cyst.,images/angiogram_lung_cyst_2597.jpg
Mammogram image of the anterior lung showing signs of lesion.,images/mammogram_lung_lesion_2598.jpg
Mammogram image of the posterior thyroid showing signs of inflammation.,images/mammogram_thyroid_inflammation_2599.jpg
PET scan image of the bilateral bladder showing signs of degeneration.,images/pet_scan_bladder_degeneration_2600.jpg
Angiogram image of the left thyroid showing signs of abnormal growth.,images/angiogram_thyroid_abnormal growth_2601.jpg
CT scan image of the right thyroid showing signs of lesion.,images/ct_scan_thyroid_lesion_2602.jpg
CT scan image of the central knee showing signs of inflammation.,images/ct_scan_knee_inflammation_2603.jpg
PET scan image of the upper spine showing signs of tumor.,images/pet_scan_spine_tumor_2604.jpg
PET scan image of the no specific breast showing signs of abnormal growth.,images/pet_scan_breast_abnormal growth_2605.jpg
MRI image of the right brain showing signs of inflammation.,images/mri_brain_inflammation_2606.jpg
Angiogram image of the anterior liver showing signs of hernia.,images/angiogram_liver_hernia_2607.jpg
Endoscopy image of the right lung showing signs of inflammation.,images/endoscopy_lung_inflammation_2608.jpg
Ultrasound image of the posterior liver showing signs of tumor.,images/ultrasound_liver_tumor_2609.jpg
PET scan image of the posterior knee showing signs of swelling.,images/pet_scan_knee_swelling_2610.jpg
MRI image of the central brain showing signs of inflammation.,images/mri_brain_inflammation_2611.jpg
Angiogram image of the no specific liver showing signs of mass.,images/angiogram_liver_mass_2612.jpg
CT scan image of the lower breast showing signs of atrophy.,images/ct_scan_breast_atrophy_2613.jpg
PET scan image of the lower thyroid showing signs of blockage.,images/pet_scan_thyroid_blockage_2614.jpg
MRI image of the no specific breast showing signs of abnormal growth.,images/mri_breast_abnormal growth_2615.jpg
MRI image of the anterior lung showing signs of degeneration.,images/mri_lung_degeneration_2616.jpg
Mammogram image of the posterior heart showing signs of swelling.,images/mammogram_heart_swelling_2617.jpg
Mammogram image of the posterior liver showing signs of abnormal growth.,images/mammogram_liver_abnormal growth_2618.jpg
PET scan image of the no specific breast showing signs of cyst.,images/pet_scan_breast_cyst_2619.jpg
PET scan image of the no specific spine showing signs of tumor.,images/pet_scan_spine_tumor_2620.jpg
Angiogram image of the lower eye showing signs of infection.,images/angiogram_eye_infection_2621.jpg
Angiogram image of the upper brain showing signs of scar tissue.,images/angiogram_brain_scar tissue_2622.jpg
Angiogram image of the bilateral thyroid showing signs of fracture.,images/angiogram_thyroid_fracture_2623.jpg
Endoscopy image of the bilateral brain showing signs of scar tissue.,images/endoscopy_brain_scar tissue_2624.jpg
PET scan image of the posterior thyroid showing signs of fracture.,images/pet_scan_thyroid_fracture_2625.jpg
Mammogram image of the bilateral bladder showing signs of atrophy.,images/mammogram_bladder_atrophy_2626.jpg
X-ray image of the central lung showing signs of swelling.,images/x-ray_lung_swelling_2627.jpg
Mammogram image of the anterior breast showing signs of fluid accumulation.,images/mammogram_breast_fluid accumulation_2628.jpg
PET scan image of the posterior liver showing signs of swelling.,images/pet_scan_liver_swelling_2629.jpg
MRI image of the upper lung showing signs of tumor.,images/mri_lung_tumor_2630.jpg
MRI image of the no specific liver showing signs of fluid accumulation.,images/mri_liver_fluid accumulation_2631.jpg
Angiogram image of the central abdomen showing signs of hernia.,images/angiogram_abdomen_hernia_2632.jpg
Mammogram image of the lower spine showing signs of lesion.,images/mammogram_spine_lesion_2633.jpg
Endoscopy image of the left eye showing signs of mass.,images/endoscopy_eye_mass_2634.jpg
CT scan image of the right heart showing signs of inflammation.,images/ct_scan_heart_inflammation_2635.jpg
Angiogram image of the upper bladder showing signs of tumor.,images/angiogram_bladder_tumor_2636.jpg
MRI image of the posterior breast showing signs of atrophy.,images/mri_breast_atrophy_2637.jpg
Mammogram image of the bilateral bladder showing signs of scar tissue.,images/mammogram_bladder_scar tissue_2638.jpg
CT scan image of the anterior liver showing signs of swelling.,images/ct_scan_liver_swelling_2639.jpg
Endoscopy image of the bilateral liver showing signs of infection.,images/endoscopy_liver_infection_2640.jpg
PET scan image of the anterior bladder showing signs of inflammation.,images/pet_scan_bladder_inflammation_2641.jpg
Endoscopy image of the no specific spine showing signs of fluid accumulation.,images/endoscopy_spine_fluid accumulation_2642.jpg
X-ray image of the posterior spine showing signs of calcification.,images/x-ray_spine_calcification_2643.jpg
PET scan image of the no specific pancreas showing signs of scar tissue.,images/pet_scan_pancreas_scar tissue_2644.jpg
X-ray image of the upper pancreas showing signs of fluid accumulation.,images/x-ray_pancreas_fluid accumulation_2645.jpg
Ultrasound image of the lower eye showing signs of infection.,images/ultrasound_eye_infection_2646.jpg
Angiogram image of the bilateral heart showing signs of abnormal growth.,images/angiogram_heart_abnormal growth_2647.jpg
PET scan image of the anterior breast showing signs of swelling.,images/pet_scan_breast_swelling_2648.jpg
X-ray image of the no specific lung showing signs of tumor.,images/x-ray_lung_tumor_2649.jpg
Mammogram image of the anterior thyroid showing signs of hernia.,images/mammogram_thyroid_hernia_2650.jpg
MRI image of the anterior eye showing signs of fluid accumulation.,images/mri_eye_fluid accumulation_2651.jpg
CT scan image of the right heart showing signs of tumor.,images/ct_scan_heart_tumor_2652.jpg
Mammogram image of the lower breast showing signs of hernia.,images/mammogram_breast_hernia_2653.jpg
Mammogram image of the central pancreas showing signs of degeneration.,images/mammogram_pancreas_degeneration_2654.jpg
Ultrasound image of the upper pancreas showing signs of scar tissue.,images/ultrasound_pancreas_scar tissue_2655.jpg
Mammogram image of the anterior spine showing signs of lesion.,images/mammogram_spine_lesion_2656.jpg
CT scan image of the lower liver showing signs of swelling.,images/ct_scan_liver_swelling_2657.jpg
Endoscopy image of the lower eye showing signs of scar tissue.,images/endoscopy_eye_scar tissue_2658.jpg
X-ray image of the left breast showing signs of fluid accumulation.,images/x-ray_breast_fluid accumulation_2659.jpg
MRI image of the bilateral pancreas showing signs of swelling.,images/mri_pancreas_swelling_2660.jpg
X-ray image of the right thyroid showing signs of mass.,images/x-ray_thyroid_mass_2661.jpg
CT scan image of the upper liver showing signs of tumor.,images/ct_scan_liver_tumor_2662.jpg
Ultrasound image of the posterior breast showing signs of abnormal growth.,images/ultrasound_breast_abnormal growth_2663.jpg
PET scan image of the posterior heart showing signs of cyst.,images/pet_scan_heart_cyst_2664.jpg
Ultrasound image of the no specific breast showing signs of tumor.,images/ultrasound_breast_tumor_2665.jpg
CT scan image of the lower brain showing signs of mass.,images/ct_scan_brain_mass_2666.jpg
Endoscopy image of the upper brain showing signs of cyst.,images/endoscopy_brain_cyst_2667.jpg
Mammogram image of the right bladder showing signs of abnormal growth.,images/mammogram_bladder_abnormal growth_2668.jpg
Angiogram image of the lower lung showing signs of fracture.,images/angiogram_lung_fracture_2669.jpg
MRI image of the anterior liver showing signs of hernia.,images/mri_liver_hernia_2670.jpg
Mammogram image of the lower thyroid showing signs of hernia.,images/mammogram_thyroid_hernia_2671.jpg
X-ray image of the anterior pancreas showing signs of cyst.,images/x-ray_pancreas_cyst_2672.jpg
Endoscopy image of the right lung showing signs of infection.,images/endoscopy_lung_infection_2673.jpg
CT scan image of the posterior lung showing signs of degeneration.,images/ct_scan_lung_degeneration_2674.jpg
X-ray image of the left liver showing signs of hernia.,images/x-ray_liver_hernia_2675.jpg
CT scan image of the no specific abdomen showing signs of mass.,images/ct_scan_abdomen_mass_2676.jpg
MRI image of the no specific brain showing signs of infection.,images/mri_brain_infection_2677.jpg
Endoscopy image of the left lung showing signs of abnormal growth.,images/endoscopy_lung_abnormal growth_2678.jpg
MRI image of the anterior pancreas showing signs of hernia.,images/mri_pancreas_hernia_2679.jpg
Mammogram image of the central knee showing signs of atrophy.,images/mammogram_knee_atrophy_2680.jpg
Mammogram image of the bilateral liver showing signs of cyst.,images/mammogram_liver_cyst_2681.jpg
PET scan image of the no specific eye showing signs of degeneration.,images/pet_scan_eye_degeneration_2682.jpg
Angiogram image of the anterior liver showing signs of swelling.,images/angiogram_liver_swelling_2683.jpg
Endoscopy image of the upper thyroid showing signs of fracture.,images/endoscopy_thyroid_fracture_2684.jpg
X-ray image of the anterior knee showing signs of tumor.,images/x-ray_knee_tumor_2685.jpg
Endoscopy image of the left abdomen showing signs of calcification.,images/endoscopy_abdomen_calcification_2686.jpg
Mammogram image of the lower lung showing signs of mass.,images/mammogram_lung_mass_2687.jpg
Ultrasound image of the lower eye showing signs of tumor.,images/ultrasound_eye_tumor_2688.jpg
Angiogram image of the no specific spine showing signs of swelling.,images/angiogram_spine_swelling_2689.jpg
Ultrasound image of the posterior brain showing signs of fracture.,images/ultrasound_brain_fracture_2690.jpg
X-ray image of the upper pancreas showing signs of blockage.,images/x-ray_pancreas_blockage_2691.jpg
X-ray image of the bilateral breast showing signs of fluid accumulation.,images/x-ray_breast_fluid accumulation_2692.jpg
Angiogram image of the upper bladder showing signs of blockage.,images/angiogram_bladder_blockage_2693.jpg
CT scan image of the no specific pancreas showing signs of calcification.,images/ct_scan_pancreas_calcification_2694.jpg
X-ray image of the central breast showing signs of degeneration.,images/x-ray_breast_degeneration_2695.jpg
MRI image of the bilateral lung showing signs of calcification.,images/mri_lung_calcification_2696.jpg
Angiogram image of the anterior lung showing signs of calcification.,images/angiogram_lung_calcification_2697.jpg
X-ray image of the posterior eye showing signs of hernia.,images/x-ray_eye_hernia_2698.jpg
Endoscopy image of the upper bladder showing signs of hernia.,images/endoscopy_bladder_hernia_2699.jpg
MRI image of the upper heart showing signs of hernia.,images/mri_heart_hernia_2700.jpg
Mammogram image of the lower thyroid showing signs of fluid accumulation.,images/mammogram_thyroid_fluid accumulation_2701.jpg
X-ray image of the central pancreas showing signs of fluid accumulation.,images/x-ray_pancreas_fluid accumulation_2702.jpg
Endoscopy image of the upper lung showing signs of calcification.,images/endoscopy_lung_calcification_2703.jpg
MRI image of the right liver showing signs of mass.,images/mri_liver_mass_2704.jpg
X-ray image of the posterior heart showing signs of cyst.,images/x-ray_heart_cyst_2705.jpg
MRI image of the posterior heart showing signs of tumor.,images/mri_heart_tumor_2706.jpg
CT scan image of the lower thyroid showing signs of degeneration.,images/ct_scan_thyroid_degeneration_2707.jpg
X-ray image of the bilateral brain showing signs of fracture.,images/x-ray_brain_fracture_2708.jpg
Angiogram image of the posterior pancreas showing signs of tumor.,images/angiogram_pancreas_tumor_2709.jpg
Endoscopy image of the bilateral bladder showing signs of swelling.,images/endoscopy_bladder_swelling_2710.jpg
Mammogram image of the anterior breast showing signs of calcification.,images/mammogram_breast_calcification_2711.jpg
Angiogram image of the bilateral pancreas showing signs of atrophy.,images/angiogram_pancreas_atrophy_2712.jpg
X-ray image of the right knee showing signs of atrophy.,images/x-ray_knee_atrophy_2713.jpg
X-ray image of the posterior liver showing signs of lesion.,images/x-ray_liver_lesion_2714.jpg
X-ray image of the right spine showing signs of cyst.,images/x-ray_spine_cyst_2715.jpg
Ultrasound image of the no specific eye showing signs of cyst.,images/ultrasound_eye_cyst_2716.jpg
PET scan image of the upper knee showing signs of blockage.,images/pet_scan_knee_blockage_2717.jpg
Endoscopy image of the left thyroid showing signs of atrophy.,images/endoscopy_thyroid_atrophy_2718.jpg
CT scan image of the upper thyroid showing signs of tumor.,images/ct_scan_thyroid_tumor_2719.jpg
X-ray image of the right brain showing signs of fluid accumulation.,images/x-ray_brain_fluid accumulation_2720.jpg
MRI image of the lower heart showing signs of lesion.,images/mri_heart_lesion_2721.jpg
Ultrasound image of the no specific eye showing signs of fluid accumulation.,images/ultrasound_eye_fluid accumulation_2722.jpg
Ultrasound image of the anterior breast showing signs of inflammation.,images/ultrasound_breast_inflammation_2723.jpg
Endoscopy image of the lower eye showing signs of tumor.,images/endoscopy_eye_tumor_2724.jpg
Ultrasound image of the no specific liver showing signs of fluid accumulation.,images/ultrasound_liver_fluid accumulation_2725.jpg
PET scan image of the right thyroid showing signs of calcification.,images/pet_scan_thyroid_calcification_2726.jpg
CT scan image of the left spine showing signs of swelling.,images/ct_scan_spine_swelling_2727.jpg
Angiogram image of the lower thyroid showing signs of mass.,images/angiogram_thyroid_mass_2728.jpg
MRI image of the right heart showing signs of infection.,images/mri_heart_infection_2729.jpg
Endoscopy image of the central abdomen showing signs of blockage.,images/endoscopy_abdomen_blockage_2730.jpg
Angiogram image of the anterior breast showing signs of fluid accumulation.,images/angiogram_breast_fluid accumulation_2731.jpg
CT scan image of the upper abdomen showing signs of hernia.,images/ct_scan_abdomen_hernia_2732.jpg
CT scan image of the right liver showing signs of blockage.,images/ct_scan_liver_blockage_2733.jpg
CT scan image of the no specific heart showing signs of abnormal growth.,images/ct_scan_heart_abnormal growth_2734.jpg
PET scan image of the posterior bladder showing signs of scar tissue.,images/pet_scan_bladder_scar tissue_2735.jpg
MRI image of the lower knee showing signs of fracture.,images/mri_knee_fracture_2736.jpg
X-ray image of the lower breast showing signs of atrophy.,images/x-ray_breast_atrophy_2737.jpg
Angiogram image of the left eye showing signs of cyst.,images/angiogram_eye_cyst_2738.jpg
Angiogram image of the no specific pancreas showing signs of hernia.,images/angiogram_pancreas_hernia_2739.jpg
PET scan image of the left spine showing signs of fluid accumulation.,images/pet_scan_spine_fluid accumulation_2740.jpg
MRI image of the right breast showing signs of scar tissue.,images/mri_breast_scar tissue_2741.jpg
PET scan image of the anterior heart showing signs of atrophy.,images/pet_scan_heart_atrophy_2742.jpg
Ultrasound image of the bilateral abdomen showing signs of blockage.,images/ultrasound_abdomen_blockage_2743.jpg
MRI image of the upper pancreas showing signs of scar tissue.,images/mri_pancreas_scar tissue_2744.jpg
Endoscopy image of the no specific lung showing signs of inflammation.,images/endoscopy_lung_inflammation_2745.jpg
Angiogram image of the anterior bladder showing signs of atrophy.,images/angiogram_bladder_atrophy_2746.jpg
Endoscopy image of the upper thyroid showing signs of fracture.,images/endoscopy_thyroid_fracture_2747.jpg
CT scan image of the left eye showing signs of tumor.,images/ct_scan_eye_tumor_2748.jpg
Ultrasound image of the posterior thyroid showing signs of calcification.,images/ultrasound_thyroid_calcification_2749.jpg
Angiogram image of the right bladder showing signs of abnormal growth.,images/angiogram_bladder_abnormal growth_2750.jpg
Mammogram image of the left breast showing signs of degeneration.,images/mammogram_breast_degeneration_2751.jpg
CT scan image of the upper lung showing signs of fracture.,images/ct_scan_lung_fracture_2752.jpg
MRI image of the right brain showing signs of scar tissue.,images/mri_brain_scar tissue_2753.jpg
X-ray image of the posterior knee showing signs of cyst.,images/x-ray_knee_cyst_2754.jpg
Endoscopy image of the no specific lung showing signs of calcification.,images/endoscopy_lung_calcification_2755.jpg
Endoscopy image of the upper heart showing signs of fluid accumulation.,images/endoscopy_heart_fluid accumulation_2756.jpg
Mammogram image of the anterior bladder showing signs of swelling.,images/mammogram_bladder_swelling_2757.jpg
PET scan image of the no specific abdomen showing signs of lesion.,images/pet_scan_abdomen_lesion_2758.jpg
MRI image of the upper spine showing signs of mass.,images/mri_spine_mass_2759.jpg
CT scan image of the anterior bladder showing signs of inflammation.,images/ct_scan_bladder_inflammation_2760.jpg
Angiogram image of the central heart showing signs of fluid accumulation.,images/angiogram_heart_fluid accumulation_2761.jpg
Angiogram image of the right brain showing signs of calcification.,images/angiogram_brain_calcification_2762.jpg
Ultrasound image of the bilateral breast showing signs of blockage.,images/ultrasound_breast_blockage_2763.jpg
Angiogram image of the upper liver showing signs of lesion.,images/angiogram_liver_lesion_2764.jpg
MRI image of the upper abdomen showing signs of hernia.,images/mri_abdomen_hernia_2765.jpg
X-ray image of the central bladder showing signs of inflammation.,images/x-ray_bladder_inflammation_2766.jpg
PET scan image of the bilateral lung showing signs of tumor.,images/pet_scan_lung_tumor_2767.jpg
MRI image of the right eye showing signs of inflammation.,images/mri_eye_inflammation_2768.jpg
CT scan image of the lower pancreas showing signs of lesion.,images/ct_scan_pancreas_lesion_2769.jpg
Endoscopy image of the right thyroid showing signs of calcification.,images/endoscopy_thyroid_calcification_2770.jpg
Mammogram image of the anterior knee showing signs of mass.,images/mammogram_knee_mass_2771.jpg
Mammogram image of the bilateral liver showing signs of calcification.,images/mammogram_liver_calcification_2772.jpg
X-ray image of the right heart showing signs of inflammation.,images/x-ray_heart_inflammation_2773.jpg
Angiogram image of the no specific brain showing signs of degeneration.,images/angiogram_brain_degeneration_2774.jpg
Endoscopy image of the left breast showing signs of atrophy.,images/endoscopy_breast_atrophy_2775.jpg
Endoscopy image of the central thyroid showing signs of blockage.,images/endoscopy_thyroid_blockage_2776.jpg
CT scan image of the central eye showing signs of mass.,images/ct_scan_eye_mass_2777.jpg
Endoscopy image of the bilateral bladder showing signs of inflammation.,images/endoscopy_bladder_inflammation_2778.jpg
Mammogram image of the posterior pancreas showing signs of hernia.,images/mammogram_pancreas_hernia_2779.jpg
MRI image of the right thyroid showing signs of lesion.,images/mri_thyroid_lesion_2780.jpg
Mammogram image of the central bladder showing signs of hernia.,images/mammogram_bladder_hernia_2781.jpg
X-ray image of the bilateral eye showing signs of fracture.,images/x-ray_eye_fracture_2782.jpg
MRI image of the posterior spine showing signs of infection.,images/mri_spine_infection_2783.jpg
Ultrasound image of the no specific thyroid showing signs of scar tissue.,images/ultrasound_thyroid_scar tissue_2784.jpg
Mammogram image of the upper heart showing signs of calcification.,images/mammogram_heart_calcification_2785.jpg
Ultrasound image of the anterior liver showing signs of tumor.,images/ultrasound_liver_tumor_2786.jpg
X-ray image of the no specific liver showing signs of calcification.,images/x-ray_liver_calcification_2787.jpg
PET scan image of the bilateral spine showing signs of scar tissue.,images/pet_scan_spine_scar tissue_2788.jpg
Angiogram image of the posterior abdomen showing signs of tumor.,images/angiogram_abdomen_tumor_2789.jpg
Endoscopy image of the central liver showing signs of tumor.,images/endoscopy_liver_tumor_2790.jpg
PET scan image of the left pancreas showing signs of infection.,images/pet_scan_pancreas_infection_2791.jpg
Ultrasound image of the central knee showing signs of blockage.,images/ultrasound_knee_blockage_2792.jpg
CT scan image of the posterior spine showing signs of degeneration.,images/ct_scan_spine_degeneration_2793.jpg
MRI image of the no specific eye showing signs of calcification.,images/mri_eye_calcification_2794.jpg
CT scan image of the anterior bladder showing signs of hernia.,images/ct_scan_bladder_hernia_2795.jpg
Mammogram image of the no specific spine showing signs of fracture.,images/mammogram_spine_fracture_2796.jpg
Ultrasound image of the upper abdomen showing signs of swelling.,images/ultrasound_abdomen_swelling_2797.jpg
X-ray image of the no specific heart showing signs of fluid accumulation.,images/x-ray_heart_fluid accumulation_2798.jpg
CT scan image of the bilateral lung showing signs of lesion.,images/ct_scan_lung_lesion_2799.jpg
X-ray image of the central thyroid showing signs of blockage.,images/x-ray_thyroid_blockage_2800.jpg
Mammogram image of the anterior thyroid showing signs of atrophy.,images/mammogram_thyroid_atrophy_2801.jpg
Mammogram image of the right breast showing signs of hernia.,images/mammogram_breast_hernia_2802.jpg
Angiogram image of the left pancreas showing signs of atrophy.,images/angiogram_pancreas_atrophy_2803.jpg
Angiogram image of the no specific brain showing signs of calcification.,images/angiogram_brain_calcification_2804.jpg
Angiogram image of the left liver showing signs of infection.,images/angiogram_liver_infection_2805.jpg
CT scan image of the right brain showing signs of hernia.,images/ct_scan_brain_hernia_2806.jpg
PET scan image of the upper thyroid showing signs of degeneration.,images/pet_scan_thyroid_degeneration_2807.jpg
MRI image of the right lung showing signs of inflammation.,images/mri_lung_inflammation_2808.jpg
X-ray image of the left spine showing signs of fracture.,images/x-ray_spine_fracture_2809.jpg
PET scan image of the anterior breast showing signs of atrophy.,images/pet_scan_breast_atrophy_2810.jpg
CT scan image of the lower pancreas showing signs of atrophy.,images/ct_scan_pancreas_atrophy_2811.jpg
X-ray image of the right eye showing signs of lesion.,images/x-ray_eye_lesion_2812.jpg
Ultrasound image of the upper breast showing signs of infection.,images/ultrasound_breast_infection_2813.jpg
Ultrasound image of the anterior pancreas showing signs of degeneration.,images/ultrasound_pancreas_degeneration_2814.jpg
CT scan image of the left abdomen showing signs of inflammation.,images/ct_scan_abdomen_inflammation_2815.jpg
CT scan image of the anterior thyroid showing signs of degeneration.,images/ct_scan_thyroid_degeneration_2816.jpg
MRI image of the posterior knee showing signs of blockage.,images/mri_knee_blockage_2817.jpg
CT scan image of the right abdomen showing signs of infection.,images/ct_scan_abdomen_infection_2818.jpg
Ultrasound image of the central eye showing signs of lesion.,images/ultrasound_eye_lesion_2819.jpg
PET scan image of the upper brain showing signs of tumor.,images/pet_scan_brain_tumor_2820.jpg
Angiogram image of the right knee showing signs of lesion.,images/angiogram_knee_lesion_2821.jpg
X-ray image of the no specific breast showing signs of tumor.,images/x-ray_breast_tumor_2822.jpg
Mammogram image of the right breast showing signs of atrophy.,images/mammogram_breast_atrophy_2823.jpg
CT scan image of the left knee showing signs of scar tissue.,images/ct_scan_knee_scar tissue_2824.jpg
Endoscopy image of the no specific lung showing signs of degeneration.,images/endoscopy_lung_degeneration_2825.jpg
CT scan image of the posterior bladder showing signs of degeneration.,images/ct_scan_bladder_degeneration_2826.jpg
Mammogram image of the right abdomen showing signs of scar tissue.,images/mammogram_abdomen_scar tissue_2827.jpg
PET scan image of the right heart showing signs of abnormal growth.,images/pet_scan_heart_abnormal growth_2828.jpg
CT scan image of the posterior eye showing signs of calcification.,images/ct_scan_eye_calcification_2829.jpg
CT scan image of the left abdomen showing signs of mass.,images/ct_scan_abdomen_mass_2830.jpg
X-ray image of the upper bladder showing signs of blockage.,images/x-ray_bladder_blockage_2831.jpg
Endoscopy image of the lower pancreas showing signs of hernia.,images/endoscopy_pancreas_hernia_2832.jpg
CT scan image of the right breast showing signs of tumor.,images/ct_scan_breast_tumor_2833.jpg
PET scan image of the anterior spine showing signs of swelling.,images/pet_scan_spine_swelling_2834.jpg
Angiogram image of the no specific thyroid showing signs of mass.,images/angiogram_thyroid_mass_2835.jpg
PET scan image of the bilateral bladder showing signs of mass.,images/pet_scan_bladder_mass_2836.jpg
X-ray image of the central knee showing signs of scar tissue.,images/x-ray_knee_scar tissue_2837.jpg
X-ray image of the bilateral lung showing signs of blockage.,images/x-ray_lung_blockage_2838.jpg
CT scan image of the upper brain showing signs of fluid accumulation.,images/ct_scan_brain_fluid accumulation_2839.jpg
Angiogram image of the bilateral abdomen showing signs of lesion.,images/angiogram_abdomen_lesion_2840.jpg
Ultrasound image of the upper bladder showing signs of abnormal growth.,images/ultrasound_bladder_abnormal growth_2841.jpg
CT scan image of the no specific knee showing signs of abnormal growth.,images/ct_scan_knee_abnormal growth_2842.jpg
CT scan image of the no specific knee showing signs of fracture.,images/ct_scan_knee_fracture_2843.jpg
CT scan image of the bilateral lung showing signs of scar tissue.,images/ct_scan_lung_scar tissue_2844.jpg
MRI image of the upper breast showing signs of swelling.,images/mri_breast_swelling_2845.jpg
X-ray image of the central thyroid showing signs of abnormal growth.,images/x-ray_thyroid_abnormal growth_2846.jpg
Ultrasound image of the upper brain showing signs of atrophy.,images/ultrasound_brain_atrophy_2847.jpg
MRI image of the central heart showing signs of calcification.,images/mri_heart_calcification_2848.jpg
X-ray image of the bilateral breast showing signs of inflammation.,images/x-ray_breast_inflammation_2849.jpg
X-ray image of the central knee showing signs of abnormal growth.,images/x-ray_knee_abnormal growth_2850.jpg
X-ray image of the left bladder showing signs of calcification.,images/x-ray_bladder_calcification_2851.jpg
CT scan image of the right lung showing signs of mass.,images/ct_scan_lung_mass_2852.jpg
Ultrasound image of the posterior eye showing signs of degeneration.,images/ultrasound_eye_degeneration_2853.jpg
Endoscopy image of the no specific eye showing signs of mass.,images/endoscopy_eye_mass_2854.jpg
CT scan image of the central liver showing signs of infection.,images/ct_scan_liver_infection_2855.jpg
X-ray image of the anterior heart showing signs of lesion.,images/x-ray_heart_lesion_2856.jpg
MRI image of the bilateral pancreas showing signs of blockage.,images/mri_pancreas_blockage_2857.jpg
Endoscopy image of the left abdomen showing signs of abnormal growth.,images/endoscopy_abdomen_abnormal growth_2858.jpg
MRI image of the upper abdomen showing signs of hernia.,images/mri_abdomen_hernia_2859.jpg
MRI image of the left breast showing signs of calcification.,images/mri_breast_calcification_2860.jpg
PET scan image of the no specific eye showing signs of cyst.,images/pet_scan_eye_cyst_2861.jpg
Endoscopy image of the bilateral heart showing signs of scar tissue.,images/endoscopy_heart_scar tissue_2862.jpg
Mammogram image of the upper knee showing signs of fracture.,images/mammogram_knee_fracture_2863.jpg
X-ray image of the anterior pancreas showing signs of degeneration.,images/x-ray_pancreas_degeneration_2864.jpg
CT scan image of the lower brain showing signs of fracture.,images/ct_scan_brain_fracture_2865.jpg
Ultrasound image of the posterior eye showing signs of abnormal growth.,images/ultrasound_eye_abnormal growth_2866.jpg
Endoscopy image of the bilateral eye showing signs of scar tissue.,images/endoscopy_eye_scar tissue_2867.jpg
Ultrasound image of the lower pancreas showing signs of swelling.,images/ultrasound_pancreas_swelling_2868.jpg
Endoscopy image of the no specific abdomen showing signs of calcification.,images/endoscopy_abdomen_calcification_2869.jpg
Mammogram image of the no specific heart showing signs of cyst.,images/mammogram_heart_cyst_2870.jpg
Endoscopy image of the bilateral eye showing signs of cyst.,images/endoscopy_eye_cyst_2871.jpg
CT scan image of the upper lung showing signs of degeneration.,images/ct_scan_lung_degeneration_2872.jpg
PET scan image of the upper brain showing signs of lesion.,images/pet_scan_brain_lesion_2873.jpg
CT scan image of the upper liver showing signs of fracture.,images/ct_scan_liver_fracture_2874.jpg
Endoscopy image of the left abdomen showing signs of inflammation.,images/endoscopy_abdomen_inflammation_2875.jpg
PET scan image of the anterior abdomen showing signs of hernia.,images/pet_scan_abdomen_hernia_2876.jpg
Mammogram image of the anterior heart showing signs of swelling.,images/mammogram_heart_swelling_2877.jpg
PET scan image of the left breast showing signs of blockage.,images/pet_scan_breast_blockage_2878.jpg
X-ray image of the central heart showing signs of hernia.,images/x-ray_heart_hernia_2879.jpg
Mammogram image of the anterior spine showing signs of cyst.,images/mammogram_spine_cyst_2880.jpg
CT scan image of the bilateral lung showing signs of cyst.,images/ct_scan_lung_cyst_2881.jpg
CT scan image of the anterior eye showing signs of degeneration.,images/ct_scan_eye_degeneration_2882.jpg
Ultrasound image of the bilateral breast showing signs of swelling.,images/ultrasound_breast_swelling_2883.jpg
Mammogram image of the left lung showing signs of lesion.,images/mammogram_lung_lesion_2884.jpg
Angiogram image of the lower abdomen showing signs of infection.,images/angiogram_abdomen_infection_2885.jpg
Endoscopy image of the posterior heart showing signs of lesion.,images/endoscopy_heart_lesion_2886.jpg
Ultrasound image of the anterior abdomen showing signs of swelling.,images/ultrasound_abdomen_swelling_2887.jpg
X-ray image of the right abdomen showing signs of hernia.,images/x-ray_abdomen_hernia_2888.jpg
Mammogram image of the central breast showing signs of scar tissue.,images/mammogram_breast_scar tissue_2889.jpg
Ultrasound image of the right brain showing signs of blockage.,images/ultrasound_brain_blockage_2890.jpg
MRI image of the anterior heart showing signs of atrophy.,images/mri_heart_atrophy_2891.jpg
Endoscopy image of the lower brain showing signs of atrophy.,images/endoscopy_brain_atrophy_2892.jpg
MRI image of the posterior breast showing signs of fracture.,images/mri_breast_fracture_2893.jpg
Ultrasound image of the right lung showing signs of atrophy.,images/ultrasound_lung_atrophy_2894.jpg
Endoscopy image of the right thyroid showing signs of fracture.,images/endoscopy_thyroid_fracture_2895.jpg
Endoscopy image of the anterior abdomen showing signs of cyst.,images/endoscopy_abdomen_cyst_2896.jpg
PET scan image of the lower brain showing signs of blockage.,images/pet_scan_brain_blockage_2897.jpg
Angiogram image of the upper knee showing signs of inflammation.,images/angiogram_knee_inflammation_2898.jpg
X-ray image of the lower abdomen showing signs of cyst.,images/x-ray_abdomen_cyst_2899.jpg
PET scan image of the no specific liver showing signs of cyst.,images/pet_scan_liver_cyst_2900.jpg
MRI image of the upper eye showing signs of degeneration.,images/mri_eye_degeneration_2901.jpg
Ultrasound image of the lower bladder showing signs of abnormal growth.,images/ultrasound_bladder_abnormal growth_2902.jpg
Mammogram image of the anterior abdomen showing signs of infection.,images/mammogram_abdomen_infection_2903.jpg
Endoscopy image of the right breast showing signs of mass.,images/endoscopy_breast_mass_2904.jpg
PET scan image of the left knee showing signs of degeneration.,images/pet_scan_knee_degeneration_2905.jpg
CT scan image of the posterior eye showing signs of degeneration.,images/ct_scan_eye_degeneration_2906.jpg
CT scan image of the bilateral bladder showing signs of swelling.,images/ct_scan_bladder_swelling_2907.jpg
Endoscopy image of the bilateral thyroid showing signs of hernia.,images/endoscopy_thyroid_hernia_2908.jpg
PET scan image of the bilateral breast showing signs of blockage.,images/pet_scan_breast_blockage_2909.jpg
PET scan image of the posterior heart showing signs of fluid accumulation.,images/pet_scan_heart_fluid accumulation_2910.jpg
X-ray image of the bilateral knee showing signs of lesion.,images/x-ray_knee_lesion_2911.jpg
Mammogram image of the left spine showing signs of swelling.,images/mammogram_spine_swelling_2912.jpg
Endoscopy image of the bilateral knee showing signs of lesion.,images/endoscopy_knee_lesion_2913.jpg
Ultrasound image of the central liver showing signs of tumor.,images/ultrasound_liver_tumor_2914.jpg
PET scan image of the lower brain showing signs of lesion.,images/pet_scan_brain_lesion_2915.jpg
Ultrasound image of the lower eye showing signs of lesion.,images/ultrasound_eye_lesion_2916.jpg
Mammogram image of the right bladder showing signs of fluid accumulation.,images/mammogram_bladder_fluid accumulation_2917.jpg
Mammogram image of the no specific abdomen showing signs of fracture.,images/mammogram_abdomen_fracture_2918.jpg
MRI image of the left abdomen showing signs of abnormal growth.,images/mri_abdomen_abnormal growth_2919.jpg
CT scan image of the central heart showing signs of tumor.,images/ct_scan_heart_tumor_2920.jpg
Mammogram image of the no specific knee showing signs of mass.,images/mammogram_knee_mass_2921.jpg
PET scan image of the right breast showing signs of lesion.,images/pet_scan_breast_lesion_2922.jpg
Mammogram image of the left spine showing signs of scar tissue.,images/mammogram_spine_scar tissue_2923.jpg
Mammogram image of the upper brain showing signs of blockage.,images/mammogram_brain_blockage_2924.jpg
Angiogram image of the posterior lung showing signs of tumor.,images/angiogram_lung_tumor_2925.jpg
MRI image of the lower lung showing signs of lesion.,images/mri_lung_lesion_2926.jpg
Ultrasound image of the right abdomen showing signs of inflammation.,images/ultrasound_abdomen_inflammation_2927.jpg
Ultrasound image of the no specific abdomen showing signs of fluid accumulation.,images/ultrasound_abdomen_fluid accumulation_2928.jpg
Endoscopy image of the central heart showing signs of tumor.,images/endoscopy_heart_tumor_2929.jpg
Ultrasound image of the upper liver showing signs of fracture.,images/ultrasound_liver_fracture_2930.jpg
Ultrasound image of the right heart showing signs of abnormal growth.,images/ultrasound_heart_abnormal growth_2931.jpg
CT scan image of the posterior knee showing signs of swelling.,images/ct_scan_knee_swelling_2932.jpg
CT scan image of the anterior heart showing signs of fluid accumulation.,images/ct_scan_heart_fluid accumulation_2933.jpg
PET scan image of the central brain showing signs of blockage.,images/pet_scan_brain_blockage_2934.jpg
MRI image of the right eye showing signs of swelling.,images/mri_eye_swelling_2935.jpg
Angiogram image of the central heart showing signs of calcification.,images/angiogram_heart_calcification_2936.jpg
PET scan image of the upper liver showing signs of mass.,images/pet_scan_liver_mass_2937.jpg
Ultrasound image of the left knee showing signs of atrophy.,images/ultrasound_knee_atrophy_2938.jpg
CT scan image of the upper spine showing signs of fracture.,images/ct_scan_spine_fracture_2939.jpg
Ultrasound image of the upper brain showing signs of blockage.,images/ultrasound_brain_blockage_2940.jpg
Angiogram image of the bilateral heart showing signs of swelling.,images/angiogram_heart_swelling_2941.jpg
X-ray image of the anterior brain showing signs of blockage.,images/x-ray_brain_blockage_2942.jpg
Mammogram image of the upper spine showing signs of fracture.,images/mammogram_spine_fracture_2943.jpg
X-ray image of the no specific liver showing signs of scar tissue.,images/x-ray_liver_scar tissue_2944.jpg
X-ray image of the right spine showing signs of degeneration.,images/x-ray_spine_degeneration_2945.jpg
Endoscopy image of the lower pancreas showing signs of blockage.,images/endoscopy_pancreas_blockage_2946.jpg
CT scan image of the left heart showing signs of fracture.,images/ct_scan_heart_fracture_2947.jpg
Angiogram image of the no specific breast showing signs of mass.,images/angiogram_breast_mass_2948.jpg
MRI image of the right abdomen showing signs of infection.,images/mri_abdomen_infection_2949.jpg
MRI image of the central eye showing signs of abnormal growth.,images/mri_eye_abnormal growth_2950.jpg
Ultrasound image of the central brain showing signs of degeneration.,images/ultrasound_brain_degeneration_2951.jpg
X-ray image of the upper spine showing signs of fluid accumulation.,images/x-ray_spine_fluid accumulation_2952.jpg
Angiogram image of the no specific lung showing signs of fluid accumulation.,images/angiogram_lung_fluid accumulation_2953.jpg
Ultrasound image of the lower heart showing signs of mass.,images/ultrasound_heart_mass_2954.jpg
X-ray image of the central breast showing signs of tumor.,images/x-ray_breast_tumor_2955.jpg
CT scan image of the no specific knee showing signs of hernia.,images/ct_scan_knee_hernia_2956.jpg
X-ray image of the bilateral pancreas showing signs of lesion.,images/x-ray_pancreas_lesion_2957.jpg
CT scan image of the lower pancreas showing signs of hernia.,images/ct_scan_pancreas_hernia_2958.jpg
CT scan image of the anterior pancreas showing signs of tumor.,images/ct_scan_pancreas_tumor_2959.jpg
Angiogram image of the no specific brain showing signs of fracture.,images/angiogram_brain_fracture_2960.jpg
Angiogram image of the central bladder showing signs of swelling.,images/angiogram_bladder_swelling_2961.jpg
Mammogram image of the no specific breast showing signs of inflammation.,images/mammogram_breast_inflammation_2962.jpg
X-ray image of the no specific brain showing signs of fluid accumulation.,images/x-ray_brain_fluid accumulation_2963.jpg
PET scan image of the central pancreas showing signs of tumor.,images/pet_scan_pancreas_tumor_2964.jpg
Ultrasound image of the no specific liver showing signs of infection.,images/ultrasound_liver_infection_2965.jpg
Endoscopy image of the anterior abdomen showing signs of swelling.,images/endoscopy_abdomen_swelling_2966.jpg
Endoscopy image of the left heart showing signs of inflammation.,images/endoscopy_heart_inflammation_2967.jpg
X-ray image of the anterior lung showing signs of hernia.,images/x-ray_lung_hernia_2968.jpg
MRI image of the bilateral heart showing signs of calcification.,images/mri_heart_calcification_2969.jpg
CT scan image of the central abdomen showing signs of fluid accumulation.,images/ct_scan_abdomen_fluid accumulation_2970.jpg
Angiogram image of the lower spine showing signs of fluid accumulation.,images/angiogram_spine_fluid accumulation_2971.jpg
Mammogram image of the right spine showing signs of fluid accumulation.,images/mammogram_spine_fluid accumulation_2972.jpg
CT scan image of the central knee showing signs of blockage.,images/ct_scan_knee_blockage_2973.jpg
X-ray image of the left breast showing signs of mass.,images/x-ray_breast_mass_2974.jpg
Endoscopy image of the upper heart showing signs of mass.,images/endoscopy_heart_mass_2975.jpg
MRI image of the lower knee showing signs of hernia.,images/mri_knee_hernia_2976.jpg
Endoscopy image of the bilateral spine showing signs of lesion.,images/endoscopy_spine_lesion_2977.jpg
Mammogram image of the posterior abdomen showing signs of fluid accumulation.,images/mammogram_abdomen_fluid accumulation_2978.jpg
X-ray image of the right eye showing signs of blockage.,images/x-ray_eye_blockage_2979.jpg
Ultrasound image of the central abdomen showing signs of atrophy.,images/ultrasound_abdomen_atrophy_2980.jpg
X-ray image of the right thyroid showing signs of tumor.,images/x-ray_thyroid_tumor_2981.jpg
Mammogram image of the bilateral bladder showing signs of inflammation.,images/mammogram_bladder_inflammation_2982.jpg
Endoscopy image of the right bladder showing signs of fracture.,images/endoscopy_bladder_fracture_2983.jpg
MRI image of the central thyroid showing signs of cyst.,images/mri_thyroid_cyst_2984.jpg
X-ray image of the no specific knee showing signs of infection.,images/x-ray_knee_infection_2985.jpg
CT scan image of the right liver showing signs of mass.,images/ct_scan_liver_mass_2986.jpg
Endoscopy image of the central heart showing signs of degeneration.,images/endoscopy_heart_degeneration_2987.jpg
MRI image of the right heart showing signs of fracture.,images/mri_heart_fracture_2988.jpg
Ultrasound image of the upper heart showing signs of abnormal growth.,images/ultrasound_heart_abnormal growth_2989.jpg
MRI image of the upper liver showing signs of abnormal growth.,images/mri_liver_abnormal growth_2990.jpg
PET scan image of the bilateral breast showing signs of lesion.,images/pet_scan_breast_lesion_2991.jpg
Endoscopy image of the lower abdomen showing signs of degeneration.,images/endoscopy_abdomen_degeneration_2992.jpg
MRI image of the bilateral knee showing signs of mass.,images/mri_knee_mass_2993.jpg
Angiogram image of the central bladder showing signs of mass.,images/angiogram_bladder_mass_2994.jpg
CT scan image of the posterior abdomen showing signs of inflammation.,images/ct_scan_abdomen_inflammation_2995.jpg
CT scan image of the no specific heart showing signs of mass.,images/ct_scan_heart_mass_2996.jpg
PET scan image of the upper pancreas showing signs of lesion.,images/pet_scan_pancreas_lesion_2997.jpg
Mammogram image of the upper knee showing signs of hernia.,images/mammogram_knee_hernia_2998.jpg
X-ray image of the posterior brain showing signs of lesion.,images/x-ray_brain_lesion_2999.jpg
Mammogram image of the right heart showing signs of inflammation.,images/mammogram_heart_inflammation_3000.jpg
CT scan image of the right breast showing signs of abnormal growth.,images/ct_scan_breast_abnormal growth_3001.jpg
Endoscopy image of the bilateral heart showing signs of degeneration.,images/endoscopy_heart_degeneration_3002.jpg
Endoscopy image of the bilateral abdomen showing signs of tumor.,images/endoscopy_abdomen_tumor_3003.jpg
CT scan image of the central breast showing signs of tumor.,images/ct_scan_breast_tumor_3004.jpg
Ultrasound image of the lower abdomen showing signs of abnormal growth.,images/ultrasound_abdomen_abnormal growth_3005.jpg
X-ray image of the left lung showing signs of atrophy.,images/x-ray_lung_atrophy_3006.jpg
X-ray image of the central pancreas showing signs of fluid accumulation.,images/x-ray_pancreas_fluid accumulation_3007.jpg
PET scan image of the left liver showing signs of scar tissue.,images/pet_scan_liver_scar tissue_3008.jpg
PET scan image of the central lung showing signs of inflammation.,images/pet_scan_lung_inflammation_3009.jpg
Mammogram image of the bilateral spine showing signs of lesion.,images/mammogram_spine_lesion_3010.jpg
Ultrasound image of the central abdomen showing signs of fracture.,images/ultrasound_abdomen_fracture_3011.jpg
MRI image of the bilateral lung showing signs of fracture.,images/mri_lung_fracture_3012.jpg
Endoscopy image of the central bladder showing signs of atrophy.,images/endoscopy_bladder_atrophy_3013.jpg
CT scan image of the posterior eye showing signs of abnormal growth.,images/ct_scan_eye_abnormal growth_3014.jpg
Mammogram image of the bilateral eye showing signs of mass.,images/mammogram_eye_mass_3015.jpg
Endoscopy image of the posterior heart showing signs of blockage.,images/endoscopy_heart_blockage_3016.jpg
Angiogram image of the left eye showing signs of infection.,images/angiogram_eye_infection_3017.jpg
Ultrasound image of the lower knee showing signs of blockage.,images/ultrasound_knee_blockage_3018.jpg
Mammogram image of the posterior abdomen showing signs of cyst.,images/mammogram_abdomen_cyst_3019.jpg
Endoscopy image of the no specific brain showing signs of fracture.,images/endoscopy_brain_fracture_3020.jpg
Angiogram image of the central liver showing signs of inflammation.,images/angiogram_liver_inflammation_3021.jpg
Endoscopy image of the lower liver showing signs of blockage.,images/endoscopy_liver_blockage_3022.jpg
Mammogram image of the anterior liver showing signs of blockage.,images/mammogram_liver_blockage_3023.jpg
Endoscopy image of the lower heart showing signs of fluid accumulation.,images/endoscopy_heart_fluid accumulation_3024.jpg
Endoscopy image of the anterior bladder showing signs of hernia.,images/endoscopy_bladder_hernia_3025.jpg
PET scan image of the bilateral thyroid showing signs of swelling.,images/pet_scan_thyroid_swelling_3026.jpg
X-ray image of the no specific breast showing signs of fluid accumulation.,images/x-ray_breast_fluid accumulation_3027.jpg
MRI image of the bilateral lung showing signs of cyst.,images/mri_lung_cyst_3028.jpg
MRI image of the lower abdomen showing signs of atrophy.,images/mri_abdomen_atrophy_3029.jpg
Ultrasound image of the upper bladder showing signs of inflammation.,images/ultrasound_bladder_inflammation_3030.jpg
PET scan image of the bilateral eye showing signs of lesion.,images/pet_scan_eye_lesion_3031.jpg
Endoscopy image of the anterior pancreas showing signs of blockage.,images/endoscopy_pancreas_blockage_3032.jpg
PET scan image of the central lung showing signs of fracture.,images/pet_scan_lung_fracture_3033.jpg
Ultrasound image of the lower brain showing signs of swelling.,images/ultrasound_brain_swelling_3034.jpg
PET scan image of the left knee showing signs of mass.,images/pet_scan_knee_mass_3035.jpg
Endoscopy image of the left pancreas showing signs of blockage.,images/endoscopy_pancreas_blockage_3036.jpg
X-ray image of the bilateral thyroid showing signs of abnormal growth.,images/x-ray_thyroid_abnormal growth_3037.jpg
Ultrasound image of the central lung showing signs of atrophy.,images/ultrasound_lung_atrophy_3038.jpg
Ultrasound image of the central spine showing signs of infection.,images/ultrasound_spine_infection_3039.jpg
PET scan image of the anterior knee showing signs of fracture.,images/pet_scan_knee_fracture_3040.jpg
Angiogram image of the lower bladder showing signs of abnormal growth.,images/angiogram_bladder_abnormal growth_3041.jpg
Endoscopy image of the lower thyroid showing signs of calcification.,images/endoscopy_thyroid_calcification_3042.jpg
Endoscopy image of the anterior knee showing signs of abnormal growth.,images/endoscopy_knee_abnormal growth_3043.jpg
PET scan image of the central abdomen showing signs of abnormal growth.,images/pet_scan_abdomen_abnormal growth_3044.jpg
Angiogram image of the bilateral heart showing signs of infection.,images/angiogram_heart_infection_3045.jpg
Ultrasound image of the posterior heart showing signs of mass.,images/ultrasound_heart_mass_3046.jpg
X-ray image of the upper thyroid showing signs of cyst.,images/x-ray_thyroid_cyst_3047.jpg
Mammogram image of the lower brain showing signs of scar tissue.,images/mammogram_brain_scar tissue_3048.jpg
Ultrasound image of the central bladder showing signs of scar tissue.,images/ultrasound_bladder_scar tissue_3049.jpg
CT scan image of the right brain showing signs of atrophy.,images/ct_scan_brain_atrophy_3050.jpg
MRI image of the posterior breast showing signs of hernia.,images/mri_breast_hernia_3051.jpg
CT scan image of the posterior thyroid showing signs of swelling.,images/ct_scan_thyroid_swelling_3052.jpg
Angiogram image of the central knee showing signs of fluid accumulation.,images/angiogram_knee_fluid accumulation_3053.jpg
PET scan image of the lower thyroid showing signs of degeneration.,images/pet_scan_thyroid_degeneration_3054.jpg
Endoscopy image of the lower liver showing signs of atrophy.,images/endoscopy_liver_atrophy_3055.jpg
Ultrasound image of the lower knee showing signs of infection.,images/ultrasound_knee_infection_3056.jpg
CT scan image of the anterior heart showing signs of lesion.,images/ct_scan_heart_lesion_3057.jpg
CT scan image of the bilateral thyroid showing signs of mass.,images/ct_scan_thyroid_mass_3058.jpg
Mammogram image of the lower eye showing signs of lesion.,images/mammogram_eye_lesion_3059.jpg
PET scan image of the bilateral spine showing signs of mass.,images/pet_scan_spine_mass_3060.jpg
CT scan image of the no specific thyroid showing signs of inflammation.,images/ct_scan_thyroid_inflammation_3061.jpg
X-ray image of the central eye showing signs of scar tissue.,images/x-ray_eye_scar tissue_3062.jpg
X-ray image of the lower liver showing signs of atrophy.,images/x-ray_liver_atrophy_3063.jpg
Endoscopy image of the no specific brain showing signs of scar tissue.,images/endoscopy_brain_scar tissue_3064.jpg
PET scan image of the lower bladder showing signs of hernia.,images/pet_scan_bladder_hernia_3065.jpg
Mammogram image of the bilateral thyroid showing signs of calcification.,images/mammogram_thyroid_calcification_3066.jpg
Endoscopy image of the upper thyroid showing signs of scar tissue.,images/endoscopy_thyroid_scar tissue_3067.jpg
Ultrasound image of the upper eye showing signs of infection.,images/ultrasound_eye_infection_3068.jpg
CT scan image of the central bladder showing signs of fracture.,images/ct_scan_bladder_fracture_3069.jpg
X-ray image of the lower knee showing signs of tumor.,images/x-ray_knee_tumor_3070.jpg
Ultrasound image of the anterior brain showing signs of fracture.,images/ultrasound_brain_fracture_3071.jpg
Ultrasound image of the posterior abdomen showing signs of abnormal growth.,images/ultrasound_abdomen_abnormal growth_3072.jpg
Ultrasound image of the right abdomen showing signs of abnormal growth.,images/ultrasound_abdomen_abnormal growth_3073.jpg
Angiogram image of the lower liver showing signs of mass.,images/angiogram_liver_mass_3074.jpg
PET scan image of the bilateral bladder showing signs of fluid accumulation.,images/pet_scan_bladder_fluid accumulation_3075.jpg
X-ray image of the no specific breast showing signs of hernia.,images/x-ray_breast_hernia_3076.jpg
CT scan image of the lower knee showing signs of fracture.,images/ct_scan_knee_fracture_3077.jpg
Ultrasound image of the right brain showing signs of infection.,images/ultrasound_brain_infection_3078.jpg
Mammogram image of the right abdomen showing signs of infection.,images/mammogram_abdomen_infection_3079.jpg
PET scan image of the left spine showing signs of cyst.,images/pet_scan_spine_cyst_3080.jpg
Angiogram image of the lower knee showing signs of cyst.,images/angiogram_knee_cyst_3081.jpg
Ultrasound image of the left brain showing signs of degeneration.,images/ultrasound_brain_degeneration_3082.jpg
CT scan image of the right liver showing signs of atrophy.,images/ct_scan_liver_atrophy_3083.jpg
MRI image of the upper brain showing signs of tumor.,images/mri_brain_tumor_3084.jpg
Ultrasound image of the lower brain showing signs of blockage.,images/ultrasound_brain_blockage_3085.jpg
PET scan image of the posterior brain showing signs of tumor.,images/pet_scan_brain_tumor_3086.jpg
MRI image of the central spine showing signs of cyst.,images/mri_spine_cyst_3087.jpg
PET scan image of the bilateral bladder showing signs of lesion.,images/pet_scan_bladder_lesion_3088.jpg
CT scan image of the central thyroid showing signs of infection.,images/ct_scan_thyroid_infection_3089.jpg
MRI image of the no specific heart showing signs of calcification.,images/mri_heart_calcification_3090.jpg
X-ray image of the central bladder showing signs of tumor.,images/x-ray_bladder_tumor_3091.jpg
Endoscopy image of the no specific abdomen showing signs of abnormal growth.,images/endoscopy_abdomen_abnormal growth_3092.jpg
Angiogram image of the lower pancreas showing signs of inflammation.,images/angiogram_pancreas_inflammation_3093.jpg
CT scan image of the left bladder showing signs of fluid accumulation.,images/ct_scan_bladder_fluid accumulation_3094.jpg
X-ray image of the lower bladder showing signs of tumor.,images/x-ray_bladder_tumor_3095.jpg
Mammogram image of the anterior abdomen showing signs of inflammation.,images/mammogram_abdomen_inflammation_3096.jpg
Endoscopy image of the lower eye showing signs of lesion.,images/endoscopy_eye_lesion_3097.jpg
Angiogram image of the upper thyroid showing signs of fracture.,images/angiogram_thyroid_fracture_3098.jpg
CT scan image of the central lung showing signs of mass.,images/ct_scan_lung_mass_3099.jpg
CT scan image of the lower bladder showing signs of scar tissue.,images/ct_scan_bladder_scar tissue_3100.jpg
MRI image of the lower abdomen showing signs of mass.,images/mri_abdomen_mass_3101.jpg
CT scan image of the lower thyroid showing signs of hernia.,images/ct_scan_thyroid_hernia_3102.jpg
Angiogram image of the posterior thyroid showing signs of degeneration.,images/angiogram_thyroid_degeneration_3103.jpg
PET scan image of the no specific knee showing signs of mass.,images/pet_scan_knee_mass_3104.jpg
Angiogram image of the left heart showing signs of mass.,images/angiogram_heart_mass_3105.jpg
CT scan image of the upper spine showing signs of atrophy.,images/ct_scan_spine_atrophy_3106.jpg
MRI image of the upper breast showing signs of swelling.,images/mri_breast_swelling_3107.jpg
Ultrasound image of the bilateral brain showing signs of fracture.,images/ultrasound_brain_fracture_3108.jpg
PET scan image of the posterior eye showing signs of mass.,images/pet_scan_eye_mass_3109.jpg
Ultrasound image of the central knee showing signs of degeneration.,images/ultrasound_knee_degeneration_3110.jpg
X-ray image of the anterior brain showing signs of fluid accumulation.,images/x-ray_brain_fluid accumulation_3111.jpg
CT scan image of the central thyroid showing signs of calcification.,images/ct_scan_thyroid_calcification_3112.jpg
PET scan image of the left spine showing signs of fluid accumulation.,images/pet_scan_spine_fluid accumulation_3113.jpg
X-ray image of the bilateral spine showing signs of blockage.,images/x-ray_spine_blockage_3114.jpg
MRI image of the bilateral thyroid showing signs of swelling.,images/mri_thyroid_swelling_3115.jpg
Angiogram image of the bilateral thyroid showing signs of mass.,images/angiogram_thyroid_mass_3116.jpg
Ultrasound image of the bilateral brain showing signs of lesion.,images/ultrasound_brain_lesion_3117.jpg
X-ray image of the central spine showing signs of hernia.,images/x-ray_spine_hernia_3118.jpg
Angiogram image of the lower eye showing signs of degeneration.,images/angiogram_eye_degeneration_3119.jpg
CT scan image of the anterior liver showing signs of hernia.,images/ct_scan_liver_hernia_3120.jpg
Ultrasound image of the bilateral liver showing signs of fluid accumulation.,images/ultrasound_liver_fluid accumulation_3121.jpg
Mammogram image of the posterior pancreas showing signs of lesion.,images/mammogram_pancreas_lesion_3122.jpg
MRI image of the left breast showing signs of atrophy.,images/mri_breast_atrophy_3123.jpg
Endoscopy image of the no specific abdomen showing signs of inflammation.,images/endoscopy_abdomen_inflammation_3124.jpg
Angiogram image of the upper brain showing signs of scar tissue.,images/angiogram_brain_scar tissue_3125.jpg
Ultrasound image of the bilateral heart showing signs of mass.,images/ultrasound_heart_mass_3126.jpg
MRI image of the anterior knee showing signs of lesion.,images/mri_knee_lesion_3127.jpg
Endoscopy image of the lower brain showing signs of fluid accumulation.,images/endoscopy_brain_fluid accumulation_3128.jpg
Ultrasound image of the no specific liver showing signs of hernia.,images/ultrasound_liver_hernia_3129.jpg
CT scan image of the lower heart showing signs of abnormal growth.,images/ct_scan_heart_abnormal growth_3130.jpg
Angiogram image of the anterior breast showing signs of abnormal growth.,images/angiogram_breast_abnormal growth_3131.jpg
Mammogram image of the right thyroid showing signs of infection.,images/mammogram_thyroid_infection_3132.jpg
Endoscopy image of the lower knee showing signs of infection.,images/endoscopy_knee_infection_3133.jpg
Mammogram image of the upper eye showing signs of fluid accumulation.,images/mammogram_eye_fluid accumulation_3134.jpg
Endoscopy image of the central breast showing signs of scar tissue.,images/endoscopy_breast_scar tissue_3135.jpg
PET scan image of the anterior pancreas showing signs of tumor.,images/pet_scan_pancreas_tumor_3136.jpg
Angiogram image of the no specific liver showing signs of hernia.,images/angiogram_liver_hernia_3137.jpg
MRI image of the left spine showing signs of degeneration.,images/mri_spine_degeneration_3138.jpg
PET scan image of the upper bladder showing signs of tumor.,images/pet_scan_bladder_tumor_3139.jpg
Ultrasound image of the anterior thyroid showing signs of fluid accumulation.,images/ultrasound_thyroid_fluid accumulation_3140.jpg
MRI image of the posterior breast showing signs of atrophy.,images/mri_breast_atrophy_3141.jpg
Ultrasound image of the posterior spine showing signs of infection.,images/ultrasound_spine_infection_3142.jpg
Ultrasound image of the anterior lung showing signs of blockage.,images/ultrasound_lung_blockage_3143.jpg
PET scan image of the left breast showing signs of scar tissue.,images/pet_scan_breast_scar tissue_3144.jpg
Mammogram image of the upper thyroid showing signs of abnormal growth.,images/mammogram_thyroid_abnormal growth_3145.jpg
Endoscopy image of the right pancreas showing signs of fracture.,images/endoscopy_pancreas_fracture_3146.jpg
Angiogram image of the posterior heart showing signs of scar tissue.,images/angiogram_heart_scar tissue_3147.jpg
Angiogram image of the posterior knee showing signs of cyst.,images/angiogram_knee_cyst_3148.jpg
Endoscopy image of the left breast showing signs of degeneration.,images/endoscopy_breast_degeneration_3149.jpg
PET scan image of the posterior heart showing signs of fracture.,images/pet_scan_heart_fracture_3150.jpg
MRI image of the central brain showing signs of tumor.,images/mri_brain_tumor_3151.jpg
MRI image of the posterior bladder showing signs of blockage.,images/mri_bladder_blockage_3152.jpg
PET scan image of the central breast showing signs of inflammation.,images/pet_scan_breast_inflammation_3153.jpg
PET scan image of the lower heart showing signs of scar tissue.,images/pet_scan_heart_scar tissue_3154.jpg
Ultrasound image of the no specific pancreas showing signs of blockage.,images/ultrasound_pancreas_blockage_3155.jpg
Angiogram image of the left bladder showing signs of infection.,images/angiogram_bladder_infection_3156.jpg
PET scan image of the lower liver showing signs of lesion.,images/pet_scan_liver_lesion_3157.jpg
MRI image of the anterior heart showing signs of blockage.,images/mri_heart_blockage_3158.jpg
CT scan image of the lower pancreas showing signs of abnormal growth.,images/ct_scan_pancreas_abnormal growth_3159.jpg
X-ray image of the bilateral pancreas showing signs of mass.,images/x-ray_pancreas_mass_3160.jpg
Mammogram image of the posterior knee showing signs of infection.,images/mammogram_knee_infection_3161.jpg
CT scan image of the central lung showing signs of scar tissue.,images/ct_scan_lung_scar tissue_3162.jpg
X-ray image of the posterior pancreas showing signs of tumor.,images/x-ray_pancreas_tumor_3163.jpg
CT scan image of the anterior thyroid showing signs of infection.,images/ct_scan_thyroid_infection_3164.jpg
PET scan image of the upper liver showing signs of calcification.,images/pet_scan_liver_calcification_3165.jpg
CT scan image of the left brain showing signs of atrophy.,images/ct_scan_brain_atrophy_3166.jpg
Angiogram image of the left bladder showing signs of atrophy.,images/angiogram_bladder_atrophy_3167.jpg
Endoscopy image of the central heart showing signs of swelling.,images/endoscopy_heart_swelling_3168.jpg
CT scan image of the no specific pancreas showing signs of scar tissue.,images/ct_scan_pancreas_scar tissue_3169.jpg
Ultrasound image of the left bladder showing signs of infection.,images/ultrasound_bladder_infection_3170.jpg
Angiogram image of the bilateral breast showing signs of hernia.,images/angiogram_breast_hernia_3171.jpg
X-ray image of the posterior brain showing signs of inflammation.,images/x-ray_brain_inflammation_3172.jpg
Mammogram image of the upper thyroid showing signs of cyst.,images/mammogram_thyroid_cyst_3173.jpg
CT scan image of the right abdomen showing signs of inflammation.,images/ct_scan_abdomen_inflammation_3174.jpg
CT scan image of the upper abdomen showing signs of inflammation.,images/ct_scan_abdomen_inflammation_3175.jpg
MRI image of the posterior thyroid showing signs of calcification.,images/mri_thyroid_calcification_3176.jpg
Mammogram image of the no specific heart showing signs of abnormal growth.,images/mammogram_heart_abnormal growth_3177.jpg
Mammogram image of the right spine showing signs of cyst.,images/mammogram_spine_cyst_3178.jpg
Ultrasound image of the upper lung showing signs of tumor.,images/ultrasound_lung_tumor_3179.jpg
CT scan image of the left pancreas showing signs of blockage.,images/ct_scan_pancreas_blockage_3180.jpg
Ultrasound image of the bilateral breast showing signs of atrophy.,images/ultrasound_breast_atrophy_3181.jpg
Angiogram image of the bilateral lung showing signs of blockage.,images/angiogram_lung_blockage_3182.jpg
Endoscopy image of the upper eye showing signs of cyst.,images/endoscopy_eye_cyst_3183.jpg
Mammogram image of the upper heart showing signs of scar tissue.,images/mammogram_heart_scar tissue_3184.jpg
Ultrasound image of the right eye showing signs of inflammation.,images/ultrasound_eye_inflammation_3185.jpg
Angiogram image of the upper liver showing signs of hernia.,images/angiogram_liver_hernia_3186.jpg
Angiogram image of the lower pancreas showing signs of scar tissue.,images/angiogram_pancreas_scar tissue_3187.jpg
X-ray image of the left knee showing signs of swelling.,images/x-ray_knee_swelling_3188.jpg
PET scan image of the no specific heart showing signs of degeneration.,images/pet_scan_heart_degeneration_3189.jpg
PET scan image of the bilateral brain showing signs of abnormal growth.,images/pet_scan_brain_abnormal growth_3190.jpg
Ultrasound image of the right lung showing signs of calcification.,images/ultrasound_lung_calcification_3191.jpg
PET scan image of the posterior spine showing signs of infection.,images/pet_scan_spine_infection_3192.jpg
Ultrasound image of the right thyroid showing signs of hernia.,images/ultrasound_thyroid_hernia_3193.jpg
X-ray image of the upper brain showing signs of mass.,images/x-ray_brain_mass_3194.jpg
Mammogram image of the bilateral lung showing signs of swelling.,images/mammogram_lung_swelling_3195.jpg
MRI image of the lower spine showing signs of fracture.,images/mri_spine_fracture_3196.jpg
Mammogram image of the bilateral eye showing signs of inflammation.,images/mammogram_eye_inflammation_3197.jpg
Angiogram image of the upper eye showing signs of hernia.,images/angiogram_eye_hernia_3198.jpg
Angiogram image of the right heart showing signs of degeneration.,images/angiogram_heart_degeneration_3199.jpg
Ultrasound image of the no specific breast showing signs of blockage.,images/ultrasound_breast_blockage_3200.jpg
Angiogram image of the anterior bladder showing signs of cyst.,images/angiogram_bladder_cyst_3201.jpg
Endoscopy image of the no specific thyroid showing signs of inflammation.,images/endoscopy_thyroid_inflammation_3202.jpg
Endoscopy image of the upper lung showing signs of blockage.,images/endoscopy_lung_blockage_3203.jpg
PET scan image of the lower liver showing signs of abnormal growth.,images/pet_scan_liver_abnormal growth_3204.jpg
X-ray image of the no specific pancreas showing signs of swelling.,images/x-ray_pancreas_swelling_3205.jpg
Mammogram image of the no specific spine showing signs of fracture.,images/mammogram_spine_fracture_3206.jpg
MRI image of the anterior brain showing signs of scar tissue.,images/mri_brain_scar tissue_3207.jpg
X-ray image of the anterior abdomen showing signs of hernia.,images/x-ray_abdomen_hernia_3208.jpg
Angiogram image of the posterior bladder showing signs of infection.,images/angiogram_bladder_infection_3209.jpg
PET scan image of the left knee showing signs of infection.,images/pet_scan_knee_infection_3210.jpg
Endoscopy image of the bilateral pancreas showing signs of swelling.,images/endoscopy_pancreas_swelling_3211.jpg
MRI image of the central abdomen showing signs of lesion.,images/mri_abdomen_lesion_3212.jpg
MRI image of the lower breast showing signs of lesion.,images/mri_breast_lesion_3213.jpg
Angiogram image of the right liver showing signs of infection.,images/angiogram_liver_infection_3214.jpg
Angiogram image of the right abdomen showing signs of tumor.,images/angiogram_abdomen_tumor_3215.jpg
PET scan image of the right eye showing signs of scar tissue.,images/pet_scan_eye_scar tissue_3216.jpg
Mammogram image of the anterior spine showing signs of cyst.,images/mammogram_spine_cyst_3217.jpg
CT scan image of the right thyroid showing signs of blockage.,images/ct_scan_thyroid_blockage_3218.jpg
Ultrasound image of the bilateral thyroid showing signs of blockage.,images/ultrasound_thyroid_blockage_3219.jpg
Angiogram image of the upper knee showing signs of blockage.,images/angiogram_knee_blockage_3220.jpg
PET scan image of the no specific liver showing signs of abnormal growth.,images/pet_scan_liver_abnormal growth_3221.jpg
Ultrasound image of the upper breast showing signs of fracture.,images/ultrasound_breast_fracture_3222.jpg
Ultrasound image of the right knee showing signs of fluid accumulation.,images/ultrasound_knee_fluid accumulation_3223.jpg
Ultrasound image of the anterior brain showing signs of atrophy.,images/ultrasound_brain_atrophy_3224.jpg
Ultrasound image of the right spine showing signs of tumor.,images/ultrasound_spine_tumor_3225.jpg
X-ray image of the posterior heart showing signs of tumor.,images/x-ray_heart_tumor_3226.jpg
X-ray image of the right liver showing signs of scar tissue.,images/x-ray_liver_scar tissue_3227.jpg
Endoscopy image of the bilateral thyroid showing signs of lesion.,images/endoscopy_thyroid_lesion_3228.jpg
Endoscopy image of the central eye showing signs of degeneration.,images/endoscopy_eye_degeneration_3229.jpg
PET scan image of the lower abdomen showing signs of calcification.,images/pet_scan_abdomen_calcification_3230.jpg
Endoscopy image of the right thyroid showing signs of cyst.,images/endoscopy_thyroid_cyst_3231.jpg
CT scan image of the left heart showing signs of infection.,images/ct_scan_heart_infection_3232.jpg
CT scan image of the bilateral heart showing signs of hernia.,images/ct_scan_heart_hernia_3233.jpg
Ultrasound image of the right thyroid showing signs of tumor.,images/ultrasound_thyroid_tumor_3234.jpg
X-ray image of the posterior abdomen showing signs of fluid accumulation.,images/x-ray_abdomen_fluid accumulation_3235.jpg
Ultrasound image of the upper pancreas showing signs of lesion.,images/ultrasound_pancreas_lesion_3236.jpg
X-ray image of the upper liver showing signs of fracture.,images/x-ray_liver_fracture_3237.jpg
Endoscopy image of the bilateral lung showing signs of abnormal growth.,images/endoscopy_lung_abnormal growth_3238.jpg
CT scan image of the bilateral brain showing signs of infection.,images/ct_scan_brain_infection_3239.jpg
PET scan image of the anterior knee showing signs of lesion.,images/pet_scan_knee_lesion_3240.jpg
Endoscopy image of the bilateral thyroid showing signs of atrophy.,images/endoscopy_thyroid_atrophy_3241.jpg
Endoscopy image of the upper pancreas showing signs of atrophy.,images/endoscopy_pancreas_atrophy_3242.jpg
MRI image of the bilateral spine showing signs of scar tissue.,images/mri_spine_scar tissue_3243.jpg
Mammogram image of the central breast showing signs of fracture.,images/mammogram_breast_fracture_3244.jpg
Angiogram image of the anterior brain showing signs of blockage.,images/angiogram_brain_blockage_3245.jpg
Endoscopy image of the right spine showing signs of fluid accumulation.,images/endoscopy_spine_fluid accumulation_3246.jpg
Ultrasound image of the right spine showing signs of tumor.,images/ultrasound_spine_tumor_3247.jpg
Mammogram image of the posterior brain showing signs of mass.,images/mammogram_brain_mass_3248.jpg
MRI image of the upper spine showing signs of lesion.,images/mri_spine_lesion_3249.jpg
Endoscopy image of the anterior liver showing signs of cyst.,images/endoscopy_liver_cyst_3250.jpg
Ultrasound image of the lower liver showing signs of scar tissue.,images/ultrasound_liver_scar tissue_3251.jpg
PET scan image of the lower knee showing signs of blockage.,images/pet_scan_knee_blockage_3252.jpg
X-ray image of the right heart showing signs of fluid accumulation.,images/x-ray_heart_fluid accumulation_3253.jpg
CT scan image of the left abdomen showing signs of hernia.,images/ct_scan_abdomen_hernia_3254.jpg
Mammogram image of the no specific heart showing signs of scar tissue.,images/mammogram_heart_scar tissue_3255.jpg
Ultrasound image of the right heart showing signs of fracture.,images/ultrasound_heart_fracture_3256.jpg
Endoscopy image of the right eye showing signs of swelling.,images/endoscopy_eye_swelling_3257.jpg
Ultrasound image of the anterior heart showing signs of inflammation.,images/ultrasound_heart_inflammation_3258.jpg
Ultrasound image of the left brain showing signs of hernia.,images/ultrasound_brain_hernia_3259.jpg
MRI image of the upper brain showing signs of blockage.,images/mri_brain_blockage_3260.jpg
PET scan image of the right eye showing signs of blockage.,images/pet_scan_eye_blockage_3261.jpg
PET scan image of the upper abdomen showing signs of atrophy.,images/pet_scan_abdomen_atrophy_3262.jpg
MRI image of the right heart showing signs of tumor.,images/mri_heart_tumor_3263.jpg
MRI image of the no specific eye showing signs of fluid accumulation.,images/mri_eye_fluid accumulation_3264.jpg
MRI image of the bilateral breast showing signs of fluid accumulation.,images/mri_breast_fluid accumulation_3265.jpg
MRI image of the lower heart showing signs of mass.,images/mri_heart_mass_3266.jpg
Endoscopy image of the bilateral liver showing signs of blockage.,images/endoscopy_liver_blockage_3267.jpg
MRI image of the lower brain showing signs of infection.,images/mri_brain_infection_3268.jpg
Angiogram image of the bilateral breast showing signs of hernia.,images/angiogram_breast_hernia_3269.jpg
CT scan image of the lower knee showing signs of abnormal growth.,images/ct_scan_knee_abnormal growth_3270.jpg
Endoscopy image of the anterior lung showing signs of atrophy.,images/endoscopy_lung_atrophy_3271.jpg
X-ray image of the right eye showing signs of hernia.,images/x-ray_eye_hernia_3272.jpg
Angiogram image of the central knee showing signs of infection.,images/angiogram_knee_infection_3273.jpg
Endoscopy image of the central lung showing signs of swelling.,images/endoscopy_lung_swelling_3274.jpg
Mammogram image of the posterior brain showing signs of atrophy.,images/mammogram_brain_atrophy_3275.jpg
PET scan image of the bilateral bladder showing signs of mass.,images/pet_scan_bladder_mass_3276.jpg
MRI image of the anterior abdomen showing signs of infection.,images/mri_abdomen_infection_3277.jpg
Mammogram image of the lower thyroid showing signs of swelling.,images/mammogram_thyroid_swelling_3278.jpg
Angiogram image of the posterior eye showing signs of inflammation.,images/angiogram_eye_inflammation_3279.jpg
CT scan image of the left heart showing signs of fluid accumulation.,images/ct_scan_heart_fluid accumulation_3280.jpg
Mammogram image of the left thyroid showing signs of mass.,images/mammogram_thyroid_mass_3281.jpg
MRI image of the anterior liver showing signs of mass.,images/mri_liver_mass_3282.jpg
Angiogram image of the no specific bladder showing signs of infection.,images/angiogram_bladder_infection_3283.jpg
Angiogram image of the left liver showing signs of fracture.,images/angiogram_liver_fracture_3284.jpg
Endoscopy image of the right heart showing signs of mass.,images/endoscopy_heart_mass_3285.jpg
MRI image of the central abdomen showing signs of mass.,images/mri_abdomen_mass_3286.jpg
MRI image of the right abdomen showing signs of atrophy.,images/mri_abdomen_atrophy_3287.jpg
CT scan image of the bilateral spine showing signs of abnormal growth.,images/ct_scan_spine_abnormal growth_3288.jpg
X-ray image of the bilateral pancreas showing signs of tumor.,images/x-ray_pancreas_tumor_3289.jpg
Angiogram image of the posterior heart showing signs of abnormal growth.,images/angiogram_heart_abnormal growth_3290.jpg
CT scan image of the lower spine showing signs of lesion.,images/ct_scan_spine_lesion_3291.jpg
MRI image of the bilateral pancreas showing signs of calcification.,images/mri_pancreas_calcification_3292.jpg
X-ray image of the no specific thyroid showing signs of abnormal growth.,images/x-ray_thyroid_abnormal growth_3293.jpg
Ultrasound image of the no specific abdomen showing signs of calcification.,images/ultrasound_abdomen_calcification_3294.jpg
Mammogram image of the right thyroid showing signs of lesion.,images/mammogram_thyroid_lesion_3295.jpg
MRI image of the right spine showing signs of lesion.,images/mri_spine_lesion_3296.jpg
Mammogram image of the left brain showing signs of fluid accumulation.,images/mammogram_brain_fluid accumulation_3297.jpg
Angiogram image of the no specific abdomen showing signs of atrophy.,images/angiogram_abdomen_atrophy_3298.jpg
Angiogram image of the right bladder showing signs of mass.,images/angiogram_bladder_mass_3299.jpg
Mammogram image of the anterior heart showing signs of cyst.,images/mammogram_heart_cyst_3300.jpg
MRI image of the no specific eye showing signs of inflammation.,images/mri_eye_inflammation_3301.jpg
Angiogram image of the anterior breast showing signs of mass.,images/angiogram_breast_mass_3302.jpg
MRI image of the upper liver showing signs of fracture.,images/mri_liver_fracture_3303.jpg
MRI image of the central liver showing signs of lesion.,images/mri_liver_lesion_3304.jpg
MRI image of the right liver showing signs of fluid accumulation.,images/mri_liver_fluid accumulation_3305.jpg
PET scan image of the posterior lung showing signs of abnormal growth.,images/pet_scan_lung_abnormal growth_3306.jpg
Ultrasound image of the upper knee showing signs of degeneration.,images/ultrasound_knee_degeneration_3307.jpg
Mammogram image of the left bladder showing signs of atrophy.,images/mammogram_bladder_atrophy_3308.jpg
CT scan image of the anterior pancreas showing signs of inflammation.,images/ct_scan_pancreas_inflammation_3309.jpg
PET scan image of the anterior brain showing signs of hernia.,images/pet_scan_brain_hernia_3310.jpg
MRI image of the right pancreas showing signs of swelling.,images/mri_pancreas_swelling_3311.jpg
CT scan image of the bilateral liver showing signs of lesion.,images/ct_scan_liver_lesion_3312.jpg
Endoscopy image of the no specific brain showing signs of scar tissue.,images/endoscopy_brain_scar tissue_3313.jpg
Angiogram image of the no specific abdomen showing signs of abnormal growth.,images/angiogram_abdomen_abnormal growth_3314.jpg
X-ray image of the posterior bladder showing signs of scar tissue.,images/x-ray_bladder_scar tissue_3315.jpg
CT scan image of the bilateral brain showing signs of lesion.,images/ct_scan_brain_lesion_3316.jpg
Angiogram image of the bilateral lung showing signs of infection.,images/angiogram_lung_infection_3317.jpg
Angiogram image of the lower pancreas showing signs of lesion.,images/angiogram_pancreas_lesion_3318.jpg
X-ray image of the posterior lung showing signs of fluid accumulation.,images/x-ray_lung_fluid accumulation_3319.jpg
Endoscopy image of the anterior breast showing signs of fracture.,images/endoscopy_breast_fracture_3320.jpg
PET scan image of the bilateral brain showing signs of cyst.,images/pet_scan_brain_cyst_3321.jpg
Angiogram image of the left pancreas showing signs of tumor.,images/angiogram_pancreas_tumor_3322.jpg
CT scan image of the anterior spine showing signs of mass.,images/ct_scan_spine_mass_3323.jpg
PET scan image of the anterior liver showing signs of fracture.,images/pet_scan_liver_fracture_3324.jpg
MRI image of the central abdomen showing signs of mass.,images/mri_abdomen_mass_3325.jpg
Endoscopy image of the right breast showing signs of infection.,images/endoscopy_breast_infection_3326.jpg
Angiogram image of the anterior brain showing signs of cyst.,images/angiogram_brain_cyst_3327.jpg
CT scan image of the left liver showing signs of abnormal growth.,images/ct_scan_liver_abnormal growth_3328.jpg
CT scan image of the anterior heart showing signs of tumor.,images/ct_scan_heart_tumor_3329.jpg
MRI image of the bilateral knee showing signs of cyst.,images/mri_knee_cyst_3330.jpg
PET scan image of the right pancreas showing signs of fracture.,images/pet_scan_pancreas_fracture_3331.jpg
PET scan image of the left eye showing signs of swelling.,images/pet_scan_eye_swelling_3332.jpg
PET scan image of the left eye showing signs of mass.,images/pet_scan_eye_mass_3333.jpg
Endoscopy image of the upper breast showing signs of abnormal growth.,images/endoscopy_breast_abnormal growth_3334.jpg
Mammogram image of the no specific knee showing signs of degeneration.,images/mammogram_knee_degeneration_3335.jpg
Angiogram image of the left lung showing signs of cyst.,images/angiogram_lung_cyst_3336.jpg
X-ray image of the anterior lung showing signs of degeneration.,images/x-ray_lung_degeneration_3337.jpg
PET scan image of the anterior abdomen showing signs of calcification.,images/pet_scan_abdomen_calcification_3338.jpg
Endoscopy image of the right thyroid showing signs of abnormal growth.,images/endoscopy_thyroid_abnormal growth_3339.jpg
PET scan image of the no specific eye showing signs of blockage.,images/pet_scan_eye_blockage_3340.jpg
MRI image of the anterior knee showing signs of lesion.,images/mri_knee_lesion_3341.jpg
Angiogram image of the central eye showing signs of fluid accumulation.,images/angiogram_eye_fluid accumulation_3342.jpg
Mammogram image of the bilateral pancreas showing signs of fracture.,images/mammogram_pancreas_fracture_3343.jpg
Endoscopy image of the upper abdomen showing signs of atrophy.,images/endoscopy_abdomen_atrophy_3344.jpg
PET scan image of the upper pancreas showing signs of blockage.,images/pet_scan_pancreas_blockage_3345.jpg
PET scan image of the upper breast showing signs of infection.,images/pet_scan_breast_infection_3346.jpg
PET scan image of the central thyroid showing signs of mass.,images/pet_scan_thyroid_mass_3347.jpg
Angiogram image of the upper thyroid showing signs of cyst.,images/angiogram_thyroid_cyst_3348.jpg
Ultrasound image of the upper liver showing signs of abnormal growth.,images/ultrasound_liver_abnormal growth_3349.jpg
Angiogram image of the bilateral bladder showing signs of abnormal growth.,images/angiogram_bladder_abnormal growth_3350.jpg
X-ray image of the central abdomen showing signs of swelling.,images/x-ray_abdomen_swelling_3351.jpg
PET scan image of the central heart showing signs of lesion.,images/pet_scan_heart_lesion_3352.jpg
CT scan image of the left liver showing signs of calcification.,images/ct_scan_liver_calcification_3353.jpg
CT scan image of the bilateral bladder showing signs of lesion.,images/ct_scan_bladder_lesion_3354.jpg
Ultrasound image of the bilateral pancreas showing signs of abnormal growth.,images/ultrasound_pancreas_abnormal growth_3355.jpg
Angiogram image of the no specific thyroid showing signs of fluid accumulation.,images/angiogram_thyroid_fluid accumulation_3356.jpg
Angiogram image of the left thyroid showing signs of fluid accumulation.,images/angiogram_thyroid_fluid accumulation_3357.jpg
PET scan image of the left eye showing signs of atrophy.,images/pet_scan_eye_atrophy_3358.jpg
X-ray image of the no specific liver showing signs of hernia.,images/x-ray_liver_hernia_3359.jpg
PET scan image of the upper liver showing signs of blockage.,images/pet_scan_liver_blockage_3360.jpg
MRI image of the bilateral eye showing signs of scar tissue.,images/mri_eye_scar tissue_3361.jpg
Endoscopy image of the anterior abdomen showing signs of blockage.,images/endoscopy_abdomen_blockage_3362.jpg
Angiogram image of the right heart showing signs of lesion.,images/angiogram_heart_lesion_3363.jpg
PET scan image of the anterior lung showing signs of swelling.,images/pet_scan_lung_swelling_3364.jpg
MRI image of the right knee showing signs of inflammation.,images/mri_knee_inflammation_3365.jpg
Ultrasound image of the lower heart showing signs of hernia.,images/ultrasound_heart_hernia_3366.jpg
MRI image of the lower heart showing signs of blockage.,images/mri_heart_blockage_3367.jpg
Angiogram image of the bilateral pancreas showing signs of inflammation.,images/angiogram_pancreas_inflammation_3368.jpg
Ultrasound image of the anterior liver showing signs of calcification.,images/ultrasound_liver_calcification_3369.jpg
X-ray image of the no specific heart showing signs of swelling.,images/x-ray_heart_swelling_3370.jpg
Ultrasound image of the upper lung showing signs of abnormal growth.,images/ultrasound_lung_abnormal growth_3371.jpg
Endoscopy image of the left lung showing signs of abnormal growth.,images/endoscopy_lung_abnormal growth_3372.jpg
Mammogram image of the left eye showing signs of infection.,images/mammogram_eye_infection_3373.jpg
MRI image of the posterior thyroid showing signs of cyst.,images/mri_thyroid_cyst_3374.jpg
Endoscopy image of the bilateral knee showing signs of infection.,images/endoscopy_knee_infection_3375.jpg
Ultrasound image of the left breast showing signs of atrophy.,images/ultrasound_breast_atrophy_3376.jpg
X-ray image of the left spine showing signs of tumor.,images/x-ray_spine_tumor_3377.jpg
Ultrasound image of the anterior thyroid showing signs of fluid accumulation.,images/ultrasound_thyroid_fluid accumulation_3378.jpg
X-ray image of the bilateral breast showing signs of swelling.,images/x-ray_breast_swelling_3379.jpg
Mammogram image of the lower pancreas showing signs of mass.,images/mammogram_pancreas_mass_3380.jpg
Ultrasound image of the no specific thyroid showing signs of atrophy.,images/ultrasound_thyroid_atrophy_3381.jpg
CT scan image of the anterior liver showing signs of infection.,images/ct_scan_liver_infection_3382.jpg
X-ray image of the upper bladder showing signs of lesion.,images/x-ray_bladder_lesion_3383.jpg
X-ray image of the upper brain showing signs of infection.,images/x-ray_brain_infection_3384.jpg
Angiogram image of the central pancreas showing signs of calcification.,images/angiogram_pancreas_calcification_3385.jpg
PET scan image of the central pancreas showing signs of degeneration.,images/pet_scan_pancreas_degeneration_3386.jpg
Endoscopy image of the bilateral eye showing signs of calcification.,images/endoscopy_eye_calcification_3387.jpg
Angiogram image of the bilateral eye showing signs of swelling.,images/angiogram_eye_swelling_3388.jpg
PET scan image of the no specific brain showing signs of calcification.,images/pet_scan_brain_calcification_3389.jpg
Ultrasound image of the left thyroid showing signs of degeneration.,images/ultrasound_thyroid_degeneration_3390.jpg
CT scan image of the upper abdomen showing signs of swelling.,images/ct_scan_abdomen_swelling_3391.jpg
Mammogram image of the upper eye showing signs of fracture.,images/mammogram_eye_fracture_3392.jpg
Angiogram image of the posterior knee showing signs of tumor.,images/angiogram_knee_tumor_3393.jpg
Mammogram image of the anterior knee showing signs of fluid accumulation.,images/mammogram_knee_fluid accumulation_3394.jpg
Angiogram image of the upper heart showing signs of infection.,images/angiogram_heart_infection_3395.jpg
X-ray image of the no specific breast showing signs of tumor.,images/x-ray_breast_tumor_3396.jpg
Mammogram image of the central abdomen showing signs of degeneration.,images/mammogram_abdomen_degeneration_3397.jpg
Ultrasound image of the central spine showing signs of mass.,images/ultrasound_spine_mass_3398.jpg
Mammogram image of the posterior heart showing signs of fracture.,images/mammogram_heart_fracture_3399.jpg
Ultrasound image of the no specific heart showing signs of inflammation.,images/ultrasound_heart_inflammation_3400.jpg
CT scan image of the bilateral lung showing signs of lesion.,images/ct_scan_lung_lesion_3401.jpg
X-ray image of the central spine showing signs of mass.,images/x-ray_spine_mass_3402.jpg
PET scan image of the anterior pancreas showing signs of blockage.,images/pet_scan_pancreas_blockage_3403.jpg
Angiogram image of the right spine showing signs of inflammation.,images/angiogram_spine_inflammation_3404.jpg
X-ray image of the bilateral bladder showing signs of fracture.,images/x-ray_bladder_fracture_3405.jpg
PET scan image of the right thyroid showing signs of tumor.,images/pet_scan_thyroid_tumor_3406.jpg
CT scan image of the no specific breast showing signs of inflammation.,images/ct_scan_breast_inflammation_3407.jpg
X-ray image of the upper spine showing signs of blockage.,images/x-ray_spine_blockage_3408.jpg
MRI image of the left brain showing signs of swelling.,images/mri_brain_swelling_3409.jpg
PET scan image of the anterior liver showing signs of cyst.,images/pet_scan_liver_cyst_3410.jpg
Endoscopy image of the upper liver showing signs of mass.,images/endoscopy_liver_mass_3411.jpg
Endoscopy image of the upper heart showing signs of swelling.,images/endoscopy_heart_swelling_3412.jpg
Endoscopy image of the lower bladder showing signs of tumor.,images/endoscopy_bladder_tumor_3413.jpg
Mammogram image of the anterior spine showing signs of atrophy.,images/mammogram_spine_atrophy_3414.jpg
Mammogram image of the bilateral brain showing signs of mass.,images/mammogram_brain_mass_3415.jpg
X-ray image of the lower eye showing signs of mass.,images/x-ray_eye_mass_3416.jpg
Ultrasound image of the left spine showing signs of calcification.,images/ultrasound_spine_calcification_3417.jpg
Endoscopy image of the left eye showing signs of degeneration.,images/endoscopy_eye_degeneration_3418.jpg
X-ray image of the left knee showing signs of degeneration.,images/x-ray_knee_degeneration_3419.jpg
Ultrasound image of the bilateral heart showing signs of mass.,images/ultrasound_heart_mass_3420.jpg
Mammogram image of the left knee showing signs of lesion.,images/mammogram_knee_lesion_3421.jpg
PET scan image of the anterior bladder showing signs of infection.,images/pet_scan_bladder_infection_3422.jpg
MRI image of the lower pancreas showing signs of swelling.,images/mri_pancreas_swelling_3423.jpg
Angiogram image of the central breast showing signs of lesion.,images/angiogram_breast_lesion_3424.jpg
Mammogram image of the anterior eye showing signs of scar tissue.,images/mammogram_eye_scar tissue_3425.jpg
Ultrasound image of the upper abdomen showing signs of mass.,images/ultrasound_abdomen_mass_3426.jpg
Angiogram image of the no specific bladder showing signs of swelling.,images/angiogram_bladder_swelling_3427.jpg
MRI image of the right eye showing signs of degeneration.,images/mri_eye_degeneration_3428.jpg
Mammogram image of the posterior heart showing signs of cyst.,images/mammogram_heart_cyst_3429.jpg
Angiogram image of the right brain showing signs of degeneration.,images/angiogram_brain_degeneration_3430.jpg
MRI image of the upper eye showing signs of scar tissue.,images/mri_eye_scar tissue_3431.jpg
Mammogram image of the lower eye showing signs of inflammation.,images/mammogram_eye_inflammation_3432.jpg
X-ray image of the no specific bladder showing signs of tumor.,images/x-ray_bladder_tumor_3433.jpg
Endoscopy image of the no specific breast showing signs of hernia.,images/endoscopy_breast_hernia_3434.jpg
MRI image of the posterior thyroid showing signs of infection.,images/mri_thyroid_infection_3435.jpg
PET scan image of the left lung showing signs of fluid accumulation.,images/pet_scan_lung_fluid accumulation_3436.jpg
CT scan image of the lower bladder showing signs of lesion.,images/ct_scan_bladder_lesion_3437.jpg
PET scan image of the right abdomen showing signs of blockage.,images/pet_scan_abdomen_blockage_3438.jpg
Angiogram image of the bilateral heart showing signs of swelling.,images/angiogram_heart_swelling_3439.jpg
Ultrasound image of the left spine showing signs of scar tissue.,images/ultrasound_spine_scar tissue_3440.jpg
Angiogram image of the central brain showing signs of inflammation.,images/angiogram_brain_inflammation_3441.jpg
Endoscopy image of the left heart showing signs of swelling.,images/endoscopy_heart_swelling_3442.jpg
PET scan image of the left knee showing signs of cyst.,images/pet_scan_knee_cyst_3443.jpg
Mammogram image of the central thyroid showing signs of fluid accumulation.,images/mammogram_thyroid_fluid accumulation_3444.jpg
X-ray image of the left lung showing signs of blockage.,images/x-ray_lung_blockage_3445.jpg
X-ray image of the posterior thyroid showing signs of swelling.,images/x-ray_thyroid_swelling_3446.jpg
Angiogram image of the right thyroid showing signs of calcification.,images/angiogram_thyroid_calcification_3447.jpg
Endoscopy image of the right thyroid showing signs of hernia.,images/endoscopy_thyroid_hernia_3448.jpg
Angiogram image of the posterior heart showing signs of degeneration.,images/angiogram_heart_degeneration_3449.jpg
Endoscopy image of the central knee showing signs of blockage.,images/endoscopy_knee_blockage_3450.jpg
Endoscopy image of the bilateral eye showing signs of blockage.,images/endoscopy_eye_blockage_3451.jpg
Endoscopy image of the central thyroid showing signs of calcification.,images/endoscopy_thyroid_calcification_3452.jpg
CT scan image of the lower heart showing signs of swelling.,images/ct_scan_heart_swelling_3453.jpg
Mammogram image of the central heart showing signs of cyst.,images/mammogram_heart_cyst_3454.jpg
X-ray image of the no specific heart showing signs of fluid accumulation.,images/x-ray_heart_fluid accumulation_3455.jpg
Ultrasound image of the no specific knee showing signs of inflammation.,images/ultrasound_knee_inflammation_3456.jpg
CT scan image of the anterior bladder showing signs of atrophy.,images/ct_scan_bladder_atrophy_3457.jpg
Endoscopy image of the central knee showing signs of mass.,images/endoscopy_knee_mass_3458.jpg
CT scan image of the central breast showing signs of abnormal growth.,images/ct_scan_breast_abnormal growth_3459.jpg
Endoscopy image of the no specific lung showing signs of inflammation.,images/endoscopy_lung_inflammation_3460.jpg
CT scan image of the central liver showing signs of hernia.,images/ct_scan_liver_hernia_3461.jpg
Angiogram image of the anterior lung showing signs of degeneration.,images/angiogram_lung_degeneration_3462.jpg
Angiogram image of the right breast showing signs of tumor.,images/angiogram_breast_tumor_3463.jpg
Ultrasound image of the posterior thyroid showing signs of scar tissue.,images/ultrasound_thyroid_scar tissue_3464.jpg
Angiogram image of the posterior liver showing signs of degeneration.,images/angiogram_liver_degeneration_3465.jpg
Ultrasound image of the anterior thyroid showing signs of fluid accumulation.,images/ultrasound_thyroid_fluid accumulation_3466.jpg
X-ray image of the central eye showing signs of scar tissue.,images/x-ray_eye_scar tissue_3467.jpg
CT scan image of the lower liver showing signs of inflammation.,images/ct_scan_liver_inflammation_3468.jpg
Mammogram image of the anterior lung showing signs of calcification.,images/mammogram_lung_calcification_3469.jpg
Mammogram image of the posterior eye showing signs of blockage.,images/mammogram_eye_blockage_3470.jpg
Ultrasound image of the lower heart showing signs of swelling.,images/ultrasound_heart_swelling_3471.jpg
Mammogram image of the posterior thyroid showing signs of infection.,images/mammogram_thyroid_infection_3472.jpg
X-ray image of the central eye showing signs of infection.,images/x-ray_eye_infection_3473.jpg
CT scan image of the no specific knee showing signs of calcification.,images/ct_scan_knee_calcification_3474.jpg
Ultrasound image of the no specific spine showing signs of blockage.,images/ultrasound_spine_blockage_3475.jpg
MRI image of the left thyroid showing signs of tumor.,images/mri_thyroid_tumor_3476.jpg
PET scan image of the central liver showing signs of hernia.,images/pet_scan_liver_hernia_3477.jpg
CT scan image of the upper spine showing signs of fracture.,images/ct_scan_spine_fracture_3478.jpg
Mammogram image of the central bladder showing signs of atrophy.,images/mammogram_bladder_atrophy_3479.jpg
X-ray image of the bilateral brain showing signs of hernia.,images/x-ray_brain_hernia_3480.jpg
PET scan image of the no specific lung showing signs of fracture.,images/pet_scan_lung_fracture_3481.jpg
X-ray image of the bilateral breast showing signs of calcification.,images/x-ray_breast_calcification_3482.jpg
Ultrasound image of the anterior spine showing signs of hernia.,images/ultrasound_spine_hernia_3483.jpg
X-ray image of the upper spine showing signs of infection.,images/x-ray_spine_infection_3484.jpg
PET scan image of the lower liver showing signs of degeneration.,images/pet_scan_liver_degeneration_3485.jpg
MRI image of the no specific brain showing signs of abnormal growth.,images/mri_brain_abnormal growth_3486.jpg
Mammogram image of the bilateral bladder showing signs of degeneration.,images/mammogram_bladder_degeneration_3487.jpg
Mammogram image of the lower liver showing signs of hernia.,images/mammogram_liver_hernia_3488.jpg
PET scan image of the posterior lung showing signs of scar tissue.,images/pet_scan_lung_scar tissue_3489.jpg
Mammogram image of the right brain showing signs of abnormal growth.,images/mammogram_brain_abnormal growth_3490.jpg
X-ray image of the left knee showing signs of hernia.,images/x-ray_knee_hernia_3491.jpg
Angiogram image of the no specific bladder showing signs of swelling.,images/angiogram_bladder_swelling_3492.jpg
MRI image of the posterior abdomen showing signs of fracture.,images/mri_abdomen_fracture_3493.jpg
CT scan image of the no specific brain showing signs of cyst.,images/ct_scan_brain_cyst_3494.jpg
X-ray image of the bilateral abdomen showing signs of hernia.,images/x-ray_abdomen_hernia_3495.jpg
Ultrasound image of the upper heart showing signs of lesion.,images/ultrasound_heart_lesion_3496.jpg
X-ray image of the central pancreas showing signs of infection.,images/x-ray_pancreas_infection_3497.jpg
Angiogram image of the no specific heart showing signs of fracture.,images/angiogram_heart_fracture_3498.jpg
Endoscopy image of the no specific breast showing signs of infection.,images/endoscopy_breast_infection_3499.jpg
Mammogram image of the lower spine showing signs of fluid accumulation.,images/mammogram_spine_fluid accumulation_3500.jpg
PET scan image of the anterior brain showing signs of lesion.,images/pet_scan_brain_lesion_3501.jpg
Ultrasound image of the lower lung showing signs of lesion.,images/ultrasound_lung_lesion_3502.jpg
CT scan image of the central liver showing signs of infection.,images/ct_scan_liver_infection_3503.jpg
CT scan image of the left heart showing signs of fracture.,images/ct_scan_heart_fracture_3504.jpg
MRI image of the central thyroid showing signs of fluid accumulation.,images/mri_thyroid_fluid accumulation_3505.jpg
PET scan image of the posterior bladder showing signs of hernia.,images/pet_scan_bladder_hernia_3506.jpg
Ultrasound image of the anterior lung showing signs of swelling.,images/ultrasound_lung_swelling_3507.jpg
X-ray image of the no specific spine showing signs of inflammation.,images/x-ray_spine_inflammation_3508.jpg
PET scan image of the anterior thyroid showing signs of scar tissue.,images/pet_scan_thyroid_scar tissue_3509.jpg
Ultrasound image of the central eye showing signs of mass.,images/ultrasound_eye_mass_3510.jpg
MRI image of the left brain showing signs of hernia.,images/mri_brain_hernia_3511.jpg
Ultrasound image of the bilateral eye showing signs of fluid accumulation.,images/ultrasound_eye_fluid accumulation_3512.jpg
MRI image of the right liver showing signs of degeneration.,images/mri_liver_degeneration_3513.jpg
Endoscopy image of the right heart showing signs of atrophy.,images/endoscopy_heart_atrophy_3514.jpg
MRI image of the left heart showing signs of degeneration.,images/mri_heart_degeneration_3515.jpg
CT scan image of the anterior pancreas showing signs of swelling.,images/ct_scan_pancreas_swelling_3516.jpg
Angiogram image of the no specific breast showing signs of lesion.,images/angiogram_breast_lesion_3517.jpg
PET scan image of the bilateral abdomen showing signs of degeneration.,images/pet_scan_abdomen_degeneration_3518.jpg
Mammogram image of the central eye showing signs of mass.,images/mammogram_eye_mass_3519.jpg
Mammogram image of the anterior breast showing signs of degeneration.,images/mammogram_breast_degeneration_3520.jpg
X-ray image of the left pancreas showing signs of infection.,images/x-ray_pancreas_infection_3521.jpg
X-ray image of the left brain showing signs of tumor.,images/x-ray_brain_tumor_3522.jpg
Angiogram image of the no specific liver showing signs of lesion.,images/angiogram_liver_lesion_3523.jpg
Endoscopy image of the right eye showing signs of infection.,images/endoscopy_eye_infection_3524.jpg
X-ray image of the central abdomen showing signs of swelling.,images/x-ray_abdomen_swelling_3525.jpg
Endoscopy image of the posterior eye showing signs of fracture.,images/endoscopy_eye_fracture_3526.jpg
CT scan image of the left knee showing signs of tumor.,images/ct_scan_knee_tumor_3527.jpg
Endoscopy image of the no specific eye showing signs of degeneration.,images/endoscopy_eye_degeneration_3528.jpg
CT scan image of the no specific breast showing signs of abnormal growth.,images/ct_scan_breast_abnormal growth_3529.jpg
MRI image of the anterior brain showing signs of blockage.,images/mri_brain_blockage_3530.jpg
MRI image of the upper liver showing signs of scar tissue.,images/mri_liver_scar tissue_3531.jpg
PET scan image of the no specific lung showing signs of infection.,images/pet_scan_lung_infection_3532.jpg
CT scan image of the bilateral breast showing signs of blockage.,images/ct_scan_breast_blockage_3533.jpg
Angiogram image of the right pancreas showing signs of lesion.,images/angiogram_pancreas_lesion_3534.jpg
Angiogram image of the lower thyroid showing signs of scar tissue.,images/angiogram_thyroid_scar tissue_3535.jpg
PET scan image of the central thyroid showing signs of lesion.,images/pet_scan_thyroid_lesion_3536.jpg
X-ray image of the anterior bladder showing signs of infection.,images/x-ray_bladder_infection_3537.jpg
MRI image of the right eye showing signs of abnormal growth.,images/mri_eye_abnormal growth_3538.jpg
PET scan image of the upper abdomen showing signs of lesion.,images/pet_scan_abdomen_lesion_3539.jpg
CT scan image of the upper abdomen showing signs of swelling.,images/ct_scan_abdomen_swelling_3540.jpg
PET scan image of the posterior thyroid showing signs of inflammation.,images/pet_scan_thyroid_inflammation_3541.jpg
MRI image of the bilateral thyroid showing signs of fluid accumulation.,images/mri_thyroid_fluid accumulation_3542.jpg
Ultrasound image of the no specific liver showing signs of fracture.,images/ultrasound_liver_fracture_3543.jpg
Endoscopy image of the bilateral eye showing signs of mass.,images/endoscopy_eye_mass_3544.jpg
CT scan image of the anterior heart showing signs of cyst.,images/ct_scan_heart_cyst_3545.jpg
Ultrasound image of the no specific brain showing signs of hernia.,images/ultrasound_brain_hernia_3546.jpg
Angiogram image of the right bladder showing signs of calcification.,images/angiogram_bladder_calcification_3547.jpg
MRI image of the right pancreas showing signs of infection.,images/mri_pancreas_infection_3548.jpg
CT scan image of the left heart showing signs of scar tissue.,images/ct_scan_heart_scar tissue_3549.jpg
Endoscopy image of the lower knee showing signs of atrophy.,images/endoscopy_knee_atrophy_3550.jpg
Endoscopy image of the anterior bladder showing signs of infection.,images/endoscopy_bladder_infection_3551.jpg
X-ray image of the anterior brain showing signs of swelling.,images/x-ray_brain_swelling_3552.jpg
PET scan image of the no specific heart showing signs of fluid accumulation.,images/pet_scan_heart_fluid accumulation_3553.jpg
PET scan image of the left breast showing signs of abnormal growth.,images/pet_scan_breast_abnormal growth_3554.jpg
Angiogram image of the right bladder showing signs of swelling.,images/angiogram_bladder_swelling_3555.jpg
CT scan image of the anterior heart showing signs of fluid accumulation.,images/ct_scan_heart_fluid accumulation_3556.jpg
Endoscopy image of the right pancreas showing signs of blockage.,images/endoscopy_pancreas_blockage_3557.jpg
Ultrasound image of the lower spine showing signs of infection.,images/ultrasound_spine_infection_3558.jpg
Mammogram image of the right brain showing signs of lesion.,images/mammogram_brain_lesion_3559.jpg
CT scan image of the left spine showing signs of tumor.,images/ct_scan_spine_tumor_3560.jpg
Endoscopy image of the right spine showing signs of blockage.,images/endoscopy_spine_blockage_3561.jpg
Mammogram image of the bilateral breast showing signs of scar tissue.,images/mammogram_breast_scar tissue_3562.jpg
Ultrasound image of the left breast showing signs of cyst.,images/ultrasound_breast_cyst_3563.jpg
PET scan image of the no specific abdomen showing signs of calcification.,images/pet_scan_abdomen_calcification_3564.jpg
Angiogram image of the anterior thyroid showing signs of cyst.,images/angiogram_thyroid_cyst_3565.jpg
Angiogram image of the right pancreas showing signs of infection.,images/angiogram_pancreas_infection_3566.jpg
Ultrasound image of the lower liver showing signs of fracture.,images/ultrasound_liver_fracture_3567.jpg
X-ray image of the lower bladder showing signs of fracture.,images/x-ray_bladder_fracture_3568.jpg
Angiogram image of the lower lung showing signs of degeneration.,images/angiogram_lung_degeneration_3569.jpg
Ultrasound image of the no specific knee showing signs of fluid accumulation.,images/ultrasound_knee_fluid accumulation_3570.jpg
Angiogram image of the bilateral knee showing signs of fracture.,images/angiogram_knee_fracture_3571.jpg
PET scan image of the anterior bladder showing signs of abnormal growth.,images/pet_scan_bladder_abnormal growth_3572.jpg
Angiogram image of the no specific spine showing signs of atrophy.,images/angiogram_spine_atrophy_3573.jpg
CT scan image of the lower lung showing signs of atrophy.,images/ct_scan_lung_atrophy_3574.jpg
CT scan image of the upper liver showing signs of lesion.,images/ct_scan_liver_lesion_3575.jpg
X-ray image of the lower heart showing signs of calcification.,images/x-ray_heart_calcification_3576.jpg
Endoscopy image of the right brain showing signs of swelling.,images/endoscopy_brain_swelling_3577.jpg
Ultrasound image of the left spine showing signs of tumor.,images/ultrasound_spine_tumor_3578.jpg
Endoscopy image of the central eye showing signs of atrophy.,images/endoscopy_eye_atrophy_3579.jpg
CT scan image of the no specific bladder showing signs of tumor.,images/ct_scan_bladder_tumor_3580.jpg
Angiogram image of the lower pancreas showing signs of blockage.,images/angiogram_pancreas_blockage_3581.jpg
X-ray image of the left lung showing signs of fluid accumulation.,images/x-ray_lung_fluid accumulation_3582.jpg
X-ray image of the bilateral bladder showing signs of infection.,images/x-ray_bladder_infection_3583.jpg
PET scan image of the anterior liver showing signs of swelling.,images/pet_scan_liver_swelling_3584.jpg
Mammogram image of the lower pancreas showing signs of atrophy.,images/mammogram_pancreas_atrophy_3585.jpg
MRI image of the no specific spine showing signs of lesion.,images/mri_spine_lesion_3586.jpg
MRI image of the anterior breast showing signs of degeneration.,images/mri_breast_degeneration_3587.jpg
Mammogram image of the central heart showing signs of degeneration.,images/mammogram_heart_degeneration_3588.jpg
X-ray image of the no specific thyroid showing signs of degeneration.,images/x-ray_thyroid_degeneration_3589.jpg
Endoscopy image of the central brain showing signs of infection.,images/endoscopy_brain_infection_3590.jpg
Ultrasound image of the lower abdomen showing signs of infection.,images/ultrasound_abdomen_infection_3591.jpg
Angiogram image of the left lung showing signs of atrophy.,images/angiogram_lung_atrophy_3592.jpg
X-ray image of the posterior bladder showing signs of hernia.,images/x-ray_bladder_hernia_3593.jpg
CT scan image of the anterior heart showing signs of atrophy.,images/ct_scan_heart_atrophy_3594.jpg
Mammogram image of the anterior spine showing signs of infection.,images/mammogram_spine_infection_3595.jpg
Ultrasound image of the lower brain showing signs of degeneration.,images/ultrasound_brain_degeneration_3596.jpg
Ultrasound image of the posterior spine showing signs of fracture.,images/ultrasound_spine_fracture_3597.jpg
Angiogram image of the posterior abdomen showing signs of atrophy.,images/angiogram_abdomen_atrophy_3598.jpg
CT scan image of the central thyroid showing signs of infection.,images/ct_scan_thyroid_infection_3599.jpg
Ultrasound image of the lower knee showing signs of scar tissue.,images/ultrasound_knee_scar tissue_3600.jpg
Endoscopy image of the posterior eye showing signs of hernia.,images/endoscopy_eye_hernia_3601.jpg
Mammogram image of the left brain showing signs of swelling.,images/mammogram_brain_swelling_3602.jpg
X-ray image of the posterior lung showing signs of lesion.,images/x-ray_lung_lesion_3603.jpg
X-ray image of the right breast showing signs of degeneration.,images/x-ray_breast_degeneration_3604.jpg
Mammogram image of the upper heart showing signs of lesion.,images/mammogram_heart_lesion_3605.jpg
X-ray image of the no specific eye showing signs of mass.,images/x-ray_eye_mass_3606.jpg
Angiogram image of the upper lung showing signs of degeneration.,images/angiogram_lung_degeneration_3607.jpg
Angiogram image of the lower abdomen showing signs of lesion.,images/angiogram_abdomen_lesion_3608.jpg
Endoscopy image of the posterior lung showing signs of cyst.,images/endoscopy_lung_cyst_3609.jpg
CT scan image of the bilateral abdomen showing signs of calcification.,images/ct_scan_abdomen_calcification_3610.jpg
CT scan image of the posterior thyroid showing signs of scar tissue.,images/ct_scan_thyroid_scar tissue_3611.jpg
PET scan image of the upper knee showing signs of mass.,images/pet_scan_knee_mass_3612.jpg
X-ray image of the left knee showing signs of fracture.,images/x-ray_knee_fracture_3613.jpg
X-ray image of the left pancreas showing signs of infection.,images/x-ray_pancreas_infection_3614.jpg
X-ray image of the anterior spine showing signs of tumor.,images/x-ray_spine_tumor_3615.jpg
Mammogram image of the bilateral breast showing signs of swelling.,images/mammogram_breast_swelling_3616.jpg
X-ray image of the lower spine showing signs of tumor.,images/x-ray_spine_tumor_3617.jpg
MRI image of the no specific eye showing signs of cyst.,images/mri_eye_cyst_3618.jpg
X-ray image of the right eye showing signs of swelling.,images/x-ray_eye_swelling_3619.jpg
Angiogram image of the no specific brain showing signs of tumor.,images/angiogram_brain_tumor_3620.jpg
Ultrasound image of the upper bladder showing signs of hernia.,images/ultrasound_bladder_hernia_3621.jpg
Endoscopy image of the lower bladder showing signs of fluid accumulation.,images/endoscopy_bladder_fluid accumulation_3622.jpg
Ultrasound image of the anterior liver showing signs of cyst.,images/ultrasound_liver_cyst_3623.jpg
Mammogram image of the upper breast showing signs of scar tissue.,images/mammogram_breast_scar tissue_3624.jpg
Ultrasound image of the left abdomen showing signs of atrophy.,images/ultrasound_abdomen_atrophy_3625.jpg
MRI image of the lower brain showing signs of hernia.,images/mri_brain_hernia_3626.jpg
MRI image of the no specific knee showing signs of swelling.,images/mri_knee_swelling_3627.jpg
X-ray image of the bilateral brain showing signs of hernia.,images/x-ray_brain_hernia_3628.jpg
X-ray image of the upper heart showing signs of atrophy.,images/x-ray_heart_atrophy_3629.jpg
PET scan image of the anterior breast showing signs of infection.,images/pet_scan_breast_infection_3630.jpg
Angiogram image of the bilateral pancreas showing signs of lesion.,images/angiogram_pancreas_lesion_3631.jpg
Mammogram image of the no specific pancreas showing signs of hernia.,images/mammogram_pancreas_hernia_3632.jpg
Ultrasound image of the lower thyroid showing signs of blockage.,images/ultrasound_thyroid_blockage_3633.jpg
Endoscopy image of the central spine showing signs of atrophy.,images/endoscopy_spine_atrophy_3634.jpg
Endoscopy image of the posterior thyroid showing signs of hernia.,images/endoscopy_thyroid_hernia_3635.jpg
CT scan image of the central liver showing signs of swelling.,images/ct_scan_liver_swelling_3636.jpg
X-ray image of the right knee showing signs of lesion.,images/x-ray_knee_lesion_3637.jpg
MRI image of the posterior liver showing signs of fluid accumulation.,images/mri_liver_fluid accumulation_3638.jpg
Angiogram image of the central thyroid showing signs of cyst.,images/angiogram_thyroid_cyst_3639.jpg
Ultrasound image of the bilateral eye showing signs of mass.,images/ultrasound_eye_mass_3640.jpg
PET scan image of the right lung showing signs of scar tissue.,images/pet_scan_lung_scar tissue_3641.jpg
Endoscopy image of the lower abdomen showing signs of scar tissue.,images/endoscopy_abdomen_scar tissue_3642.jpg
CT scan image of the posterior lung showing signs of fracture.,images/ct_scan_lung_fracture_3643.jpg
Mammogram image of the no specific lung showing signs of cyst.,images/mammogram_lung_cyst_3644.jpg
Angiogram image of the right bladder showing signs of inflammation.,images/angiogram_bladder_inflammation_3645.jpg
X-ray image of the anterior knee showing signs of fracture.,images/x-ray_knee_fracture_3646.jpg
Angiogram image of the anterior bladder showing signs of mass.,images/angiogram_bladder_mass_3647.jpg
X-ray image of the anterior knee showing signs of mass.,images/x-ray_knee_mass_3648.jpg
Mammogram image of the right liver showing signs of cyst.,images/mammogram_liver_cyst_3649.jpg
CT scan image of the left eye showing signs of blockage.,images/ct_scan_eye_blockage_3650.jpg
Mammogram image of the lower spine showing signs of scar tissue.,images/mammogram_spine_scar tissue_3651.jpg
X-ray image of the bilateral pancreas showing signs of fluid accumulation.,images/x-ray_pancreas_fluid accumulation_3652.jpg
Ultrasound image of the left liver showing signs of inflammation.,images/ultrasound_liver_inflammation_3653.jpg
Mammogram image of the upper abdomen showing signs of inflammation.,images/mammogram_abdomen_inflammation_3654.jpg
Angiogram image of the anterior spine showing signs of infection.,images/angiogram_spine_infection_3655.jpg
PET scan image of the no specific pancreas showing signs of fluid accumulation.,images/pet_scan_pancreas_fluid accumulation_3656.jpg
Angiogram image of the anterior eye showing signs of atrophy.,images/angiogram_eye_atrophy_3657.jpg
PET scan image of the upper knee showing signs of swelling.,images/pet_scan_knee_swelling_3658.jpg
Mammogram image of the bilateral lung showing signs of inflammation.,images/mammogram_lung_inflammation_3659.jpg
X-ray image of the lower breast showing signs of degeneration.,images/x-ray_breast_degeneration_3660.jpg
CT scan image of the lower thyroid showing signs of blockage.,images/ct_scan_thyroid_blockage_3661.jpg
PET scan image of the posterior liver showing signs of hernia.,images/pet_scan_liver_hernia_3662.jpg
PET scan image of the posterior thyroid showing signs of tumor.,images/pet_scan_thyroid_tumor_3663.jpg
MRI image of the central bladder showing signs of degeneration.,images/mri_bladder_degeneration_3664.jpg
CT scan image of the bilateral thyroid showing signs of infection.,images/ct_scan_thyroid_infection_3665.jpg
Angiogram image of the anterior lung showing signs of swelling.,images/angiogram_lung_swelling_3666.jpg
Angiogram image of the posterior knee showing signs of tumor.,images/angiogram_knee_tumor_3667.jpg
X-ray image of the posterior heart showing signs of degeneration.,images/x-ray_heart_degeneration_3668.jpg
Angiogram image of the upper knee showing signs of swelling.,images/angiogram_knee_swelling_3669.jpg
MRI image of the left pancreas showing signs of scar tissue.,images/mri_pancreas_scar tissue_3670.jpg
Endoscopy image of the upper pancreas showing signs of fracture.,images/endoscopy_pancreas_fracture_3671.jpg
X-ray image of the right pancreas showing signs of hernia.,images/x-ray_pancreas_hernia_3672.jpg
CT scan image of the bilateral knee showing signs of calcification.,images/ct_scan_knee_calcification_3673.jpg
Mammogram image of the right eye showing signs of degeneration.,images/mammogram_eye_degeneration_3674.jpg
CT scan image of the bilateral bladder showing signs of infection.,images/ct_scan_bladder_infection_3675.jpg
Endoscopy image of the anterior brain showing signs of degeneration.,images/endoscopy_brain_degeneration_3676.jpg
MRI image of the upper spine showing signs of fracture.,images/mri_spine_fracture_3677.jpg
X-ray image of the left brain showing signs of atrophy.,images/x-ray_brain_atrophy_3678.jpg
Endoscopy image of the posterior pancreas showing signs of fluid accumulation.,images/endoscopy_pancreas_fluid accumulation_3679.jpg
Endoscopy image of the left heart showing signs of atrophy.,images/endoscopy_heart_atrophy_3680.jpg
X-ray image of the no specific spine showing signs of degeneration.,images/x-ray_spine_degeneration_3681.jpg
Ultrasound image of the lower knee showing signs of scar tissue.,images/ultrasound_knee_scar tissue_3682.jpg
PET scan image of the left pancreas showing signs of infection.,images/pet_scan_pancreas_infection_3683.jpg
MRI image of the central lung showing signs of cyst.,images/mri_lung_cyst_3684.jpg
PET scan image of the central liver showing signs of blockage.,images/pet_scan_liver_blockage_3685.jpg
CT scan image of the right liver showing signs of degeneration.,images/ct_scan_liver_degeneration_3686.jpg
X-ray image of the anterior abdomen showing signs of scar tissue.,images/x-ray_abdomen_scar tissue_3687.jpg
PET scan image of the lower eye showing signs of calcification.,images/pet_scan_eye_calcification_3688.jpg
Angiogram image of the central eye showing signs of calcification.,images/angiogram_eye_calcification_3689.jpg
MRI image of the no specific thyroid showing signs of inflammation.,images/mri_thyroid_inflammation_3690.jpg
Endoscopy image of the left pancreas showing signs of fracture.,images/endoscopy_pancreas_fracture_3691.jpg
CT scan image of the lower knee showing signs of abnormal growth.,images/ct_scan_knee_abnormal growth_3692.jpg
Ultrasound image of the posterior liver showing signs of abnormal growth.,images/ultrasound_liver_abnormal growth_3693.jpg
Endoscopy image of the right knee showing signs of lesion.,images/endoscopy_knee_lesion_3694.jpg
Endoscopy image of the upper eye showing signs of fracture.,images/endoscopy_eye_fracture_3695.jpg
Ultrasound image of the central knee showing signs of infection.,images/ultrasound_knee_infection_3696.jpg
MRI image of the anterior knee showing signs of hernia.,images/mri_knee_hernia_3697.jpg
Angiogram image of the anterior breast showing signs of inflammation.,images/angiogram_breast_inflammation_3698.jpg
MRI image of the right bladder showing signs of fracture.,images/mri_bladder_fracture_3699.jpg
PET scan image of the left spine showing signs of fluid accumulation.,images/pet_scan_spine_fluid accumulation_3700.jpg
Ultrasound image of the upper eye showing signs of cyst.,images/ultrasound_eye_cyst_3701.jpg
MRI image of the central abdomen showing signs of blockage.,images/mri_abdomen_blockage_3702.jpg
CT scan image of the no specific eye showing signs of mass.,images/ct_scan_eye_mass_3703.jpg
Mammogram image of the lower bladder showing signs of lesion.,images/mammogram_bladder_lesion_3704.jpg
Mammogram image of the no specific spine showing signs of inflammation.,images/mammogram_spine_inflammation_3705.jpg
MRI image of the central thyroid showing signs of hernia.,images/mri_thyroid_hernia_3706.jpg
X-ray image of the central brain showing signs of blockage.,images/x-ray_brain_blockage_3707.jpg
Mammogram image of the anterior eye showing signs of degeneration.,images/mammogram_eye_degeneration_3708.jpg
MRI image of the left pancreas showing signs of infection.,images/mri_pancreas_infection_3709.jpg
Ultrasound image of the no specific knee showing signs of lesion.,images/ultrasound_knee_lesion_3710.jpg
MRI image of the bilateral lung showing signs of swelling.,images/mri_lung_swelling_3711.jpg
X-ray image of the anterior brain showing signs of cyst.,images/x-ray_brain_cyst_3712.jpg
PET scan image of the lower pancreas showing signs of cyst.,images/pet_scan_pancreas_cyst_3713.jpg
Mammogram image of the right liver showing signs of atrophy.,images/mammogram_liver_atrophy_3714.jpg
Endoscopy image of the posterior eye showing signs of scar tissue.,images/endoscopy_eye_scar tissue_3715.jpg
X-ray image of the right spine showing signs of infection.,images/x-ray_spine_infection_3716.jpg
MRI image of the upper thyroid showing signs of degeneration.,images/mri_thyroid_degeneration_3717.jpg
Mammogram image of the bilateral lung showing signs of swelling.,images/mammogram_lung_swelling_3718.jpg
X-ray image of the central liver showing signs of inflammation.,images/x-ray_liver_inflammation_3719.jpg
CT scan image of the central pancreas showing signs of scar tissue.,images/ct_scan_pancreas_scar tissue_3720.jpg
PET scan image of the upper breast showing signs of cyst.,images/pet_scan_breast_cyst_3721.jpg
Angiogram image of the lower abdomen showing signs of inflammation.,images/angiogram_abdomen_inflammation_3722.jpg
Endoscopy image of the lower pancreas showing signs of scar tissue.,images/endoscopy_pancreas_scar tissue_3723.jpg
CT scan image of the anterior bladder showing signs of atrophy.,images/ct_scan_bladder_atrophy_3724.jpg
Angiogram image of the upper lung showing signs of fracture.,images/angiogram_lung_fracture_3725.jpg
CT scan image of the no specific spine showing signs of cyst.,images/ct_scan_spine_cyst_3726.jpg
MRI image of the no specific thyroid showing signs of lesion.,images/mri_thyroid_lesion_3727.jpg
Mammogram image of the no specific brain showing signs of lesion.,images/mammogram_brain_lesion_3728.jpg
Ultrasound image of the anterior brain showing signs of calcification.,images/ultrasound_brain_calcification_3729.jpg
PET scan image of the right bladder showing signs of fluid accumulation.,images/pet_scan_bladder_fluid accumulation_3730.jpg
MRI image of the posterior pancreas showing signs of mass.,images/mri_pancreas_mass_3731.jpg
Angiogram image of the upper knee showing signs of degeneration.,images/angiogram_knee_degeneration_3732.jpg
MRI image of the upper abdomen showing signs of abnormal growth.,images/mri_abdomen_abnormal growth_3733.jpg
Ultrasound image of the bilateral eye showing signs of cyst.,images/ultrasound_eye_cyst_3734.jpg
X-ray image of the posterior eye showing signs of blockage.,images/x-ray_eye_blockage_3735.jpg
MRI image of the central heart showing signs of abnormal growth.,images/mri_heart_abnormal growth_3736.jpg
X-ray image of the no specific lung showing signs of fracture.,images/x-ray_lung_fracture_3737.jpg
Ultrasound image of the lower thyroid showing signs of blockage.,images/ultrasound_thyroid_blockage_3738.jpg
Mammogram image of the right knee showing signs of fracture.,images/mammogram_knee_fracture_3739.jpg
Angiogram image of the left spine showing signs of atrophy.,images/angiogram_spine_atrophy_3740.jpg
Angiogram image of the left lung showing signs of calcification.,images/angiogram_lung_calcification_3741.jpg
CT scan image of the anterior spine showing signs of hernia.,images/ct_scan_spine_hernia_3742.jpg
Mammogram image of the lower thyroid showing signs of fluid accumulation.,images/mammogram_thyroid_fluid accumulation_3743.jpg
Mammogram image of the no specific knee showing signs of abnormal growth.,images/mammogram_knee_abnormal growth_3744.jpg
Angiogram image of the anterior liver showing signs of tumor.,images/angiogram_liver_tumor_3745.jpg
Mammogram image of the lower bladder showing signs of cyst.,images/mammogram_bladder_cyst_3746.jpg
PET scan image of the no specific brain showing signs of hernia.,images/pet_scan_brain_hernia_3747.jpg
X-ray image of the anterior heart showing signs of fracture.,images/x-ray_heart_fracture_3748.jpg
PET scan image of the right lung showing signs of scar tissue.,images/pet_scan_lung_scar tissue_3749.jpg
Ultrasound image of the posterior heart showing signs of inflammation.,images/ultrasound_heart_inflammation_3750.jpg
MRI image of the central breast showing signs of degeneration.,images/mri_breast_degeneration_3751.jpg
PET scan image of the central bladder showing signs of fracture.,images/pet_scan_bladder_fracture_3752.jpg
X-ray image of the no specific spine showing signs of inflammation.,images/x-ray_spine_inflammation_3753.jpg
X-ray image of the central liver showing signs of blockage.,images/x-ray_liver_blockage_3754.jpg
PET scan image of the bilateral liver showing signs of tumor.,images/pet_scan_liver_tumor_3755.jpg
Ultrasound image of the left brain showing signs of fluid accumulation.,images/ultrasound_brain_fluid accumulation_3756.jpg
Ultrasound image of the lower bladder showing signs of lesion.,images/ultrasound_bladder_lesion_3757.jpg
Ultrasound image of the left knee showing signs of blockage.,images/ultrasound_knee_blockage_3758.jpg
Endoscopy image of the no specific liver showing signs of tumor.,images/endoscopy_liver_tumor_3759.jpg
CT scan image of the posterior heart showing signs of lesion.,images/ct_scan_heart_lesion_3760.jpg
X-ray image of the central eye showing signs of inflammation.,images/x-ray_eye_inflammation_3761.jpg
Ultrasound image of the central knee showing signs of tumor.,images/ultrasound_knee_tumor_3762.jpg
Endoscopy image of the upper eye showing signs of fluid accumulation.,images/endoscopy_eye_fluid accumulation_3763.jpg
Endoscopy image of the right breast showing signs of tumor.,images/endoscopy_breast_tumor_3764.jpg
PET scan image of the lower brain showing signs of cyst.,images/pet_scan_brain_cyst_3765.jpg
Mammogram image of the anterior brain showing signs of lesion.,images/mammogram_brain_lesion_3766.jpg
CT scan image of the left bladder showing signs of blockage.,images/ct_scan_bladder_blockage_3767.jpg
Angiogram image of the no specific brain showing signs of hernia.,images/angiogram_brain_hernia_3768.jpg
X-ray image of the bilateral bladder showing signs of swelling.,images/x-ray_bladder_swelling_3769.jpg
CT scan image of the right pancreas showing signs of degeneration.,images/ct_scan_pancreas_degeneration_3770.jpg
CT scan image of the upper brain showing signs of mass.,images/ct_scan_brain_mass_3771.jpg
Mammogram image of the posterior knee showing signs of lesion.,images/mammogram_knee_lesion_3772.jpg
PET scan image of the bilateral liver showing signs of mass.,images/pet_scan_liver_mass_3773.jpg
CT scan image of the left brain showing signs of blockage.,images/ct_scan_brain_blockage_3774.jpg
PET scan image of the posterior bladder showing signs of tumor.,images/pet_scan_bladder_tumor_3775.jpg
Endoscopy image of the upper spine showing signs of atrophy.,images/endoscopy_spine_atrophy_3776.jpg
Mammogram image of the bilateral abdomen showing signs of scar tissue.,images/mammogram_abdomen_scar tissue_3777.jpg
MRI image of the upper lung showing signs of lesion.,images/mri_lung_lesion_3778.jpg
Angiogram image of the upper knee showing signs of swelling.,images/angiogram_knee_swelling_3779.jpg
CT scan image of the posterior brain showing signs of inflammation.,images/ct_scan_brain_inflammation_3780.jpg
Ultrasound image of the lower lung showing signs of calcification.,images/ultrasound_lung_calcification_3781.jpg
MRI image of the left pancreas showing signs of blockage.,images/mri_pancreas_blockage_3782.jpg
X-ray image of the right thyroid showing signs of atrophy.,images/x-ray_thyroid_atrophy_3783.jpg
Ultrasound image of the left pancreas showing signs of fluid accumulation.,images/ultrasound_pancreas_fluid accumulation_3784.jpg
Ultrasound image of the right knee showing signs of infection.,images/ultrasound_knee_infection_3785.jpg
X-ray image of the posterior pancreas showing signs of inflammation.,images/x-ray_pancreas_inflammation_3786.jpg
PET scan image of the bilateral knee showing signs of lesion.,images/pet_scan_knee_lesion_3787.jpg
Ultrasound image of the left breast showing signs of calcification.,images/ultrasound_breast_calcification_3788.jpg
Ultrasound image of the central spine showing signs of mass.,images/ultrasound_spine_mass_3789.jpg
CT scan image of the right heart showing signs of mass.,images/ct_scan_heart_mass_3790.jpg
X-ray image of the bilateral spine showing signs of calcification.,images/x-ray_spine_calcification_3791.jpg
X-ray image of the central abdomen showing signs of swelling.,images/x-ray_abdomen_swelling_3792.jpg
CT scan image of the lower lung showing signs of fracture.,images/ct_scan_lung_fracture_3793.jpg
Mammogram image of the left abdomen showing signs of infection.,images/mammogram_abdomen_infection_3794.jpg
Ultrasound image of the left pancreas showing signs of hernia.,images/ultrasound_pancreas_hernia_3795.jpg
Endoscopy image of the upper lung showing signs of scar tissue.,images/endoscopy_lung_scar tissue_3796.jpg
X-ray image of the central lung showing signs of inflammation.,images/x-ray_lung_inflammation_3797.jpg
X-ray image of the anterior liver showing signs of degeneration.,images/x-ray_liver_degeneration_3798.jpg
Ultrasound image of the upper heart showing signs of calcification.,images/ultrasound_heart_calcification_3799.jpg
PET scan image of the central brain showing signs of cyst.,images/pet_scan_brain_cyst_3800.jpg
Angiogram image of the central eye showing signs of hernia.,images/angiogram_eye_hernia_3801.jpg
Angiogram image of the posterior breast showing signs of fracture.,images/angiogram_breast_fracture_3802.jpg
X-ray image of the no specific thyroid showing signs of hernia.,images/x-ray_thyroid_hernia_3803.jpg
Angiogram image of the anterior knee showing signs of cyst.,images/angiogram_knee_cyst_3804.jpg
CT scan image of the bilateral brain showing signs of atrophy.,images/ct_scan_brain_atrophy_3805.jpg
MRI image of the central abdomen showing signs of infection.,images/mri_abdomen_infection_3806.jpg
X-ray image of the posterior abdomen showing signs of lesion.,images/x-ray_abdomen_lesion_3807.jpg
PET scan image of the bilateral abdomen showing signs of scar tissue.,images/pet_scan_abdomen_scar tissue_3808.jpg
Angiogram image of the right knee showing signs of cyst.,images/angiogram_knee_cyst_3809.jpg
PET scan image of the lower lung showing signs of calcification.,images/pet_scan_lung_calcification_3810.jpg
Mammogram image of the lower thyroid showing signs of mass.,images/mammogram_thyroid_mass_3811.jpg
PET scan image of the upper spine showing signs of atrophy.,images/pet_scan_spine_atrophy_3812.jpg
Angiogram image of the lower spine showing signs of tumor.,images/angiogram_spine_tumor_3813.jpg
Angiogram image of the no specific lung showing signs of inflammation.,images/angiogram_lung_inflammation_3814.jpg
MRI image of the left pancreas showing signs of fluid accumulation.,images/mri_pancreas_fluid accumulation_3815.jpg
PET scan image of the no specific spine showing signs of tumor.,images/pet_scan_spine_tumor_3816.jpg
Endoscopy image of the posterior eye showing signs of fracture.,images/endoscopy_eye_fracture_3817.jpg
Ultrasound image of the lower eye showing signs of fracture.,images/ultrasound_eye_fracture_3818.jpg
MRI image of the no specific lung showing signs of tumor.,images/mri_lung_tumor_3819.jpg
Angiogram image of the posterior pancreas showing signs of atrophy.,images/angiogram_pancreas_atrophy_3820.jpg
PET scan image of the bilateral heart showing signs of inflammation.,images/pet_scan_heart_inflammation_3821.jpg
Mammogram image of the anterior thyroid showing signs of hernia.,images/mammogram_thyroid_hernia_3822.jpg
Mammogram image of the central brain showing signs of calcification.,images/mammogram_brain_calcification_3823.jpg
Mammogram image of the left knee showing signs of blockage.,images/mammogram_knee_blockage_3824.jpg
PET scan image of the posterior liver showing signs of fracture.,images/pet_scan_liver_fracture_3825.jpg
PET scan image of the central lung showing signs of tumor.,images/pet_scan_lung_tumor_3826.jpg
PET scan image of the lower spine showing signs of tumor.,images/pet_scan_spine_tumor_3827.jpg
PET scan image of the upper spine showing signs of degeneration.,images/pet_scan_spine_degeneration_3828.jpg
PET scan image of the right heart showing signs of tumor.,images/pet_scan_heart_tumor_3829.jpg
Angiogram image of the left heart showing signs of degeneration.,images/angiogram_heart_degeneration_3830.jpg
Angiogram image of the posterior bladder showing signs of atrophy.,images/angiogram_bladder_atrophy_3831.jpg
X-ray image of the right lung showing signs of cyst.,images/x-ray_lung_cyst_3832.jpg
MRI image of the upper spine showing signs of lesion.,images/mri_spine_lesion_3833.jpg
Angiogram image of the right breast showing signs of inflammation.,images/angiogram_breast_inflammation_3834.jpg
MRI image of the lower lung showing signs of lesion.,images/mri_lung_lesion_3835.jpg
X-ray image of the bilateral spine showing signs of swelling.,images/x-ray_spine_swelling_3836.jpg
Ultrasound image of the anterior breast showing signs of tumor.,images/ultrasound_breast_tumor_3837.jpg
Ultrasound image of the no specific liver showing signs of abnormal growth.,images/ultrasound_liver_abnormal growth_3838.jpg
Mammogram image of the upper thyroid showing signs of degeneration.,images/mammogram_thyroid_degeneration_3839.jpg
PET scan image of the no specific breast showing signs of atrophy.,images/pet_scan_breast_atrophy_3840.jpg
X-ray image of the no specific heart showing signs of inflammation.,images/x-ray_heart_inflammation_3841.jpg
PET scan image of the anterior pancreas showing signs of cyst.,images/pet_scan_pancreas_cyst_3842.jpg
Angiogram image of the left pancreas showing signs of mass.,images/angiogram_pancreas_mass_3843.jpg
PET scan image of the bilateral abdomen showing signs of lesion.,images/pet_scan_abdomen_lesion_3844.jpg
Mammogram image of the upper abdomen showing signs of cyst.,images/mammogram_abdomen_cyst_3845.jpg
MRI image of the anterior brain showing signs of inflammation.,images/mri_brain_inflammation_3846.jpg
Mammogram image of the right heart showing signs of mass.,images/mammogram_heart_mass_3847.jpg
PET scan image of the posterior lung showing signs of mass.,images/pet_scan_lung_mass_3848.jpg
MRI image of the upper lung showing signs of blockage.,images/mri_lung_blockage_3849.jpg
X-ray image of the central abdomen showing signs of cyst.,images/x-ray_abdomen_cyst_3850.jpg
MRI image of the posterior pancreas showing signs of tumor.,images/mri_pancreas_tumor_3851.jpg
Angiogram image of the central brain showing signs of fracture.,images/angiogram_brain_fracture_3852.jpg
Mammogram image of the central eye showing signs of atrophy.,images/mammogram_eye_atrophy_3853.jpg
Mammogram image of the upper brain showing signs of scar tissue.,images/mammogram_brain_scar tissue_3854.jpg
Angiogram image of the posterior eye showing signs of inflammation.,images/angiogram_eye_inflammation_3855.jpg
Mammogram image of the bilateral breast showing signs of abnormal growth.,images/mammogram_breast_abnormal growth_3856.jpg
X-ray image of the bilateral thyroid showing signs of hernia.,images/x-ray_thyroid_hernia_3857.jpg
X-ray image of the upper breast showing signs of degeneration.,images/x-ray_breast_degeneration_3858.jpg
X-ray image of the lower brain showing signs of inflammation.,images/x-ray_brain_inflammation_3859.jpg
MRI image of the no specific abdomen showing signs of tumor.,images/mri_abdomen_tumor_3860.jpg
MRI image of the right breast showing signs of atrophy.,images/mri_breast_atrophy_3861.jpg
Ultrasound image of the lower brain showing signs of degeneration.,images/ultrasound_brain_degeneration_3862.jpg
Angiogram image of the lower thyroid showing signs of atrophy.,images/angiogram_thyroid_atrophy_3863.jpg
MRI image of the anterior spine showing signs of scar tissue.,images/mri_spine_scar tissue_3864.jpg
MRI image of the bilateral bladder showing signs of hernia.,images/mri_bladder_hernia_3865.jpg
Angiogram image of the right pancreas showing signs of cyst.,images/angiogram_pancreas_cyst_3866.jpg
CT scan image of the right brain showing signs of fluid accumulation.,images/ct_scan_brain_fluid accumulation_3867.jpg
Endoscopy image of the lower abdomen showing signs of inflammation.,images/endoscopy_abdomen_inflammation_3868.jpg
CT scan image of the right bladder showing signs of cyst.,images/ct_scan_bladder_cyst_3869.jpg
X-ray image of the posterior bladder showing signs of fracture.,images/x-ray_bladder_fracture_3870.jpg
MRI image of the anterior breast showing signs of inflammation.,images/mri_breast_inflammation_3871.jpg
X-ray image of the lower bladder showing signs of calcification.,images/x-ray_bladder_calcification_3872.jpg
Endoscopy image of the left eye showing signs of inflammation.,images/endoscopy_eye_inflammation_3873.jpg
Angiogram image of the bilateral eye showing signs of infection.,images/angiogram_eye_infection_3874.jpg
Endoscopy image of the posterior abdomen showing signs of swelling.,images/endoscopy_abdomen_swelling_3875.jpg
MRI image of the bilateral brain showing signs of fracture.,images/mri_brain_fracture_3876.jpg
MRI image of the no specific spine showing signs of lesion.,images/mri_spine_lesion_3877.jpg
X-ray image of the anterior thyroid showing signs of infection.,images/x-ray_thyroid_infection_3878.jpg
Endoscopy image of the lower breast showing signs of atrophy.,images/endoscopy_breast_atrophy_3879.jpg
Endoscopy image of the right lung showing signs of hernia.,images/endoscopy_lung_hernia_3880.jpg
Mammogram image of the no specific heart showing signs of mass.,images/mammogram_heart_mass_3881.jpg
CT scan image of the central pancreas showing signs of hernia.,images/ct_scan_pancreas_hernia_3882.jpg
Endoscopy image of the posterior eye showing signs of mass.,images/endoscopy_eye_mass_3883.jpg
CT scan image of the left bladder showing signs of degeneration.,images/ct_scan_bladder_degeneration_3884.jpg
Ultrasound image of the posterior pancreas showing signs of inflammation.,images/ultrasound_pancreas_inflammation_3885.jpg
X-ray image of the bilateral liver showing signs of fluid accumulation.,images/x-ray_liver_fluid accumulation_3886.jpg
Mammogram image of the posterior spine showing signs of scar tissue.,images/mammogram_spine_scar tissue_3887.jpg
CT scan image of the posterior thyroid showing signs of atrophy.,images/ct_scan_thyroid_atrophy_3888.jpg
Mammogram image of the upper lung showing signs of mass.,images/mammogram_lung_mass_3889.jpg
Angiogram image of the central thyroid showing signs of scar tissue.,images/angiogram_thyroid_scar tissue_3890.jpg
MRI image of the anterior knee showing signs of swelling.,images/mri_knee_swelling_3891.jpg
PET scan image of the right pancreas showing signs of scar tissue.,images/pet_scan_pancreas_scar tissue_3892.jpg
Ultrasound image of the bilateral breast showing signs of hernia.,images/ultrasound_breast_hernia_3893.jpg
Endoscopy image of the anterior thyroid showing signs of atrophy.,images/endoscopy_thyroid_atrophy_3894.jpg
Ultrasound image of the central knee showing signs of infection.,images/ultrasound_knee_infection_3895.jpg
Endoscopy image of the no specific brain showing signs of atrophy.,images/endoscopy_brain_atrophy_3896.jpg
PET scan image of the lower brain showing signs of mass.,images/pet_scan_brain_mass_3897.jpg
Mammogram image of the no specific thyroid showing signs of lesion.,images/mammogram_thyroid_lesion_3898.jpg
MRI image of the central spine showing signs of calcification.,images/mri_spine_calcification_3899.jpg
MRI image of the anterior breast showing signs of atrophy.,images/mri_breast_atrophy_3900.jpg
PET scan image of the right spine showing signs of fluid accumulation.,images/pet_scan_spine_fluid accumulation_3901.jpg
Mammogram image of the anterior brain showing signs of calcification.,images/mammogram_brain_calcification_3902.jpg
Endoscopy image of the central knee showing signs of infection.,images/endoscopy_knee_infection_3903.jpg
CT scan image of the central thyroid showing signs of lesion.,images/ct_scan_thyroid_lesion_3904.jpg
Mammogram image of the no specific thyroid showing signs of hernia.,images/mammogram_thyroid_hernia_3905.jpg
Endoscopy image of the right lung showing signs of scar tissue.,images/endoscopy_lung_scar tissue_3906.jpg
MRI image of the lower lung showing signs of lesion.,images/mri_lung_lesion_3907.jpg
MRI image of the left heart showing signs of scar tissue.,images/mri_heart_scar tissue_3908.jpg
X-ray image of the upper eye showing signs of hernia.,images/x-ray_eye_hernia_3909.jpg
CT scan image of the bilateral lung showing signs of infection.,images/ct_scan_lung_infection_3910.jpg
Ultrasound image of the posterior breast showing signs of lesion.,images/ultrasound_breast_lesion_3911.jpg
Angiogram image of the upper eye showing signs of inflammation.,images/angiogram_eye_inflammation_3912.jpg
Endoscopy image of the central eye showing signs of tumor.,images/endoscopy_eye_tumor_3913.jpg
X-ray image of the left breast showing signs of hernia.,images/x-ray_breast_hernia_3914.jpg
Mammogram image of the left thyroid showing signs of abnormal growth.,images/mammogram_thyroid_abnormal growth_3915.jpg
Endoscopy image of the bilateral pancreas showing signs of infection.,images/endoscopy_pancreas_infection_3916.jpg
Endoscopy image of the lower pancreas showing signs of scar tissue.,images/endoscopy_pancreas_scar tissue_3917.jpg
CT scan image of the posterior thyroid showing signs of tumor.,images/ct_scan_thyroid_tumor_3918.jpg
PET scan image of the central pancreas showing signs of abnormal growth.,images/pet_scan_pancreas_abnormal growth_3919.jpg
CT scan image of the central bladder showing signs of degeneration.,images/ct_scan_bladder_degeneration_3920.jpg
Angiogram image of the posterior pancreas showing signs of degeneration.,images/angiogram_pancreas_degeneration_3921.jpg
Mammogram image of the left heart showing signs of fluid accumulation.,images/mammogram_heart_fluid accumulation_3922.jpg
PET scan image of the left heart showing signs of atrophy.,images/pet_scan_heart_atrophy_3923.jpg
Mammogram image of the bilateral liver showing signs of calcification.,images/mammogram_liver_calcification_3924.jpg
MRI image of the left abdomen showing signs of infection.,images/mri_abdomen_infection_3925.jpg
MRI image of the anterior spine showing signs of hernia.,images/mri_spine_hernia_3926.jpg
Angiogram image of the lower knee showing signs of degeneration.,images/angiogram_knee_degeneration_3927.jpg
X-ray image of the left breast showing signs of mass.,images/x-ray_breast_mass_3928.jpg
Angiogram image of the posterior knee showing signs of abnormal growth.,images/angiogram_knee_abnormal growth_3929.jpg
Angiogram image of the bilateral eye showing signs of fluid accumulation.,images/angiogram_eye_fluid accumulation_3930.jpg
X-ray image of the bilateral liver showing signs of abnormal growth.,images/x-ray_liver_abnormal growth_3931.jpg
CT scan image of the no specific heart showing signs of infection.,images/ct_scan_heart_infection_3932.jpg
Mammogram image of the posterior lung showing signs of scar tissue.,images/mammogram_lung_scar tissue_3933.jpg
MRI image of the anterior bladder showing signs of degeneration.,images/mri_bladder_degeneration_3934.jpg
Endoscopy image of the posterior breast showing signs of inflammation.,images/endoscopy_breast_inflammation_3935.jpg
Angiogram image of the right liver showing signs of inflammation.,images/angiogram_liver_inflammation_3936.jpg
MRI image of the lower spine showing signs of blockage.,images/mri_spine_blockage_3937.jpg
Ultrasound image of the bilateral eye showing signs of cyst.,images/ultrasound_eye_cyst_3938.jpg
Ultrasound image of the central liver showing signs of fluid accumulation.,images/ultrasound_liver_fluid accumulation_3939.jpg
Angiogram image of the lower lung showing signs of swelling.,images/angiogram_lung_swelling_3940.jpg
Angiogram image of the posterior brain showing signs of abnormal growth.,images/angiogram_brain_abnormal growth_3941.jpg
Angiogram image of the no specific thyroid showing signs of swelling.,images/angiogram_thyroid_swelling_3942.jpg
Mammogram image of the central heart showing signs of calcification.,images/mammogram_heart_calcification_3943.jpg
CT scan image of the left lung showing signs of degeneration.,images/ct_scan_lung_degeneration_3944.jpg
PET scan image of the no specific liver showing signs of degeneration.,images/pet_scan_liver_degeneration_3945.jpg
Ultrasound image of the right liver showing signs of tumor.,images/ultrasound_liver_tumor_3946.jpg
Ultrasound image of the lower abdomen showing signs of mass.,images/ultrasound_abdomen_mass_3947.jpg
Ultrasound image of the posterior eye showing signs of swelling.,images/ultrasound_eye_swelling_3948.jpg
Ultrasound image of the right pancreas showing signs of lesion.,images/ultrasound_pancreas_lesion_3949.jpg
MRI image of the lower lung showing signs of degeneration.,images/mri_lung_degeneration_3950.jpg
X-ray image of the left abdomen showing signs of abnormal growth.,images/x-ray_abdomen_abnormal growth_3951.jpg
Endoscopy image of the no specific brain showing signs of scar tissue.,images/endoscopy_brain_scar tissue_3952.jpg
Angiogram image of the central lung showing signs of fracture.,images/angiogram_lung_fracture_3953.jpg
Ultrasound image of the left spine showing signs of mass.,images/ultrasound_spine_mass_3954.jpg
MRI image of the posterior brain showing signs of lesion.,images/mri_brain_lesion_3955.jpg
X-ray image of the bilateral thyroid showing signs of lesion.,images/x-ray_thyroid_lesion_3956.jpg
MRI image of the central thyroid showing signs of blockage.,images/mri_thyroid_blockage_3957.jpg
MRI image of the posterior bladder showing signs of tumor.,images/mri_bladder_tumor_3958.jpg
CT scan image of the central lung showing signs of scar tissue.,images/ct_scan_lung_scar tissue_3959.jpg
Endoscopy image of the right bladder showing signs of calcification.,images/endoscopy_bladder_calcification_3960.jpg
Mammogram image of the upper heart showing signs of tumor.,images/mammogram_heart_tumor_3961.jpg
Angiogram image of the anterior bladder showing signs of tumor.,images/angiogram_bladder_tumor_3962.jpg
Endoscopy image of the posterior liver showing signs of fluid accumulation.,images/endoscopy_liver_fluid accumulation_3963.jpg
X-ray image of the central heart showing signs of calcification.,images/x-ray_heart_calcification_3964.jpg
Endoscopy image of the no specific bladder showing signs of atrophy.,images/endoscopy_bladder_atrophy_3965.jpg
CT scan image of the no specific brain showing signs of inflammation.,images/ct_scan_brain_inflammation_3966.jpg
Endoscopy image of the lower thyroid showing signs of atrophy.,images/endoscopy_thyroid_atrophy_3967.jpg
Angiogram image of the central liver showing signs of swelling.,images/angiogram_liver_swelling_3968.jpg
Mammogram image of the no specific thyroid showing signs of atrophy.,images/mammogram_thyroid_atrophy_3969.jpg
Ultrasound image of the central liver showing signs of mass.,images/ultrasound_liver_mass_3970.jpg
Mammogram image of the left knee showing signs of calcification.,images/mammogram_knee_calcification_3971.jpg
MRI image of the no specific pancreas showing signs of scar tissue.,images/mri_pancreas_scar tissue_3972.jpg
X-ray image of the bilateral bladder showing signs of swelling.,images/x-ray_bladder_swelling_3973.jpg
PET scan image of the posterior thyroid showing signs of blockage.,images/pet_scan_thyroid_blockage_3974.jpg
CT scan image of the left liver showing signs of infection.,images/ct_scan_liver_infection_3975.jpg
CT scan image of the lower liver showing signs of tumor.,images/ct_scan_liver_tumor_3976.jpg
X-ray image of the bilateral eye showing signs of blockage.,images/x-ray_eye_blockage_3977.jpg
Angiogram image of the no specific pancreas showing signs of calcification.,images/angiogram_pancreas_calcification_3978.jpg
Mammogram image of the right pancreas showing signs of infection.,images/mammogram_pancreas_infection_3979.jpg
MRI image of the posterior eye showing signs of scar tissue.,images/mri_eye_scar tissue_3980.jpg
Angiogram image of the upper knee showing signs of calcification.,images/angiogram_knee_calcification_3981.jpg
Endoscopy image of the anterior heart showing signs of calcification.,images/endoscopy_heart_calcification_3982.jpg
Mammogram image of the bilateral pancreas showing signs of swelling.,images/mammogram_pancreas_swelling_3983.jpg
PET scan image of the central knee showing signs of fracture.,images/pet_scan_knee_fracture_3984.jpg
Angiogram image of the bilateral lung showing signs of swelling.,images/angiogram_lung_swelling_3985.jpg
Endoscopy image of the left bladder showing signs of cyst.,images/endoscopy_bladder_cyst_3986.jpg
PET scan image of the upper spine showing signs of hernia.,images/pet_scan_spine_hernia_3987.jpg
PET scan image of the no specific eye showing signs of hernia.,images/pet_scan_eye_hernia_3988.jpg
MRI image of the posterior thyroid showing signs of swelling.,images/mri_thyroid_swelling_3989.jpg
Angiogram image of the no specific liver showing signs of blockage.,images/angiogram_liver_blockage_3990.jpg
Mammogram image of the right thyroid showing signs of mass.,images/mammogram_thyroid_mass_3991.jpg
X-ray image of the right brain showing signs of hernia.,images/x-ray_brain_hernia_3992.jpg
PET scan image of the posterior eye showing signs of degeneration.,images/pet_scan_eye_degeneration_3993.jpg
MRI image of the central spine showing signs of fracture.,images/mri_spine_fracture_3994.jpg
PET scan image of the lower eye showing signs of atrophy.,images/pet_scan_eye_atrophy_3995.jpg
CT scan image of the bilateral brain showing signs of mass.,images/ct_scan_brain_mass_3996.jpg
Ultrasound image of the anterior pancreas showing signs of atrophy.,images/ultrasound_pancreas_atrophy_3997.jpg
Ultrasound image of the right brain showing signs of scar tissue.,images/ultrasound_brain_scar tissue_3998.jpg
Mammogram image of the lower pancreas showing signs of calcification.,images/mammogram_pancreas_calcification_3999.jpg
CT scan image of the bilateral brain showing signs of mass.,images/ct_scan_brain_mass_4000.jpg
MRI image of the lower knee showing signs of scar tissue.,images/mri_knee_scar tissue_4001.jpg
Endoscopy image of the left bladder showing signs of scar tissue.,images/endoscopy_bladder_scar tissue_4002.jpg
CT scan image of the bilateral abdomen showing signs of blockage.,images/ct_scan_abdomen_blockage_4003.jpg
Endoscopy image of the anterior abdomen showing signs of blockage.,images/endoscopy_abdomen_blockage_4004.jpg
MRI image of the anterior brain showing signs of inflammation.,images/mri_brain_inflammation_4005.jpg
Angiogram image of the upper thyroid showing signs of fracture.,images/angiogram_thyroid_fracture_4006.jpg
MRI image of the posterior bladder showing signs of scar tissue.,images/mri_bladder_scar tissue_4007.jpg
X-ray image of the left bladder showing signs of fluid accumulation.,images/x-ray_bladder_fluid accumulation_4008.jpg
CT scan image of the no specific spine showing signs of infection.,images/ct_scan_spine_infection_4009.jpg
MRI image of the upper knee showing signs of blockage.,images/mri_knee_blockage_4010.jpg
MRI image of the bilateral breast showing signs of tumor.,images/mri_breast_tumor_4011.jpg
CT scan image of the bilateral bladder showing signs of tumor.,images/ct_scan_bladder_tumor_4012.jpg
Angiogram image of the left pancreas showing signs of calcification.,images/angiogram_pancreas_calcification_4013.jpg
CT scan image of the bilateral bladder showing signs of lesion.,images/ct_scan_bladder_lesion_4014.jpg
X-ray image of the central pancreas showing signs of fracture.,images/x-ray_pancreas_fracture_4015.jpg
MRI image of the upper heart showing signs of inflammation.,images/mri_heart_inflammation_4016.jpg
CT scan image of the upper liver showing signs of inflammation.,images/ct_scan_liver_inflammation_4017.jpg
CT scan image of the bilateral brain showing signs of swelling.,images/ct_scan_brain_swelling_4018.jpg
MRI image of the no specific lung showing signs of tumor.,images/mri_lung_tumor_4019.jpg
X-ray image of the central knee showing signs of atrophy.,images/x-ray_knee_atrophy_4020.jpg
Ultrasound image of the right abdomen showing signs of fluid accumulation.,images/ultrasound_abdomen_fluid accumulation_4021.jpg
CT scan image of the no specific knee showing signs of hernia.,images/ct_scan_knee_hernia_4022.jpg
MRI image of the right pancreas showing signs of fluid accumulation.,images/mri_pancreas_fluid accumulation_4023.jpg
Mammogram image of the left heart showing signs of mass.,images/mammogram_heart_mass_4024.jpg
Endoscopy image of the lower spine showing signs of hernia.,images/endoscopy_spine_hernia_4025.jpg
Mammogram image of the central pancreas showing signs of scar tissue.,images/mammogram_pancreas_scar tissue_4026.jpg
MRI image of the lower knee showing signs of degeneration.,images/mri_knee_degeneration_4027.jpg
Angiogram image of the bilateral abdomen showing signs of mass.,images/angiogram_abdomen_mass_4028.jpg
MRI image of the anterior bladder showing signs of fluid accumulation.,images/mri_bladder_fluid accumulation_4029.jpg
X-ray image of the lower bladder showing signs of calcification.,images/x-ray_bladder_calcification_4030.jpg
MRI image of the bilateral thyroid showing signs of cyst.,images/mri_thyroid_cyst_4031.jpg
PET scan image of the no specific thyroid showing signs of abnormal growth.,images/pet_scan_thyroid_abnormal growth_4032.jpg
MRI image of the central abdomen showing signs of atrophy.,images/mri_abdomen_atrophy_4033.jpg
PET scan image of the posterior liver showing signs of fluid accumulation.,images/pet_scan_liver_fluid accumulation_4034.jpg
Mammogram image of the no specific heart showing signs of atrophy.,images/mammogram_heart_atrophy_4035.jpg
Mammogram image of the upper lung showing signs of calcification.,images/mammogram_lung_calcification_4036.jpg
Endoscopy image of the posterior pancreas showing signs of degeneration.,images/endoscopy_pancreas_degeneration_4037.jpg
Angiogram image of the no specific abdomen showing signs of fluid accumulation.,images/angiogram_abdomen_fluid accumulation_4038.jpg
Mammogram image of the central knee showing signs of calcification.,images/mammogram_knee_calcification_4039.jpg
X-ray image of the left liver showing signs of hernia.,images/x-ray_liver_hernia_4040.jpg
CT scan image of the posterior heart showing signs of swelling.,images/ct_scan_heart_swelling_4041.jpg
PET scan image of the anterior eye showing signs of cyst.,images/pet_scan_eye_cyst_4042.jpg
Ultrasound image of the right liver showing signs of atrophy.,images/ultrasound_liver_atrophy_4043.jpg
MRI image of the no specific knee showing signs of inflammation.,images/mri_knee_inflammation_4044.jpg
Endoscopy image of the no specific pancreas showing signs of hernia.,images/endoscopy_pancreas_hernia_4045.jpg
PET scan image of the right eye showing signs of hernia.,images/pet_scan_eye_hernia_4046.jpg
Angiogram image of the upper lung showing signs of abnormal growth.,images/angiogram_lung_abnormal growth_4047.jpg
Angiogram image of the no specific eye showing signs of infection.,images/angiogram_eye_infection_4048.jpg
Ultrasound image of the bilateral spine showing signs of atrophy.,images/ultrasound_spine_atrophy_4049.jpg
Endoscopy image of the lower breast showing signs of degeneration.,images/endoscopy_breast_degeneration_4050.jpg
Angiogram image of the posterior spine showing signs of infection.,images/angiogram_spine_infection_4051.jpg
CT scan image of the bilateral eye showing signs of hernia.,images/ct_scan_eye_hernia_4052.jpg
X-ray image of the central liver showing signs of inflammation.,images/x-ray_liver_inflammation_4053.jpg
X-ray image of the no specific lung showing signs of degeneration.,images/x-ray_lung_degeneration_4054.jpg
MRI image of the posterior lung showing signs of cyst.,images/mri_lung_cyst_4055.jpg
Endoscopy image of the left eye showing signs of cyst.,images/endoscopy_eye_cyst_4056.jpg
CT scan image of the central pancreas showing signs of degeneration.,images/ct_scan_pancreas_degeneration_4057.jpg
CT scan image of the no specific heart showing signs of calcification.,images/ct_scan_heart_calcification_4058.jpg
Mammogram image of the no specific eye showing signs of swelling.,images/mammogram_eye_swelling_4059.jpg
Angiogram image of the no specific spine showing signs of fluid accumulation.,images/angiogram_spine_fluid accumulation_4060.jpg
MRI image of the posterior pancreas showing signs of fracture.,images/mri_pancreas_fracture_4061.jpg
Mammogram image of the central lung showing signs of mass.,images/mammogram_lung_mass_4062.jpg
Mammogram image of the posterior abdomen showing signs of calcification.,images/mammogram_abdomen_calcification_4063.jpg
PET scan image of the no specific thyroid showing signs of hernia.,images/pet_scan_thyroid_hernia_4064.jpg
CT scan image of the posterior heart showing signs of infection.,images/ct_scan_heart_infection_4065.jpg
Mammogram image of the lower lung showing signs of lesion.,images/mammogram_lung_lesion_4066.jpg
MRI image of the left thyroid showing signs of lesion.,images/mri_thyroid_lesion_4067.jpg
Endoscopy image of the right lung showing signs of blockage.,images/endoscopy_lung_blockage_4068.jpg
X-ray image of the left eye showing signs of atrophy.,images/x-ray_eye_atrophy_4069.jpg
Angiogram image of the right bladder showing signs of mass.,images/angiogram_bladder_mass_4070.jpg
Mammogram image of the no specific breast showing signs of swelling.,images/mammogram_breast_swelling_4071.jpg
Endoscopy image of the central bladder showing signs of swelling.,images/endoscopy_bladder_swelling_4072.jpg
Endoscopy image of the central breast showing signs of fluid accumulation.,images/endoscopy_breast_fluid accumulation_4073.jpg
Angiogram image of the right heart showing signs of hernia.,images/angiogram_heart_hernia_4074.jpg
Angiogram image of the central breast showing signs of scar tissue.,images/angiogram_breast_scar tissue_4075.jpg
MRI image of the central heart showing signs of infection.,images/mri_heart_infection_4076.jpg
PET scan image of the central liver showing signs of mass.,images/pet_scan_liver_mass_4077.jpg
PET scan image of the bilateral thyroid showing signs of abnormal growth.,images/pet_scan_thyroid_abnormal growth_4078.jpg
Angiogram image of the upper thyroid showing signs of abnormal growth.,images/angiogram_thyroid_abnormal growth_4079.jpg
X-ray image of the no specific thyroid showing signs of atrophy.,images/x-ray_thyroid_atrophy_4080.jpg
Endoscopy image of the anterior knee showing signs of abnormal growth.,images/endoscopy_knee_abnormal growth_4081.jpg
Mammogram image of the no specific thyroid showing signs of mass.,images/mammogram_thyroid_mass_4082.jpg
Ultrasound image of the posterior pancreas showing signs of abnormal growth.,images/ultrasound_pancreas_abnormal growth_4083.jpg
MRI image of the posterior lung showing signs of fluid accumulation.,images/mri_lung_fluid accumulation_4084.jpg
Mammogram image of the no specific abdomen showing signs of blockage.,images/mammogram_abdomen_blockage_4085.jpg
Endoscopy image of the left knee showing signs of degeneration.,images/endoscopy_knee_degeneration_4086.jpg
MRI image of the upper heart showing signs of lesion.,images/mri_heart_lesion_4087.jpg
PET scan image of the left spine showing signs of hernia.,images/pet_scan_spine_hernia_4088.jpg
Angiogram image of the central lung showing signs of degeneration.,images/angiogram_lung_degeneration_4089.jpg
MRI image of the upper brain showing signs of abnormal growth.,images/mri_brain_abnormal growth_4090.jpg
MRI image of the bilateral brain showing signs of scar tissue.,images/mri_brain_scar tissue_4091.jpg
MRI image of the lower eye showing signs of lesion.,images/mri_eye_lesion_4092.jpg
MRI image of the anterior knee showing signs of calcification.,images/mri_knee_calcification_4093.jpg
Angiogram image of the posterior eye showing signs of degeneration.,images/angiogram_eye_degeneration_4094.jpg
Ultrasound image of the right eye showing signs of cyst.,images/ultrasound_eye_cyst_4095.jpg
PET scan image of the bilateral breast showing signs of mass.,images/pet_scan_breast_mass_4096.jpg
PET scan image of the no specific thyroid showing signs of calcification.,images/pet_scan_thyroid_calcification_4097.jpg
Ultrasound image of the left breast showing signs of calcification.,images/ultrasound_breast_calcification_4098.jpg
Angiogram image of the posterior eye showing signs of mass.,images/angiogram_eye_mass_4099.jpg
Mammogram image of the anterior spine showing signs of fracture.,images/mammogram_spine_fracture_4100.jpg
Endoscopy image of the posterior abdomen showing signs of atrophy.,images/endoscopy_abdomen_atrophy_4101.jpg
X-ray image of the anterior lung showing signs of degeneration.,images/x-ray_lung_degeneration_4102.jpg
CT scan image of the upper abdomen showing signs of tumor.,images/ct_scan_abdomen_tumor_4103.jpg
MRI image of the bilateral heart showing signs of inflammation.,images/mri_heart_inflammation_4104.jpg
MRI image of the central bladder showing signs of mass.,images/mri_bladder_mass_4105.jpg
Ultrasound image of the right spine showing signs of scar tissue.,images/ultrasound_spine_scar tissue_4106.jpg
Angiogram image of the right pancreas showing signs of lesion.,images/angiogram_pancreas_lesion_4107.jpg
Ultrasound image of the bilateral thyroid showing signs of inflammation.,images/ultrasound_thyroid_inflammation_4108.jpg
MRI image of the central heart showing signs of inflammation.,images/mri_heart_inflammation_4109.jpg
PET scan image of the posterior lung showing signs of inflammation.,images/pet_scan_lung_inflammation_4110.jpg
Angiogram image of the central abdomen showing signs of hernia.,images/angiogram_abdomen_hernia_4111.jpg
MRI image of the upper thyroid showing signs of abnormal growth.,images/mri_thyroid_abnormal growth_4112.jpg
CT scan image of the lower abdomen showing signs of mass.,images/ct_scan_abdomen_mass_4113.jpg
Endoscopy image of the lower brain showing signs of cyst.,images/endoscopy_brain_cyst_4114.jpg
Ultrasound image of the central abdomen showing signs of tumor.,images/ultrasound_abdomen_tumor_4115.jpg
X-ray image of the anterior knee showing signs of hernia.,images/x-ray_knee_hernia_4116.jpg
Angiogram image of the posterior heart showing signs of scar tissue.,images/angiogram_heart_scar tissue_4117.jpg
MRI image of the bilateral spine showing signs of fluid accumulation.,images/mri_spine_fluid accumulation_4118.jpg
CT scan image of the right knee showing signs of degeneration.,images/ct_scan_knee_degeneration_4119.jpg
Angiogram image of the posterior brain showing signs of inflammation.,images/angiogram_brain_inflammation_4120.jpg
Angiogram image of the right breast showing signs of inflammation.,images/angiogram_breast_inflammation_4121.jpg
Mammogram image of the posterior pancreas showing signs of fracture.,images/mammogram_pancreas_fracture_4122.jpg
Angiogram image of the no specific knee showing signs of blockage.,images/angiogram_knee_blockage_4123.jpg
MRI image of the upper breast showing signs of fracture.,images/mri_breast_fracture_4124.jpg
Endoscopy image of the upper breast showing signs of mass.,images/endoscopy_breast_mass_4125.jpg
MRI image of the upper spine showing signs of lesion.,images/mri_spine_lesion_4126.jpg
Ultrasound image of the left spine showing signs of abnormal growth.,images/ultrasound_spine_abnormal growth_4127.jpg
PET scan image of the anterior eye showing signs of fluid accumulation.,images/pet_scan_eye_fluid accumulation_4128.jpg
Angiogram image of the posterior knee showing signs of tumor.,images/angiogram_knee_tumor_4129.jpg
Endoscopy image of the bilateral thyroid showing signs of infection.,images/endoscopy_thyroid_infection_4130.jpg
Mammogram image of the anterior pancreas showing signs of lesion.,images/mammogram_pancreas_lesion_4131.jpg
Mammogram image of the right spine showing signs of inflammation.,images/mammogram_spine_inflammation_4132.jpg
MRI image of the central heart showing signs of atrophy.,images/mri_heart_atrophy_4133.jpg
CT scan image of the left knee showing signs of inflammation.,images/ct_scan_knee_inflammation_4134.jpg
PET scan image of the lower lung showing signs of blockage.,images/pet_scan_lung_blockage_4135.jpg
Angiogram image of the anterior heart showing signs of scar tissue.,images/angiogram_heart_scar tissue_4136.jpg
Endoscopy image of the right abdomen showing signs of tumor.,images/endoscopy_abdomen_tumor_4137.jpg
MRI image of the right thyroid showing signs of cyst.,images/mri_thyroid_cyst_4138.jpg
Mammogram image of the left liver showing signs of infection.,images/mammogram_liver_infection_4139.jpg
Mammogram image of the posterior abdomen showing signs of atrophy.,images/mammogram_abdomen_atrophy_4140.jpg
Ultrasound image of the bilateral breast showing signs of lesion.,images/ultrasound_breast_lesion_4141.jpg
MRI image of the upper pancreas showing signs of cyst.,images/mri_pancreas_cyst_4142.jpg
Endoscopy image of the lower liver showing signs of fluid accumulation.,images/endoscopy_liver_fluid accumulation_4143.jpg
Angiogram image of the no specific thyroid showing signs of atrophy.,images/angiogram_thyroid_atrophy_4144.jpg
Endoscopy image of the anterior abdomen showing signs of fluid accumulation.,images/endoscopy_abdomen_fluid accumulation_4145.jpg
CT scan image of the upper liver showing signs of infection.,images/ct_scan_liver_infection_4146.jpg
X-ray image of the no specific bladder showing signs of mass.,images/x-ray_bladder_mass_4147.jpg
Endoscopy image of the bilateral thyroid showing signs of inflammation.,images/endoscopy_thyroid_inflammation_4148.jpg
Mammogram image of the anterior thyroid showing signs of lesion.,images/mammogram_thyroid_lesion_4149.jpg
PET scan image of the left spine showing signs of infection.,images/pet_scan_spine_infection_4150.jpg
Mammogram image of the central lung showing signs of hernia.,images/mammogram_lung_hernia_4151.jpg
Endoscopy image of the upper thyroid showing signs of infection.,images/endoscopy_thyroid_infection_4152.jpg
PET scan image of the central heart showing signs of hernia.,images/pet_scan_heart_hernia_4153.jpg
Mammogram image of the upper liver showing signs of fluid accumulation.,images/mammogram_liver_fluid accumulation_4154.jpg
MRI image of the central pancreas showing signs of mass.,images/mri_pancreas_mass_4155.jpg
Endoscopy image of the no specific knee showing signs of atrophy.,images/endoscopy_knee_atrophy_4156.jpg
CT scan image of the anterior thyroid showing signs of swelling.,images/ct_scan_thyroid_swelling_4157.jpg
PET scan image of the bilateral abdomen showing signs of blockage.,images/pet_scan_abdomen_blockage_4158.jpg
MRI image of the posterior abdomen showing signs of swelling.,images/mri_abdomen_swelling_4159.jpg
MRI image of the left heart showing signs of fracture.,images/mri_heart_fracture_4160.jpg
CT scan image of the right pancreas showing signs of fluid accumulation.,images/ct_scan_pancreas_fluid accumulation_4161.jpg
Mammogram image of the central pancreas showing signs of infection.,images/mammogram_pancreas_infection_4162.jpg
Angiogram image of the right knee showing signs of infection.,images/angiogram_knee_infection_4163.jpg
Ultrasound image of the upper breast showing signs of tumor.,images/ultrasound_breast_tumor_4164.jpg
Mammogram image of the bilateral lung showing signs of scar tissue.,images/mammogram_lung_scar tissue_4165.jpg
Mammogram image of the left liver showing signs of abnormal growth.,images/mammogram_liver_abnormal growth_4166.jpg
Ultrasound image of the bilateral pancreas showing signs of blockage.,images/ultrasound_pancreas_blockage_4167.jpg
X-ray image of the no specific heart showing signs of hernia.,images/x-ray_heart_hernia_4168.jpg
Ultrasound image of the no specific thyroid showing signs of abnormal growth.,images/ultrasound_thyroid_abnormal growth_4169.jpg
CT scan image of the posterior knee showing signs of cyst.,images/ct_scan_knee_cyst_4170.jpg
Mammogram image of the left pancreas showing signs of inflammation.,images/mammogram_pancreas_inflammation_4171.jpg
CT scan image of the upper spine showing signs of lesion.,images/ct_scan_spine_lesion_4172.jpg
Ultrasound image of the anterior abdomen showing signs of abnormal growth.,images/ultrasound_abdomen_abnormal growth_4173.jpg
MRI image of the anterior abdomen showing signs of infection.,images/mri_abdomen_infection_4174.jpg
Mammogram image of the no specific pancreas showing signs of atrophy.,images/mammogram_pancreas_atrophy_4175.jpg
CT scan image of the no specific lung showing signs of atrophy.,images/ct_scan_lung_atrophy_4176.jpg
Mammogram image of the left liver showing signs of infection.,images/mammogram_liver_infection_4177.jpg
Endoscopy image of the left brain showing signs of cyst.,images/endoscopy_brain_cyst_4178.jpg
CT scan image of the right knee showing signs of tumor.,images/ct_scan_knee_tumor_4179.jpg
X-ray image of the left pancreas showing signs of inflammation.,images/x-ray_pancreas_inflammation_4180.jpg
MRI image of the anterior breast showing signs of atrophy.,images/mri_breast_atrophy_4181.jpg
Angiogram image of the posterior heart showing signs of infection.,images/angiogram_heart_infection_4182.jpg
X-ray image of the central thyroid showing signs of atrophy.,images/x-ray_thyroid_atrophy_4183.jpg
Angiogram image of the upper lung showing signs of swelling.,images/angiogram_lung_swelling_4184.jpg
X-ray image of the bilateral lung showing signs of fracture.,images/x-ray_lung_fracture_4185.jpg
X-ray image of the left pancreas showing signs of tumor.,images/x-ray_pancreas_tumor_4186.jpg
Angiogram image of the posterior lung showing signs of fracture.,images/angiogram_lung_fracture_4187.jpg
CT scan image of the lower brain showing signs of fracture.,images/ct_scan_brain_fracture_4188.jpg
Angiogram image of the anterior eye showing signs of fracture.,images/angiogram_eye_fracture_4189.jpg
Endoscopy image of the bilateral eye showing signs of cyst.,images/endoscopy_eye_cyst_4190.jpg
Endoscopy image of the left lung showing signs of swelling.,images/endoscopy_lung_swelling_4191.jpg
MRI image of the posterior lung showing signs of fracture.,images/mri_lung_fracture_4192.jpg
PET scan image of the anterior eye showing signs of inflammation.,images/pet_scan_eye_inflammation_4193.jpg
Ultrasound image of the bilateral lung showing signs of inflammation.,images/ultrasound_lung_inflammation_4194.jpg
CT scan image of the central heart showing signs of blockage.,images/ct_scan_heart_blockage_4195.jpg
X-ray image of the bilateral knee showing signs of abnormal growth.,images/x-ray_knee_abnormal growth_4196.jpg
X-ray image of the left heart showing signs of tumor.,images/x-ray_heart_tumor_4197.jpg
PET scan image of the no specific pancreas showing signs of lesion.,images/pet_scan_pancreas_lesion_4198.jpg
CT scan image of the anterior knee showing signs of cyst.,images/ct_scan_knee_cyst_4199.jpg
Endoscopy image of the bilateral eye showing signs of degeneration.,images/endoscopy_eye_degeneration_4200.jpg
Endoscopy image of the central liver showing signs of hernia.,images/endoscopy_liver_hernia_4201.jpg
Ultrasound image of the central lung showing signs of atrophy.,images/ultrasound_lung_atrophy_4202.jpg
Ultrasound image of the lower heart showing signs of fluid accumulation.,images/ultrasound_heart_fluid accumulation_4203.jpg
X-ray image of the upper spine showing signs of hernia.,images/x-ray_spine_hernia_4204.jpg
Mammogram image of the no specific heart showing signs of cyst.,images/mammogram_heart_cyst_4205.jpg
Ultrasound image of the anterior abdomen showing signs of cyst.,images/ultrasound_abdomen_cyst_4206.jpg
CT scan image of the central thyroid showing signs of calcification.,images/ct_scan_thyroid_calcification_4207.jpg
Ultrasound image of the central thyroid showing signs of swelling.,images/ultrasound_thyroid_swelling_4208.jpg
PET scan image of the posterior bladder showing signs of blockage.,images/pet_scan_bladder_blockage_4209.jpg
Angiogram image of the bilateral brain showing signs of calcification.,images/angiogram_brain_calcification_4210.jpg
PET scan image of the right pancreas showing signs of fracture.,images/pet_scan_pancreas_fracture_4211.jpg
PET scan image of the posterior pancreas showing signs of cyst.,images/pet_scan_pancreas_cyst_4212.jpg
Mammogram image of the lower abdomen showing signs of tumor.,images/mammogram_abdomen_tumor_4213.jpg
PET scan image of the lower breast showing signs of cyst.,images/pet_scan_breast_cyst_4214.jpg
Ultrasound image of the left bladder showing signs of atrophy.,images/ultrasound_bladder_atrophy_4215.jpg
X-ray image of the right breast showing signs of calcification.,images/x-ray_breast_calcification_4216.jpg
Endoscopy image of the left pancreas showing signs of mass.,images/endoscopy_pancreas_mass_4217.jpg
MRI image of the lower spine showing signs of swelling.,images/mri_spine_swelling_4218.jpg
Mammogram image of the bilateral thyroid showing signs of inflammation.,images/mammogram_thyroid_inflammation_4219.jpg
MRI image of the left bladder showing signs of swelling.,images/mri_bladder_swelling_4220.jpg
Angiogram image of the posterior liver showing signs of hernia.,images/angiogram_liver_hernia_4221.jpg
CT scan image of the left abdomen showing signs of fracture.,images/ct_scan_abdomen_fracture_4222.jpg
PET scan image of the left bladder showing signs of blockage.,images/pet_scan_bladder_blockage_4223.jpg
Angiogram image of the left bladder showing signs of hernia.,images/angiogram_bladder_hernia_4224.jpg
PET scan image of the central pancreas showing signs of degeneration.,images/pet_scan_pancreas_degeneration_4225.jpg
X-ray image of the anterior liver showing signs of atrophy.,images/x-ray_liver_atrophy_4226.jpg
Mammogram image of the anterior thyroid showing signs of fracture.,images/mammogram_thyroid_fracture_4227.jpg
CT scan image of the left knee showing signs of cyst.,images/ct_scan_knee_cyst_4228.jpg
Mammogram image of the left breast showing signs of abnormal growth.,images/mammogram_breast_abnormal growth_4229.jpg
PET scan image of the upper breast showing signs of inflammation.,images/pet_scan_breast_inflammation_4230.jpg
X-ray image of the posterior spine showing signs of lesion.,images/x-ray_spine_lesion_4231.jpg
PET scan image of the left bladder showing signs of hernia.,images/pet_scan_bladder_hernia_4232.jpg
MRI image of the left brain showing signs of fracture.,images/mri_brain_fracture_4233.jpg
MRI image of the central knee showing signs of fluid accumulation.,images/mri_knee_fluid accumulation_4234.jpg
MRI image of the upper knee showing signs of inflammation.,images/mri_knee_inflammation_4235.jpg
PET scan image of the posterior thyroid showing signs of degeneration.,images/pet_scan_thyroid_degeneration_4236.jpg
Endoscopy image of the left thyroid showing signs of scar tissue.,images/endoscopy_thyroid_scar tissue_4237.jpg
Mammogram image of the left spine showing signs of hernia.,images/mammogram_spine_hernia_4238.jpg
Mammogram image of the no specific breast showing signs of calcification.,images/mammogram_breast_calcification_4239.jpg
Endoscopy image of the upper knee showing signs of calcification.,images/endoscopy_knee_calcification_4240.jpg
CT scan image of the central abdomen showing signs of fluid accumulation.,images/ct_scan_abdomen_fluid accumulation_4241.jpg
Angiogram image of the right bladder showing signs of fracture.,images/angiogram_bladder_fracture_4242.jpg
Angiogram image of the bilateral thyroid showing signs of degeneration.,images/angiogram_thyroid_degeneration_4243.jpg
X-ray image of the posterior pancreas showing signs of mass.,images/x-ray_pancreas_mass_4244.jpg
X-ray image of the right liver showing signs of atrophy.,images/x-ray_liver_atrophy_4245.jpg
PET scan image of the posterior eye showing signs of calcification.,images/pet_scan_eye_calcification_4246.jpg
Angiogram image of the left spine showing signs of calcification.,images/angiogram_spine_calcification_4247.jpg
Ultrasound image of the upper breast showing signs of degeneration.,images/ultrasound_breast_degeneration_4248.jpg
CT scan image of the left breast showing signs of atrophy.,images/ct_scan_breast_atrophy_4249.jpg
PET scan image of the anterior eye showing signs of calcification.,images/pet_scan_eye_calcification_4250.jpg
Mammogram image of the posterior breast showing signs of fracture.,images/mammogram_breast_fracture_4251.jpg
Endoscopy image of the left spine showing signs of degeneration.,images/endoscopy_spine_degeneration_4252.jpg
X-ray image of the anterior breast showing signs of hernia.,images/x-ray_breast_hernia_4253.jpg
Angiogram image of the anterior pancreas showing signs of blockage.,images/angiogram_pancreas_blockage_4254.jpg
Ultrasound image of the bilateral thyroid showing signs of fracture.,images/ultrasound_thyroid_fracture_4255.jpg
Endoscopy image of the anterior liver showing signs of hernia.,images/endoscopy_liver_hernia_4256.jpg
Mammogram image of the anterior thyroid showing signs of atrophy.,images/mammogram_thyroid_atrophy_4257.jpg
PET scan image of the anterior eye showing signs of calcification.,images/pet_scan_eye_calcification_4258.jpg
CT scan image of the upper pancreas showing signs of hernia.,images/ct_scan_pancreas_hernia_4259.jpg
Ultrasound image of the left spine showing signs of atrophy.,images/ultrasound_spine_atrophy_4260.jpg
Angiogram image of the posterior heart showing signs of infection.,images/angiogram_heart_infection_4261.jpg
CT scan image of the upper pancreas showing signs of hernia.,images/ct_scan_pancreas_hernia_4262.jpg
MRI image of the central breast showing signs of mass.,images/mri_breast_mass_4263.jpg
Mammogram image of the posterior spine showing signs of abnormal growth.,images/mammogram_spine_abnormal growth_4264.jpg
X-ray image of the anterior pancreas showing signs of fluid accumulation.,images/x-ray_pancreas_fluid accumulation_4265.jpg
Ultrasound image of the posterior breast showing signs of fracture.,images/ultrasound_breast_fracture_4266.jpg
Mammogram image of the lower brain showing signs of abnormal growth.,images/mammogram_brain_abnormal growth_4267.jpg
Endoscopy image of the central heart showing signs of scar tissue.,images/endoscopy_heart_scar tissue_4268.jpg
Endoscopy image of the bilateral knee showing signs of infection.,images/endoscopy_knee_infection_4269.jpg
Mammogram image of the left spine showing signs of mass.,images/mammogram_spine_mass_4270.jpg
CT scan image of the left brain showing signs of fracture.,images/ct_scan_brain_fracture_4271.jpg
CT scan image of the no specific spine showing signs of lesion.,images/ct_scan_spine_lesion_4272.jpg
Angiogram image of the bilateral heart showing signs of mass.,images/angiogram_heart_mass_4273.jpg
Ultrasound image of the no specific heart showing signs of cyst.,images/ultrasound_heart_cyst_4274.jpg
Angiogram image of the bilateral abdomen showing signs of calcification.,images/angiogram_abdomen_calcification_4275.jpg
MRI image of the left thyroid showing signs of infection.,images/mri_thyroid_infection_4276.jpg
Angiogram image of the anterior bladder showing signs of lesion.,images/angiogram_bladder_lesion_4277.jpg
Mammogram image of the right heart showing signs of tumor.,images/mammogram_heart_tumor_4278.jpg
MRI image of the right spine showing signs of degeneration.,images/mri_spine_degeneration_4279.jpg
CT scan image of the left abdomen showing signs of lesion.,images/ct_scan_abdomen_lesion_4280.jpg
Ultrasound image of the left thyroid showing signs of swelling.,images/ultrasound_thyroid_swelling_4281.jpg
Angiogram image of the anterior lung showing signs of calcification.,images/angiogram_lung_calcification_4282.jpg
X-ray image of the bilateral pancreas showing signs of swelling.,images/x-ray_pancreas_swelling_4283.jpg
Endoscopy image of the left bladder showing signs of fluid accumulation.,images/endoscopy_bladder_fluid accumulation_4284.jpg
CT scan image of the no specific spine showing signs of hernia.,images/ct_scan_spine_hernia_4285.jpg
Endoscopy image of the bilateral thyroid showing signs of blockage.,images/endoscopy_thyroid_blockage_4286.jpg
MRI image of the anterior pancreas showing signs of fluid accumulation.,images/mri_pancreas_fluid accumulation_4287.jpg
X-ray image of the upper abdomen showing signs of hernia.,images/x-ray_abdomen_hernia_4288.jpg
Mammogram image of the upper brain showing signs of calcification.,images/mammogram_brain_calcification_4289.jpg
X-ray image of the anterior eye showing signs of scar tissue.,images/x-ray_eye_scar tissue_4290.jpg
Ultrasound image of the left abdomen showing signs of tumor.,images/ultrasound_abdomen_tumor_4291.jpg
Angiogram image of the right heart showing signs of calcification.,images/angiogram_heart_calcification_4292.jpg
Mammogram image of the posterior lung showing signs of tumor.,images/mammogram_lung_tumor_4293.jpg
Angiogram image of the upper breast showing signs of infection.,images/angiogram_breast_infection_4294.jpg
Angiogram image of the central breast showing signs of scar tissue.,images/angiogram_breast_scar tissue_4295.jpg
PET scan image of the right spine showing signs of fluid accumulation.,images/pet_scan_spine_fluid accumulation_4296.jpg
PET scan image of the posterior heart showing signs of calcification.,images/pet_scan_heart_calcification_4297.jpg
Mammogram image of the upper thyroid showing signs of degeneration.,images/mammogram_thyroid_degeneration_4298.jpg
Mammogram image of the bilateral spine showing signs of degeneration.,images/mammogram_spine_degeneration_4299.jpg
CT scan image of the right lung showing signs of inflammation.,images/ct_scan_lung_inflammation_4300.jpg
PET scan image of the central knee showing signs of scar tissue.,images/pet_scan_knee_scar tissue_4301.jpg
X-ray image of the posterior heart showing signs of blockage.,images/x-ray_heart_blockage_4302.jpg
Ultrasound image of the no specific breast showing signs of cyst.,images/ultrasound_breast_cyst_4303.jpg
CT scan image of the posterior bladder showing signs of hernia.,images/ct_scan_bladder_hernia_4304.jpg
Mammogram image of the central spine showing signs of mass.,images/mammogram_spine_mass_4305.jpg
MRI image of the posterior brain showing signs of tumor.,images/mri_brain_tumor_4306.jpg
CT scan image of the bilateral pancreas showing signs of tumor.,images/ct_scan_pancreas_tumor_4307.jpg
X-ray image of the left spine showing signs of abnormal growth.,images/x-ray_spine_abnormal growth_4308.jpg
Angiogram image of the left breast showing signs of atrophy.,images/angiogram_breast_atrophy_4309.jpg
Mammogram image of the left thyroid showing signs of hernia.,images/mammogram_thyroid_hernia_4310.jpg
Angiogram image of the right pancreas showing signs of abnormal growth.,images/angiogram_pancreas_abnormal growth_4311.jpg
Mammogram image of the upper knee showing signs of mass.,images/mammogram_knee_mass_4312.jpg
Mammogram image of the bilateral brain showing signs of mass.,images/mammogram_brain_mass_4313.jpg
Ultrasound image of the anterior lung showing signs of inflammation.,images/ultrasound_lung_inflammation_4314.jpg
Angiogram image of the anterior heart showing signs of atrophy.,images/angiogram_heart_atrophy_4315.jpg
Mammogram image of the lower bladder showing signs of infection.,images/mammogram_bladder_infection_4316.jpg
Angiogram image of the left heart showing signs of fluid accumulation.,images/angiogram_heart_fluid accumulation_4317.jpg
CT scan image of the left spine showing signs of abnormal growth.,images/ct_scan_spine_abnormal growth_4318.jpg
MRI image of the upper spine showing signs of abnormal growth.,images/mri_spine_abnormal growth_4319.jpg
CT scan image of the upper eye showing signs of lesion.,images/ct_scan_eye_lesion_4320.jpg
Ultrasound image of the upper knee showing signs of tumor.,images/ultrasound_knee_tumor_4321.jpg
Ultrasound image of the right brain showing signs of scar tissue.,images/ultrasound_brain_scar tissue_4322.jpg
Ultrasound image of the upper bladder showing signs of mass.,images/ultrasound_bladder_mass_4323.jpg
Ultrasound image of the no specific pancreas showing signs of infection.,images/ultrasound_pancreas_infection_4324.jpg
X-ray image of the anterior lung showing signs of hernia.,images/x-ray_lung_hernia_4325.jpg
X-ray image of the left thyroid showing signs of fluid accumulation.,images/x-ray_thyroid_fluid accumulation_4326.jpg
CT scan image of the lower heart showing signs of blockage.,images/ct_scan_heart_blockage_4327.jpg
MRI image of the no specific spine showing signs of atrophy.,images/mri_spine_atrophy_4328.jpg
MRI image of the posterior lung showing signs of fluid accumulation.,images/mri_lung_fluid accumulation_4329.jpg
PET scan image of the left heart showing signs of lesion.,images/pet_scan_heart_lesion_4330.jpg
Mammogram image of the right breast showing signs of inflammation.,images/mammogram_breast_inflammation_4331.jpg
PET scan image of the right liver showing signs of inflammation.,images/pet_scan_liver_inflammation_4332.jpg
X-ray image of the no specific abdomen showing signs of fluid accumulation.,images/x-ray_abdomen_fluid accumulation_4333.jpg
Mammogram image of the no specific liver showing signs of abnormal growth.,images/mammogram_liver_abnormal growth_4334.jpg
Angiogram image of the posterior liver showing signs of infection.,images/angiogram_liver_infection_4335.jpg
X-ray image of the right lung showing signs of hernia.,images/x-ray_lung_hernia_4336.jpg
X-ray image of the bilateral lung showing signs of tumor.,images/x-ray_lung_tumor_4337.jpg
Ultrasound image of the anterior lung showing signs of fracture.,images/ultrasound_lung_fracture_4338.jpg
CT scan image of the upper eye showing signs of blockage.,images/ct_scan_eye_blockage_4339.jpg
X-ray image of the anterior knee showing signs of fluid accumulation.,images/x-ray_knee_fluid accumulation_4340.jpg
Ultrasound image of the bilateral pancreas showing signs of lesion.,images/ultrasound_pancreas_lesion_4341.jpg
Ultrasound image of the central lung showing signs of swelling.,images/ultrasound_lung_swelling_4342.jpg
CT scan image of the upper thyroid showing signs of abnormal growth.,images/ct_scan_thyroid_abnormal growth_4343.jpg
MRI image of the anterior bladder showing signs of fluid accumulation.,images/mri_bladder_fluid accumulation_4344.jpg
Ultrasound image of the anterior heart showing signs of degeneration.,images/ultrasound_heart_degeneration_4345.jpg
X-ray image of the right spine showing signs of degeneration.,images/x-ray_spine_degeneration_4346.jpg
X-ray image of the lower brain showing signs of fracture.,images/x-ray_brain_fracture_4347.jpg
MRI image of the left heart showing signs of infection.,images/mri_heart_infection_4348.jpg
Angiogram image of the posterior heart showing signs of abnormal growth.,images/angiogram_heart_abnormal growth_4349.jpg
Ultrasound image of the right spine showing signs of inflammation.,images/ultrasound_spine_inflammation_4350.jpg
Angiogram image of the no specific knee showing signs of inflammation.,images/angiogram_knee_inflammation_4351.jpg
PET scan image of the left breast showing signs of scar tissue.,images/pet_scan_breast_scar tissue_4352.jpg
MRI image of the bilateral bladder showing signs of mass.,images/mri_bladder_mass_4353.jpg
Angiogram image of the right spine showing signs of scar tissue.,images/angiogram_spine_scar tissue_4354.jpg
Angiogram image of the left spine showing signs of abnormal growth.,images/angiogram_spine_abnormal growth_4355.jpg
Angiogram image of the central liver showing signs of calcification.,images/angiogram_liver_calcification_4356.jpg
MRI image of the posterior lung showing signs of atrophy.,images/mri_lung_atrophy_4357.jpg
Mammogram image of the right brain showing signs of abnormal growth.,images/mammogram_brain_abnormal growth_4358.jpg
CT scan image of the upper brain showing signs of lesion.,images/ct_scan_brain_lesion_4359.jpg
Ultrasound image of the bilateral liver showing signs of lesion.,images/ultrasound_liver_lesion_4360.jpg
MRI image of the bilateral eye showing signs of degeneration.,images/mri_eye_degeneration_4361.jpg
MRI image of the anterior breast showing signs of lesion.,images/mri_breast_lesion_4362.jpg
Mammogram image of the upper heart showing signs of scar tissue.,images/mammogram_heart_scar tissue_4363.jpg
Angiogram image of the posterior bladder showing signs of degeneration.,images/angiogram_bladder_degeneration_4364.jpg
Endoscopy image of the central liver showing signs of fluid accumulation.,images/endoscopy_liver_fluid accumulation_4365.jpg
Endoscopy image of the posterior pancreas showing signs of cyst.,images/endoscopy_pancreas_cyst_4366.jpg
MRI image of the posterior lung showing signs of fracture.,images/mri_lung_fracture_4367.jpg
PET scan image of the central eye showing signs of infection.,images/pet_scan_eye_infection_4368.jpg
Mammogram image of the central eye showing signs of lesion.,images/mammogram_eye_lesion_4369.jpg
CT scan image of the anterior bladder showing signs of abnormal growth.,images/ct_scan_bladder_abnormal growth_4370.jpg
Mammogram image of the right knee showing signs of atrophy.,images/mammogram_knee_atrophy_4371.jpg
Ultrasound image of the right spine showing signs of calcification.,images/ultrasound_spine_calcification_4372.jpg
MRI image of the posterior abdomen showing signs of degeneration.,images/mri_abdomen_degeneration_4373.jpg
PET scan image of the lower spine showing signs of fracture.,images/pet_scan_spine_fracture_4374.jpg
Ultrasound image of the bilateral breast showing signs of inflammation.,images/ultrasound_breast_inflammation_4375.jpg
Ultrasound image of the central knee showing signs of mass.,images/ultrasound_knee_mass_4376.jpg
Ultrasound image of the anterior liver showing signs of lesion.,images/ultrasound_liver_lesion_4377.jpg
Ultrasound image of the central liver showing signs of fracture.,images/ultrasound_liver_fracture_4378.jpg
X-ray image of the upper heart showing signs of abnormal growth.,images/x-ray_heart_abnormal growth_4379.jpg
X-ray image of the bilateral abdomen showing signs of degeneration.,images/x-ray_abdomen_degeneration_4380.jpg
PET scan image of the no specific lung showing signs of hernia.,images/pet_scan_lung_hernia_4381.jpg
X-ray image of the upper pancreas showing signs of hernia.,images/x-ray_pancreas_hernia_4382.jpg
Mammogram image of the no specific heart showing signs of infection.,images/mammogram_heart_infection_4383.jpg
Mammogram image of the bilateral spine showing signs of swelling.,images/mammogram_spine_swelling_4384.jpg
Angiogram image of the posterior breast showing signs of mass.,images/angiogram_breast_mass_4385.jpg
MRI image of the no specific pancreas showing signs of blockage.,images/mri_pancreas_blockage_4386.jpg
PET scan image of the left lung showing signs of degeneration.,images/pet_scan_lung_degeneration_4387.jpg
MRI image of the bilateral thyroid showing signs of fracture.,images/mri_thyroid_fracture_4388.jpg
Mammogram image of the posterior pancreas showing signs of inflammation.,images/mammogram_pancreas_inflammation_4389.jpg
CT scan image of the central eye showing signs of swelling.,images/ct_scan_eye_swelling_4390.jpg
X-ray image of the central pancreas showing signs of tumor.,images/x-ray_pancreas_tumor_4391.jpg
Ultrasound image of the anterior brain showing signs of fracture.,images/ultrasound_brain_fracture_4392.jpg
MRI image of the anterior brain showing signs of scar tissue.,images/mri_brain_scar tissue_4393.jpg
CT scan image of the right abdomen showing signs of fluid accumulation.,images/ct_scan_abdomen_fluid accumulation_4394.jpg
MRI image of the left knee showing signs of atrophy.,images/mri_knee_atrophy_4395.jpg
Ultrasound image of the left abdomen showing signs of fluid accumulation.,images/ultrasound_abdomen_fluid accumulation_4396.jpg
Ultrasound image of the no specific abdomen showing signs of swelling.,images/ultrasound_abdomen_swelling_4397.jpg
Ultrasound image of the anterior abdomen showing signs of blockage.,images/ultrasound_abdomen_blockage_4398.jpg
X-ray image of the anterior liver showing signs of lesion.,images/x-ray_liver_lesion_4399.jpg
PET scan image of the anterior abdomen showing signs of abnormal growth.,images/pet_scan_abdomen_abnormal growth_4400.jpg
Ultrasound image of the left liver showing signs of calcification.,images/ultrasound_liver_calcification_4401.jpg
Angiogram image of the upper brain showing signs of calcification.,images/angiogram_brain_calcification_4402.jpg
PET scan image of the posterior liver showing signs of tumor.,images/pet_scan_liver_tumor_4403.jpg
Endoscopy image of the posterior eye showing signs of lesion.,images/endoscopy_eye_lesion_4404.jpg
Mammogram image of the posterior pancreas showing signs of swelling.,images/mammogram_pancreas_swelling_4405.jpg
PET scan image of the left thyroid showing signs of fracture.,images/pet_scan_thyroid_fracture_4406.jpg
Ultrasound image of the bilateral abdomen showing signs of mass.,images/ultrasound_abdomen_mass_4407.jpg
PET scan image of the posterior pancreas showing signs of scar tissue.,images/pet_scan_pancreas_scar tissue_4408.jpg
Mammogram image of the right spine showing signs of calcification.,images/mammogram_spine_calcification_4409.jpg
X-ray image of the anterior pancreas showing signs of cyst.,images/x-ray_pancreas_cyst_4410.jpg
MRI image of the bilateral knee showing signs of hernia.,images/mri_knee_hernia_4411.jpg
PET scan image of the right eye showing signs of degeneration.,images/pet_scan_eye_degeneration_4412.jpg
X-ray image of the left breast showing signs of scar tissue.,images/x-ray_breast_scar tissue_4413.jpg
Mammogram image of the upper breast showing signs of blockage.,images/mammogram_breast_blockage_4414.jpg
Mammogram image of the lower lung showing signs of hernia.,images/mammogram_lung_hernia_4415.jpg
Ultrasound image of the no specific breast showing signs of tumor.,images/ultrasound_breast_tumor_4416.jpg
Angiogram image of the right eye showing signs of infection.,images/angiogram_eye_infection_4417.jpg
Angiogram image of the right pancreas showing signs of atrophy.,images/angiogram_pancreas_atrophy_4418.jpg
Ultrasound image of the left abdomen showing signs of tumor.,images/ultrasound_abdomen_tumor_4419.jpg
CT scan image of the upper breast showing signs of cyst.,images/ct_scan_breast_cyst_4420.jpg
PET scan image of the central pancreas showing signs of cyst.,images/pet_scan_pancreas_cyst_4421.jpg
Angiogram image of the no specific spine showing signs of scar tissue.,images/angiogram_spine_scar tissue_4422.jpg
Endoscopy image of the lower brain showing signs of cyst.,images/endoscopy_brain_cyst_4423.jpg
CT scan image of the lower pancreas showing signs of inflammation.,images/ct_scan_pancreas_inflammation_4424.jpg
Mammogram image of the lower abdomen showing signs of cyst.,images/mammogram_abdomen_cyst_4425.jpg
Ultrasound image of the no specific lung showing signs of scar tissue.,images/ultrasound_lung_scar tissue_4426.jpg
MRI image of the upper breast showing signs of mass.,images/mri_breast_mass_4427.jpg
MRI image of the no specific brain showing signs of swelling.,images/mri_brain_swelling_4428.jpg
CT scan image of the no specific knee showing signs of degeneration.,images/ct_scan_knee_degeneration_4429.jpg
Mammogram image of the central pancreas showing signs of infection.,images/mammogram_pancreas_infection_4430.jpg
CT scan image of the upper bladder showing signs of abnormal growth.,images/ct_scan_bladder_abnormal growth_4431.jpg
X-ray image of the posterior pancreas showing signs of swelling.,images/x-ray_pancreas_swelling_4432.jpg
MRI image of the lower lung showing signs of atrophy.,images/mri_lung_atrophy_4433.jpg
PET scan image of the central spine showing signs of abnormal growth.,images/pet_scan_spine_abnormal growth_4434.jpg
CT scan image of the posterior breast showing signs of fluid accumulation.,images/ct_scan_breast_fluid accumulation_4435.jpg
MRI image of the anterior bladder showing signs of blockage.,images/mri_bladder_blockage_4436.jpg
CT scan image of the right pancreas showing signs of inflammation.,images/ct_scan_pancreas_inflammation_4437.jpg
Ultrasound image of the no specific heart showing signs of swelling.,images/ultrasound_heart_swelling_4438.jpg
MRI image of the right spine showing signs of degeneration.,images/mri_spine_degeneration_4439.jpg
X-ray image of the lower heart showing signs of scar tissue.,images/x-ray_heart_scar tissue_4440.jpg
Angiogram image of the central heart showing signs of calcification.,images/angiogram_heart_calcification_4441.jpg
Angiogram image of the anterior liver showing signs of degeneration.,images/angiogram_liver_degeneration_4442.jpg
CT scan image of the no specific lung showing signs of scar tissue.,images/ct_scan_lung_scar tissue_4443.jpg
PET scan image of the anterior eye showing signs of hernia.,images/pet_scan_eye_hernia_4444.jpg
MRI image of the bilateral bladder showing signs of cyst.,images/mri_bladder_cyst_4445.jpg
Mammogram image of the anterior heart showing signs of cyst.,images/mammogram_heart_cyst_4446.jpg
PET scan image of the lower thyroid showing signs of inflammation.,images/pet_scan_thyroid_inflammation_4447.jpg
Ultrasound image of the no specific thyroid showing signs of degeneration.,images/ultrasound_thyroid_degeneration_4448.jpg
CT scan image of the no specific heart showing signs of atrophy.,images/ct_scan_heart_atrophy_4449.jpg
Ultrasound image of the right breast showing signs of lesion.,images/ultrasound_breast_lesion_4450.jpg
Mammogram image of the bilateral breast showing signs of lesion.,images/mammogram_breast_lesion_4451.jpg
PET scan image of the no specific thyroid showing signs of mass.,images/pet_scan_thyroid_mass_4452.jpg
Ultrasound image of the right liver showing signs of degeneration.,images/ultrasound_liver_degeneration_4453.jpg
Angiogram image of the lower knee showing signs of calcification.,images/angiogram_knee_calcification_4454.jpg
MRI image of the upper liver showing signs of atrophy.,images/mri_liver_atrophy_4455.jpg
Mammogram image of the right thyroid showing signs of cyst.,images/mammogram_thyroid_cyst_4456.jpg
Endoscopy image of the central knee showing signs of tumor.,images/endoscopy_knee_tumor_4457.jpg
Angiogram image of the anterior abdomen showing signs of infection.,images/angiogram_abdomen_infection_4458.jpg
Endoscopy image of the bilateral pancreas showing signs of calcification.,images/endoscopy_pancreas_calcification_4459.jpg
MRI image of the posterior knee showing signs of scar tissue.,images/mri_knee_scar tissue_4460.jpg
PET scan image of the anterior spine showing signs of scar tissue.,images/pet_scan_spine_scar tissue_4461.jpg
X-ray image of the left lung showing signs of inflammation.,images/x-ray_lung_inflammation_4462.jpg
Angiogram image of the posterior bladder showing signs of degeneration.,images/angiogram_bladder_degeneration_4463.jpg
PET scan image of the left thyroid showing signs of blockage.,images/pet_scan_thyroid_blockage_4464.jpg
CT scan image of the upper liver showing signs of inflammation.,images/ct_scan_liver_inflammation_4465.jpg
Angiogram image of the posterior lung showing signs of tumor.,images/angiogram_lung_tumor_4466.jpg
Endoscopy image of the right abdomen showing signs of swelling.,images/endoscopy_abdomen_swelling_4467.jpg
Mammogram image of the left liver showing signs of infection.,images/mammogram_liver_infection_4468.jpg
Angiogram image of the central eye showing signs of mass.,images/angiogram_eye_mass_4469.jpg
PET scan image of the left eye showing signs of scar tissue.,images/pet_scan_eye_scar tissue_4470.jpg
Ultrasound image of the posterior pancreas showing signs of hernia.,images/ultrasound_pancreas_hernia_4471.jpg
PET scan image of the lower lung showing signs of fracture.,images/pet_scan_lung_fracture_4472.jpg
Angiogram image of the central abdomen showing signs of infection.,images/angiogram_abdomen_infection_4473.jpg
Mammogram image of the no specific pancreas showing signs of tumor.,images/mammogram_pancreas_tumor_4474.jpg
MRI image of the posterior spine showing signs of hernia.,images/mri_spine_hernia_4475.jpg
Mammogram image of the posterior heart showing signs of blockage.,images/mammogram_heart_blockage_4476.jpg
PET scan image of the left spine showing signs of scar tissue.,images/pet_scan_spine_scar tissue_4477.jpg
MRI image of the right eye showing signs of fluid accumulation.,images/mri_eye_fluid accumulation_4478.jpg
X-ray image of the central knee showing signs of scar tissue.,images/x-ray_knee_scar tissue_4479.jpg
CT scan image of the right thyroid showing signs of scar tissue.,images/ct_scan_thyroid_scar tissue_4480.jpg
MRI image of the central brain showing signs of atrophy.,images/mri_brain_atrophy_4481.jpg
Endoscopy image of the no specific abdomen showing signs of fluid accumulation.,images/endoscopy_abdomen_fluid accumulation_4482.jpg
Endoscopy image of the central heart showing signs of swelling.,images/endoscopy_heart_swelling_4483.jpg
X-ray image of the left knee showing signs of abnormal growth.,images/x-ray_knee_abnormal growth_4484.jpg
MRI image of the bilateral eye showing signs of calcification.,images/mri_eye_calcification_4485.jpg
Ultrasound image of the right knee showing signs of abnormal growth.,images/ultrasound_knee_abnormal growth_4486.jpg
Ultrasound image of the anterior breast showing signs of degeneration.,images/ultrasound_breast_degeneration_4487.jpg
Mammogram image of the lower brain showing signs of fracture.,images/mammogram_brain_fracture_4488.jpg
Angiogram image of the posterior heart showing signs of swelling.,images/angiogram_heart_swelling_4489.jpg
MRI image of the left lung showing signs of hernia.,images/mri_lung_hernia_4490.jpg
Endoscopy image of the anterior heart showing signs of swelling.,images/endoscopy_heart_swelling_4491.jpg
Endoscopy image of the bilateral eye showing signs of swelling.,images/endoscopy_eye_swelling_4492.jpg
Endoscopy image of the bilateral pancreas showing signs of hernia.,images/endoscopy_pancreas_hernia_4493.jpg
MRI image of the no specific knee showing signs of fracture.,images/mri_knee_fracture_4494.jpg
Angiogram image of the bilateral heart showing signs of inflammation.,images/angiogram_heart_inflammation_4495.jpg
Mammogram image of the central lung showing signs of scar tissue.,images/mammogram_lung_scar tissue_4496.jpg
MRI image of the upper pancreas showing signs of inflammation.,images/mri_pancreas_inflammation_4497.jpg
Ultrasound image of the bilateral abdomen showing signs of degeneration.,images/ultrasound_abdomen_degeneration_4498.jpg
Angiogram image of the right spine showing signs of degeneration.,images/angiogram_spine_degeneration_4499.jpg
CT scan image of the no specific liver showing signs of atrophy.,images/ct_scan_liver_atrophy_4500.jpg
Angiogram image of the no specific spine showing signs of abnormal growth.,images/angiogram_spine_abnormal growth_4501.jpg
Angiogram image of the central spine showing signs of fracture.,images/angiogram_spine_fracture_4502.jpg
Mammogram image of the posterior bladder showing signs of blockage.,images/mammogram_bladder_blockage_4503.jpg
Ultrasound image of the right spine showing signs of scar tissue.,images/ultrasound_spine_scar tissue_4504.jpg
Endoscopy image of the right heart showing signs of blockage.,images/endoscopy_heart_blockage_4505.jpg
Angiogram image of the no specific brain showing signs of tumor.,images/angiogram_brain_tumor_4506.jpg
Angiogram image of the no specific abdomen showing signs of inflammation.,images/angiogram_abdomen_inflammation_4507.jpg
Endoscopy image of the left bladder showing signs of abnormal growth.,images/endoscopy_bladder_abnormal growth_4508.jpg
Ultrasound image of the lower eye showing signs of tumor.,images/ultrasound_eye_tumor_4509.jpg
Endoscopy image of the anterior brain showing signs of blockage.,images/endoscopy_brain_blockage_4510.jpg
MRI image of the lower breast showing signs of fluid accumulation.,images/mri_breast_fluid accumulation_4511.jpg
X-ray image of the anterior knee showing signs of infection.,images/x-ray_knee_infection_4512.jpg
X-ray image of the right liver showing signs of mass.,images/x-ray_liver_mass_4513.jpg
PET scan image of the posterior thyroid showing signs of swelling.,images/pet_scan_thyroid_swelling_4514.jpg
X-ray image of the anterior bladder showing signs of swelling.,images/x-ray_bladder_swelling_4515.jpg
MRI image of the central heart showing signs of swelling.,images/mri_heart_swelling_4516.jpg
Endoscopy image of the lower liver showing signs of tumor.,images/endoscopy_liver_tumor_4517.jpg
CT scan image of the central abdomen showing signs of degeneration.,images/ct_scan_abdomen_degeneration_4518.jpg
X-ray image of the posterior bladder showing signs of hernia.,images/x-ray_bladder_hernia_4519.jpg
Mammogram image of the right eye showing signs of atrophy.,images/mammogram_eye_atrophy_4520.jpg
MRI image of the lower brain showing signs of blockage.,images/mri_brain_blockage_4521.jpg
Endoscopy image of the lower heart showing signs of blockage.,images/endoscopy_heart_blockage_4522.jpg
CT scan image of the upper knee showing signs of tumor.,images/ct_scan_knee_tumor_4523.jpg
Angiogram image of the no specific liver showing signs of tumor.,images/angiogram_liver_tumor_4524.jpg
CT scan image of the anterior lung showing signs of abnormal growth.,images/ct_scan_lung_abnormal growth_4525.jpg
Ultrasound image of the anterior liver showing signs of abnormal growth.,images/ultrasound_liver_abnormal growth_4526.jpg
Endoscopy image of the bilateral pancreas showing signs of mass.,images/endoscopy_pancreas_mass_4527.jpg
Angiogram image of the posterior thyroid showing signs of inflammation.,images/angiogram_thyroid_inflammation_4528.jpg
Angiogram image of the posterior brain showing signs of hernia.,images/angiogram_brain_hernia_4529.jpg
MRI image of the central brain showing signs of swelling.,images/mri_brain_swelling_4530.jpg
CT scan image of the no specific liver showing signs of tumor.,images/ct_scan_liver_tumor_4531.jpg
Angiogram image of the central heart showing signs of lesion.,images/angiogram_heart_lesion_4532.jpg
PET scan image of the no specific heart showing signs of hernia.,images/pet_scan_heart_hernia_4533.jpg
X-ray image of the bilateral breast showing signs of fluid accumulation.,images/x-ray_breast_fluid accumulation_4534.jpg
Endoscopy image of the central knee showing signs of fluid accumulation.,images/endoscopy_knee_fluid accumulation_4535.jpg
Ultrasound image of the right breast showing signs of infection.,images/ultrasound_breast_infection_4536.jpg
PET scan image of the right spine showing signs of abnormal growth.,images/pet_scan_spine_abnormal growth_4537.jpg
Ultrasound image of the anterior knee showing signs of fluid accumulation.,images/ultrasound_knee_fluid accumulation_4538.jpg
Ultrasound image of the lower eye showing signs of tumor.,images/ultrasound_eye_tumor_4539.jpg
PET scan image of the lower pancreas showing signs of fracture.,images/pet_scan_pancreas_fracture_4540.jpg
MRI image of the anterior bladder showing signs of blockage.,images/mri_bladder_blockage_4541.jpg
Angiogram image of the anterior lung showing signs of scar tissue.,images/angiogram_lung_scar tissue_4542.jpg
PET scan image of the bilateral pancreas showing signs of degeneration.,images/pet_scan_pancreas_degeneration_4543.jpg
Endoscopy image of the central pancreas showing signs of cyst.,images/endoscopy_pancreas_cyst_4544.jpg
Ultrasound image of the no specific liver showing signs of lesion.,images/ultrasound_liver_lesion_4545.jpg
X-ray image of the anterior lung showing signs of tumor.,images/x-ray_lung_tumor_4546.jpg
PET scan image of the left liver showing signs of inflammation.,images/pet_scan_liver_inflammation_4547.jpg
Angiogram image of the lower breast showing signs of cyst.,images/angiogram_breast_cyst_4548.jpg
CT scan image of the upper eye showing signs of calcification.,images/ct_scan_eye_calcification_4549.jpg
CT scan image of the posterior bladder showing signs of fracture.,images/ct_scan_bladder_fracture_4550.jpg
CT scan image of the right spine showing signs of mass.,images/ct_scan_spine_mass_4551.jpg
X-ray image of the posterior spine showing signs of swelling.,images/x-ray_spine_swelling_4552.jpg
PET scan image of the central liver showing signs of mass.,images/pet_scan_liver_mass_4553.jpg
CT scan image of the upper thyroid showing signs of fracture.,images/ct_scan_thyroid_fracture_4554.jpg
Endoscopy image of the right bladder showing signs of blockage.,images/endoscopy_bladder_blockage_4555.jpg
Endoscopy image of the lower lung showing signs of lesion.,images/endoscopy_lung_lesion_4556.jpg
Endoscopy image of the right bladder showing signs of degeneration.,images/endoscopy_bladder_degeneration_4557.jpg
Endoscopy image of the anterior heart showing signs of mass.,images/endoscopy_heart_mass_4558.jpg
CT scan image of the upper eye showing signs of scar tissue.,images/ct_scan_eye_scar tissue_4559.jpg
Endoscopy image of the left brain showing signs of fluid accumulation.,images/endoscopy_brain_fluid accumulation_4560.jpg
X-ray image of the central spine showing signs of tumor.,images/x-ray_spine_tumor_4561.jpg
Angiogram image of the no specific lung showing signs of abnormal growth.,images/angiogram_lung_abnormal growth_4562.jpg
Endoscopy image of the lower eye showing signs of inflammation.,images/endoscopy_eye_inflammation_4563.jpg
MRI image of the no specific abdomen showing signs of cyst.,images/mri_abdomen_cyst_4564.jpg
Ultrasound image of the bilateral eye showing signs of calcification.,images/ultrasound_eye_calcification_4565.jpg
PET scan image of the right lung showing signs of inflammation.,images/pet_scan_lung_inflammation_4566.jpg
MRI image of the bilateral heart showing signs of swelling.,images/mri_heart_swelling_4567.jpg
Angiogram image of the posterior spine showing signs of inflammation.,images/angiogram_spine_inflammation_4568.jpg
Angiogram image of the posterior thyroid showing signs of atrophy.,images/angiogram_thyroid_atrophy_4569.jpg
MRI image of the bilateral thyroid showing signs of tumor.,images/mri_thyroid_tumor_4570.jpg
X-ray image of the right thyroid showing signs of lesion.,images/x-ray_thyroid_lesion_4571.jpg
Angiogram image of the anterior spine showing signs of swelling.,images/angiogram_spine_swelling_4572.jpg
X-ray image of the lower knee showing signs of hernia.,images/x-ray_knee_hernia_4573.jpg
MRI image of the no specific thyroid showing signs of swelling.,images/mri_thyroid_swelling_4574.jpg
Angiogram image of the left lung showing signs of fluid accumulation.,images/angiogram_lung_fluid accumulation_4575.jpg
CT scan image of the right abdomen showing signs of atrophy.,images/ct_scan_abdomen_atrophy_4576.jpg
Endoscopy image of the posterior pancreas showing signs of inflammation.,images/endoscopy_pancreas_inflammation_4577.jpg
Ultrasound image of the bilateral knee showing signs of tumor.,images/ultrasound_knee_tumor_4578.jpg
PET scan image of the posterior spine showing signs of cyst.,images/pet_scan_spine_cyst_4579.jpg
X-ray image of the upper eye showing signs of cyst.,images/x-ray_eye_cyst_4580.jpg
MRI image of the upper brain showing signs of degeneration.,images/mri_brain_degeneration_4581.jpg
PET scan image of the left heart showing signs of tumor.,images/pet_scan_heart_tumor_4582.jpg
Mammogram image of the anterior eye showing signs of degeneration.,images/mammogram_eye_degeneration_4583.jpg
X-ray image of the left abdomen showing signs of scar tissue.,images/x-ray_abdomen_scar tissue_4584.jpg
Endoscopy image of the anterior knee showing signs of fracture.,images/endoscopy_knee_fracture_4585.jpg
MRI image of the left eye showing signs of cyst.,images/mri_eye_cyst_4586.jpg
Mammogram image of the upper knee showing signs of abnormal growth.,images/mammogram_knee_abnormal growth_4587.jpg
X-ray image of the left thyroid showing signs of abnormal growth.,images/x-ray_thyroid_abnormal growth_4588.jpg
CT scan image of the left pancreas showing signs of fracture.,images/ct_scan_pancreas_fracture_4589.jpg
Ultrasound image of the lower breast showing signs of scar tissue.,images/ultrasound_breast_scar tissue_4590.jpg
X-ray image of the left heart showing signs of abnormal growth.,images/x-ray_heart_abnormal growth_4591.jpg
MRI image of the bilateral knee showing signs of hernia.,images/mri_knee_hernia_4592.jpg
Angiogram image of the no specific heart showing signs of calcification.,images/angiogram_heart_calcification_4593.jpg
PET scan image of the left spine showing signs of blockage.,images/pet_scan_spine_blockage_4594.jpg
Mammogram image of the anterior eye showing signs of abnormal growth.,images/mammogram_eye_abnormal growth_4595.jpg
Mammogram image of the lower spine showing signs of inflammation.,images/mammogram_spine_inflammation_4596.jpg
Angiogram image of the posterior pancreas showing signs of tumor.,images/angiogram_pancreas_tumor_4597.jpg
MRI image of the lower breast showing signs of swelling.,images/mri_breast_swelling_4598.jpg
CT scan image of the central bladder showing signs of mass.,images/ct_scan_bladder_mass_4599.jpg
Endoscopy image of the anterior breast showing signs of atrophy.,images/endoscopy_breast_atrophy_4600.jpg
Endoscopy image of the bilateral breast showing signs of degeneration.,images/endoscopy_breast_degeneration_4601.jpg
Endoscopy image of the no specific breast showing signs of atrophy.,images/endoscopy_breast_atrophy_4602.jpg
Endoscopy image of the right breast showing signs of tumor.,images/endoscopy_breast_tumor_4603.jpg
X-ray image of the no specific abdomen showing signs of blockage.,images/x-ray_abdomen_blockage_4604.jpg
PET scan image of the central lung showing signs of blockage.,images/pet_scan_lung_blockage_4605.jpg
Mammogram image of the upper liver showing signs of swelling.,images/mammogram_liver_swelling_4606.jpg
Angiogram image of the bilateral spine showing signs of fluid accumulation.,images/angiogram_spine_fluid accumulation_4607.jpg
CT scan image of the upper bladder showing signs of calcification.,images/ct_scan_bladder_calcification_4608.jpg
X-ray image of the posterior liver showing signs of hernia.,images/x-ray_liver_hernia_4609.jpg
MRI image of the bilateral liver showing signs of mass.,images/mri_liver_mass_4610.jpg
Mammogram image of the posterior brain showing signs of scar tissue.,images/mammogram_brain_scar tissue_4611.jpg
MRI image of the right bladder showing signs of atrophy.,images/mri_bladder_atrophy_4612.jpg
MRI image of the posterior thyroid showing signs of cyst.,images/mri_thyroid_cyst_4613.jpg
Angiogram image of the lower bladder showing signs of lesion.,images/angiogram_bladder_lesion_4614.jpg
Ultrasound image of the bilateral abdomen showing signs of degeneration.,images/ultrasound_abdomen_degeneration_4615.jpg
MRI image of the right thyroid showing signs of scar tissue.,images/mri_thyroid_scar tissue_4616.jpg
PET scan image of the bilateral heart showing signs of swelling.,images/pet_scan_heart_swelling_4617.jpg
Mammogram image of the right heart showing signs of hernia.,images/mammogram_heart_hernia_4618.jpg
X-ray image of the bilateral liver showing signs of mass.,images/x-ray_liver_mass_4619.jpg
Angiogram image of the left heart showing signs of tumor.,images/angiogram_heart_tumor_4620.jpg
Mammogram image of the lower eye showing signs of abnormal growth.,images/mammogram_eye_abnormal growth_4621.jpg
Endoscopy image of the left brain showing signs of degeneration.,images/endoscopy_brain_degeneration_4622.jpg
CT scan image of the upper eye showing signs of degeneration.,images/ct_scan_eye_degeneration_4623.jpg
Endoscopy image of the posterior heart showing signs of atrophy.,images/endoscopy_heart_atrophy_4624.jpg
CT scan image of the anterior eye showing signs of degeneration.,images/ct_scan_eye_degeneration_4625.jpg
CT scan image of the right knee showing signs of lesion.,images/ct_scan_knee_lesion_4626.jpg
Ultrasound image of the central liver showing signs of abnormal growth.,images/ultrasound_liver_abnormal growth_4627.jpg
Angiogram image of the no specific pancreas showing signs of swelling.,images/angiogram_pancreas_swelling_4628.jpg
MRI image of the upper liver showing signs of hernia.,images/mri_liver_hernia_4629.jpg
Angiogram image of the upper bladder showing signs of mass.,images/angiogram_bladder_mass_4630.jpg
MRI image of the bilateral pancreas showing signs of lesion.,images/mri_pancreas_lesion_4631.jpg
CT scan image of the bilateral heart showing signs of tumor.,images/ct_scan_heart_tumor_4632.jpg
Mammogram image of the posterior pancreas showing signs of hernia.,images/mammogram_pancreas_hernia_4633.jpg
MRI image of the anterior liver showing signs of hernia.,images/mri_liver_hernia_4634.jpg
X-ray image of the bilateral brain showing signs of atrophy.,images/x-ray_brain_atrophy_4635.jpg
CT scan image of the upper pancreas showing signs of lesion.,images/ct_scan_pancreas_lesion_4636.jpg
CT scan image of the bilateral abdomen showing signs of atrophy.,images/ct_scan_abdomen_atrophy_4637.jpg
CT scan image of the posterior abdomen showing signs of fluid accumulation.,images/ct_scan_abdomen_fluid accumulation_4638.jpg
MRI image of the posterior abdomen showing signs of blockage.,images/mri_abdomen_blockage_4639.jpg
Endoscopy image of the no specific eye showing signs of cyst.,images/endoscopy_eye_cyst_4640.jpg
PET scan image of the upper pancreas showing signs of swelling.,images/pet_scan_pancreas_swelling_4641.jpg
Mammogram image of the lower pancreas showing signs of calcification.,images/mammogram_pancreas_calcification_4642.jpg
CT scan image of the central brain showing signs of atrophy.,images/ct_scan_brain_atrophy_4643.jpg
X-ray image of the anterior abdomen showing signs of hernia.,images/x-ray_abdomen_hernia_4644.jpg
X-ray image of the anterior heart showing signs of calcification.,images/x-ray_heart_calcification_4645.jpg
PET scan image of the lower knee showing signs of inflammation.,images/pet_scan_knee_inflammation_4646.jpg
PET scan image of the left brain showing signs of calcification.,images/pet_scan_brain_calcification_4647.jpg
PET scan image of the right liver showing signs of infection.,images/pet_scan_liver_infection_4648.jpg
Endoscopy image of the right thyroid showing signs of atrophy.,images/endoscopy_thyroid_atrophy_4649.jpg
Endoscopy image of the bilateral bladder showing signs of atrophy.,images/endoscopy_bladder_atrophy_4650.jpg
Endoscopy image of the no specific heart showing signs of lesion.,images/endoscopy_heart_lesion_4651.jpg
Angiogram image of the no specific eye showing signs of infection.,images/angiogram_eye_infection_4652.jpg
MRI image of the no specific eye showing signs of fluid accumulation.,images/mri_eye_fluid accumulation_4653.jpg
Ultrasound image of the central bladder showing signs of tumor.,images/ultrasound_bladder_tumor_4654.jpg
Endoscopy image of the left heart showing signs of hernia.,images/endoscopy_heart_hernia_4655.jpg
Mammogram image of the posterior liver showing signs of inflammation.,images/mammogram_liver_inflammation_4656.jpg
X-ray image of the no specific liver showing signs of atrophy.,images/x-ray_liver_atrophy_4657.jpg
Angiogram image of the right spine showing signs of abnormal growth.,images/angiogram_spine_abnormal growth_4658.jpg
Mammogram image of the right knee showing signs of infection.,images/mammogram_knee_infection_4659.jpg
Ultrasound image of the lower brain showing signs of swelling.,images/ultrasound_brain_swelling_4660.jpg
Mammogram image of the left heart showing signs of tumor.,images/mammogram_heart_tumor_4661.jpg
Ultrasound image of the bilateral pancreas showing signs of blockage.,images/ultrasound_pancreas_blockage_4662.jpg
CT scan image of the right heart showing signs of cyst.,images/ct_scan_heart_cyst_4663.jpg
Mammogram image of the left liver showing signs of fluid accumulation.,images/mammogram_liver_fluid accumulation_4664.jpg
Mammogram image of the right breast showing signs of infection.,images/mammogram_breast_infection_4665.jpg
PET scan image of the anterior lung showing signs of fracture.,images/pet_scan_lung_fracture_4666.jpg
Mammogram image of the posterior bladder showing signs of infection.,images/mammogram_bladder_infection_4667.jpg
Ultrasound image of the no specific thyroid showing signs of inflammation.,images/ultrasound_thyroid_inflammation_4668.jpg
Ultrasound image of the left liver showing signs of cyst.,images/ultrasound_liver_cyst_4669.jpg
CT scan image of the right brain showing signs of degeneration.,images/ct_scan_brain_degeneration_4670.jpg
CT scan image of the upper heart showing signs of blockage.,images/ct_scan_heart_blockage_4671.jpg
Angiogram image of the right spine showing signs of abnormal growth.,images/angiogram_spine_abnormal growth_4672.jpg
PET scan image of the anterior bladder showing signs of blockage.,images/pet_scan_bladder_blockage_4673.jpg
CT scan image of the no specific spine showing signs of cyst.,images/ct_scan_spine_cyst_4674.jpg
CT scan image of the upper liver showing signs of swelling.,images/ct_scan_liver_swelling_4675.jpg
Angiogram image of the no specific abdomen showing signs of degeneration.,images/angiogram_abdomen_degeneration_4676.jpg
Mammogram image of the posterior thyroid showing signs of calcification.,images/mammogram_thyroid_calcification_4677.jpg
Angiogram image of the anterior lung showing signs of scar tissue.,images/angiogram_lung_scar tissue_4678.jpg
MRI image of the anterior spine showing signs of atrophy.,images/mri_spine_atrophy_4679.jpg
PET scan image of the central abdomen showing signs of fracture.,images/pet_scan_abdomen_fracture_4680.jpg
Ultrasound image of the lower liver showing signs of fluid accumulation.,images/ultrasound_liver_fluid accumulation_4681.jpg
MRI image of the no specific eye showing signs of swelling.,images/mri_eye_swelling_4682.jpg
Angiogram image of the upper brain showing signs of calcification.,images/angiogram_brain_calcification_4683.jpg
X-ray image of the anterior liver showing signs of atrophy.,images/x-ray_liver_atrophy_4684.jpg
CT scan image of the lower bladder showing signs of lesion.,images/ct_scan_bladder_lesion_4685.jpg
Endoscopy image of the lower abdomen showing signs of abnormal growth.,images/endoscopy_abdomen_abnormal growth_4686.jpg
Angiogram image of the central liver showing signs of blockage.,images/angiogram_liver_blockage_4687.jpg
Angiogram image of the bilateral thyroid showing signs of infection.,images/angiogram_thyroid_infection_4688.jpg
PET scan image of the lower thyroid showing signs of lesion.,images/pet_scan_thyroid_lesion_4689.jpg
CT scan image of the right knee showing signs of mass.,images/ct_scan_knee_mass_4690.jpg
MRI image of the bilateral bladder showing signs of calcification.,images/mri_bladder_calcification_4691.jpg
Endoscopy image of the posterior knee showing signs of abnormal growth.,images/endoscopy_knee_abnormal growth_4692.jpg
Angiogram image of the right liver showing signs of fracture.,images/angiogram_liver_fracture_4693.jpg
Mammogram image of the anterior lung showing signs of fracture.,images/mammogram_lung_fracture_4694.jpg
MRI image of the right bladder showing signs of abnormal growth.,images/mri_bladder_abnormal growth_4695.jpg
X-ray image of the bilateral heart showing signs of tumor.,images/x-ray_heart_tumor_4696.jpg
CT scan image of the no specific lung showing signs of fluid accumulation.,images/ct_scan_lung_fluid accumulation_4697.jpg
MRI image of the lower brain showing signs of calcification.,images/mri_brain_calcification_4698.jpg
MRI image of the bilateral brain showing signs of lesion.,images/mri_brain_lesion_4699.jpg
MRI image of the no specific bladder showing signs of tumor.,images/mri_bladder_tumor_4700.jpg
Angiogram image of the lower pancreas showing signs of atrophy.,images/angiogram_pancreas_atrophy_4701.jpg
PET scan image of the posterior brain showing signs of abnormal growth.,images/pet_scan_brain_abnormal growth_4702.jpg
CT scan image of the bilateral brain showing signs of fluid accumulation.,images/ct_scan_brain_fluid accumulation_4703.jpg
PET scan image of the upper breast showing signs of calcification.,images/pet_scan_breast_calcification_4704.jpg
PET scan image of the upper liver showing signs of tumor.,images/pet_scan_liver_tumor_4705.jpg
Mammogram image of the bilateral brain showing signs of swelling.,images/mammogram_brain_swelling_4706.jpg
Mammogram image of the bilateral liver showing signs of scar tissue.,images/mammogram_liver_scar tissue_4707.jpg
CT scan image of the central lung showing signs of mass.,images/ct_scan_lung_mass_4708.jpg
CT scan image of the left knee showing signs of degeneration.,images/ct_scan_knee_degeneration_4709.jpg
CT scan image of the lower abdomen showing signs of inflammation.,images/ct_scan_abdomen_inflammation_4710.jpg
Mammogram image of the upper lung showing signs of cyst.,images/mammogram_lung_cyst_4711.jpg
Angiogram image of the right breast showing signs of infection.,images/angiogram_breast_infection_4712.jpg
CT scan image of the upper eye showing signs of atrophy.,images/ct_scan_eye_atrophy_4713.jpg
Angiogram image of the right abdomen showing signs of fluid accumulation.,images/angiogram_abdomen_fluid accumulation_4714.jpg
Angiogram image of the anterior thyroid showing signs of blockage.,images/angiogram_thyroid_blockage_4715.jpg
Endoscopy image of the upper spine showing signs of inflammation.,images/endoscopy_spine_inflammation_4716.jpg
Angiogram image of the anterior spine showing signs of hernia.,images/angiogram_spine_hernia_4717.jpg
Ultrasound image of the upper breast showing signs of tumor.,images/ultrasound_breast_tumor_4718.jpg
Mammogram image of the central abdomen showing signs of hernia.,images/mammogram_abdomen_hernia_4719.jpg
Endoscopy image of the lower thyroid showing signs of calcification.,images/endoscopy_thyroid_calcification_4720.jpg
Angiogram image of the right liver showing signs of hernia.,images/angiogram_liver_hernia_4721.jpg
Mammogram image of the lower liver showing signs of lesion.,images/mammogram_liver_lesion_4722.jpg
Endoscopy image of the left thyroid showing signs of degeneration.,images/endoscopy_thyroid_degeneration_4723.jpg
MRI image of the left brain showing signs of swelling.,images/mri_brain_swelling_4724.jpg
CT scan image of the central thyroid showing signs of calcification.,images/ct_scan_thyroid_calcification_4725.jpg
Endoscopy image of the central lung showing signs of lesion.,images/endoscopy_lung_lesion_4726.jpg
MRI image of the central breast showing signs of fracture.,images/mri_breast_fracture_4727.jpg
Ultrasound image of the bilateral heart showing signs of cyst.,images/ultrasound_heart_cyst_4728.jpg
Ultrasound image of the right pancreas showing signs of lesion.,images/ultrasound_pancreas_lesion_4729.jpg
Angiogram image of the upper pancreas showing signs of scar tissue.,images/angiogram_pancreas_scar tissue_4730.jpg
Angiogram image of the bilateral thyroid showing signs of calcification.,images/angiogram_thyroid_calcification_4731.jpg
CT scan image of the left knee showing signs of hernia.,images/ct_scan_knee_hernia_4732.jpg
Mammogram image of the posterior lung showing signs of scar tissue.,images/mammogram_lung_scar tissue_4733.jpg
MRI image of the right brain showing signs of mass.,images/mri_brain_mass_4734.jpg
Endoscopy image of the lower bladder showing signs of cyst.,images/endoscopy_bladder_cyst_4735.jpg
Ultrasound image of the anterior spine showing signs of scar tissue.,images/ultrasound_spine_scar tissue_4736.jpg
Angiogram image of the central breast showing signs of scar tissue.,images/angiogram_breast_scar tissue_4737.jpg
Endoscopy image of the left abdomen showing signs of lesion.,images/endoscopy_abdomen_lesion_4738.jpg
CT scan image of the no specific thyroid showing signs of tumor.,images/ct_scan_thyroid_tumor_4739.jpg
Endoscopy image of the upper heart showing signs of infection.,images/endoscopy_heart_infection_4740.jpg
Angiogram image of the right heart showing signs of abnormal growth.,images/angiogram_heart_abnormal growth_4741.jpg
X-ray image of the anterior pancreas showing signs of fluid accumulation.,images/x-ray_pancreas_fluid accumulation_4742.jpg
Angiogram image of the posterior pancreas showing signs of atrophy.,images/angiogram_pancreas_atrophy_4743.jpg
X-ray image of the right heart showing signs of abnormal growth.,images/x-ray_heart_abnormal growth_4744.jpg
Angiogram image of the right spine showing signs of cyst.,images/angiogram_spine_cyst_4745.jpg
CT scan image of the anterior brain showing signs of fluid accumulation.,images/ct_scan_brain_fluid accumulation_4746.jpg
MRI image of the central abdomen showing signs of blockage.,images/mri_abdomen_blockage_4747.jpg
X-ray image of the right heart showing signs of degeneration.,images/x-ray_heart_degeneration_4748.jpg
Mammogram image of the central pancreas showing signs of cyst.,images/mammogram_pancreas_cyst_4749.jpg
Mammogram image of the right thyroid showing signs of atrophy.,images/mammogram_thyroid_atrophy_4750.jpg
Mammogram image of the right abdomen showing signs of cyst.,images/mammogram_abdomen_cyst_4751.jpg
Mammogram image of the left spine showing signs of scar tissue.,images/mammogram_spine_scar tissue_4752.jpg
Endoscopy image of the upper abdomen showing signs of calcification.,images/endoscopy_abdomen_calcification_4753.jpg
PET scan image of the right abdomen showing signs of calcification.,images/pet_scan_abdomen_calcification_4754.jpg
CT scan image of the anterior spine showing signs of inflammation.,images/ct_scan_spine_inflammation_4755.jpg
X-ray image of the right liver showing signs of abnormal growth.,images/x-ray_liver_abnormal growth_4756.jpg
Endoscopy image of the central thyroid showing signs of hernia.,images/endoscopy_thyroid_hernia_4757.jpg
CT scan image of the anterior heart showing signs of calcification.,images/ct_scan_heart_calcification_4758.jpg
Endoscopy image of the right eye showing signs of atrophy.,images/endoscopy_eye_atrophy_4759.jpg
CT scan image of the lower spine showing signs of degeneration.,images/ct_scan_spine_degeneration_4760.jpg
MRI image of the right bladder showing signs of infection.,images/mri_bladder_infection_4761.jpg
MRI image of the right brain showing signs of blockage.,images/mri_brain_blockage_4762.jpg
Endoscopy image of the upper brain showing signs of lesion.,images/endoscopy_brain_lesion_4763.jpg
X-ray image of the lower spine showing signs of swelling.,images/x-ray_spine_swelling_4764.jpg
CT scan image of the left heart showing signs of calcification.,images/ct_scan_heart_calcification_4765.jpg
MRI image of the anterior bladder showing signs of tumor.,images/mri_bladder_tumor_4766.jpg
Mammogram image of the bilateral knee showing signs of mass.,images/mammogram_knee_mass_4767.jpg
Endoscopy image of the left spine showing signs of calcification.,images/endoscopy_spine_calcification_4768.jpg
Mammogram image of the anterior breast showing signs of infection.,images/mammogram_breast_infection_4769.jpg
X-ray image of the bilateral spine showing signs of calcification.,images/x-ray_spine_calcification_4770.jpg
PET scan image of the left eye showing signs of tumor.,images/pet_scan_eye_tumor_4771.jpg
Mammogram image of the right knee showing signs of scar tissue.,images/mammogram_knee_scar tissue_4772.jpg
MRI image of the left thyroid showing signs of blockage.,images/mri_thyroid_blockage_4773.jpg
MRI image of the no specific lung showing signs of abnormal growth.,images/mri_lung_abnormal growth_4774.jpg
PET scan image of the left heart showing signs of tumor.,images/pet_scan_heart_tumor_4775.jpg
CT scan image of the posterior knee showing signs of hernia.,images/ct_scan_knee_hernia_4776.jpg
X-ray image of the no specific lung showing signs of lesion.,images/x-ray_lung_lesion_4777.jpg
Angiogram image of the anterior abdomen showing signs of fracture.,images/angiogram_abdomen_fracture_4778.jpg
Ultrasound image of the anterior knee showing signs of lesion.,images/ultrasound_knee_lesion_4779.jpg
Ultrasound image of the anterior pancreas showing signs of mass.,images/ultrasound_pancreas_mass_4780.jpg
Endoscopy image of the right heart showing signs of fluid accumulation.,images/endoscopy_heart_fluid accumulation_4781.jpg
Mammogram image of the posterior eye showing signs of calcification.,images/mammogram_eye_calcification_4782.jpg
Angiogram image of the right knee showing signs of fracture.,images/angiogram_knee_fracture_4783.jpg
Angiogram image of the left lung showing signs of tumor.,images/angiogram_lung_tumor_4784.jpg
CT scan image of the no specific abdomen showing signs of atrophy.,images/ct_scan_abdomen_atrophy_4785.jpg
Mammogram image of the right breast showing signs of scar tissue.,images/mammogram_breast_scar tissue_4786.jpg
Angiogram image of the left eye showing signs of swelling.,images/angiogram_eye_swelling_4787.jpg
Endoscopy image of the central spine showing signs of atrophy.,images/endoscopy_spine_atrophy_4788.jpg
Ultrasound image of the upper knee showing signs of abnormal growth.,images/ultrasound_knee_abnormal growth_4789.jpg
Ultrasound image of the right thyroid showing signs of infection.,images/ultrasound_thyroid_infection_4790.jpg
PET scan image of the no specific breast showing signs of mass.,images/pet_scan_breast_mass_4791.jpg
PET scan image of the upper lung showing signs of swelling.,images/pet_scan_lung_swelling_4792.jpg
Ultrasound image of the upper spine showing signs of swelling.,images/ultrasound_spine_swelling_4793.jpg
Angiogram image of the bilateral pancreas showing signs of inflammation.,images/angiogram_pancreas_inflammation_4794.jpg
Angiogram image of the lower brain showing signs of infection.,images/angiogram_brain_infection_4795.jpg
Endoscopy image of the central heart showing signs of fluid accumulation.,images/endoscopy_heart_fluid accumulation_4796.jpg
Endoscopy image of the posterior brain showing signs of atrophy.,images/endoscopy_brain_atrophy_4797.jpg
Angiogram image of the lower knee showing signs of atrophy.,images/angiogram_knee_atrophy_4798.jpg
X-ray image of the left heart showing signs of swelling.,images/x-ray_heart_swelling_4799.jpg
PET scan image of the anterior abdomen showing signs of swelling.,images/pet_scan_abdomen_swelling_4800.jpg
Angiogram image of the central breast showing signs of degeneration.,images/angiogram_breast_degeneration_4801.jpg
MRI image of the posterior lung showing signs of lesion.,images/mri_lung_lesion_4802.jpg
Ultrasound image of the right eye showing signs of mass.,images/ultrasound_eye_mass_4803.jpg
MRI image of the upper eye showing signs of hernia.,images/mri_eye_hernia_4804.jpg
MRI image of the central brain showing signs of inflammation.,images/mri_brain_inflammation_4805.jpg
PET scan image of the anterior heart showing signs of fluid accumulation.,images/pet_scan_heart_fluid accumulation_4806.jpg
Endoscopy image of the anterior bladder showing signs of calcification.,images/endoscopy_bladder_calcification_4807.jpg
X-ray image of the right bladder showing signs of cyst.,images/x-ray_bladder_cyst_4808.jpg
Mammogram image of the lower eye showing signs of infection.,images/mammogram_eye_infection_4809.jpg
Angiogram image of the anterior bladder showing signs of calcification.,images/angiogram_bladder_calcification_4810.jpg
Endoscopy image of the upper brain showing signs of fluid accumulation.,images/endoscopy_brain_fluid accumulation_4811.jpg
MRI image of the lower pancreas showing signs of lesion.,images/mri_pancreas_lesion_4812.jpg
Angiogram image of the anterior brain showing signs of fluid accumulation.,images/angiogram_brain_fluid accumulation_4813.jpg
MRI image of the central knee showing signs of scar tissue.,images/mri_knee_scar tissue_4814.jpg
X-ray image of the anterior breast showing signs of lesion.,images/x-ray_breast_lesion_4815.jpg
Endoscopy image of the no specific thyroid showing signs of swelling.,images/endoscopy_thyroid_swelling_4816.jpg
X-ray image of the no specific lung showing signs of calcification.,images/x-ray_lung_calcification_4817.jpg
Angiogram image of the bilateral brain showing signs of degeneration.,images/angiogram_brain_degeneration_4818.jpg
CT scan image of the no specific pancreas showing signs of calcification.,images/ct_scan_pancreas_calcification_4819.jpg
CT scan image of the left liver showing signs of lesion.,images/ct_scan_liver_lesion_4820.jpg
Angiogram image of the left abdomen showing signs of swelling.,images/angiogram_abdomen_swelling_4821.jpg
Ultrasound image of the bilateral lung showing signs of scar tissue.,images/ultrasound_lung_scar tissue_4822.jpg
CT scan image of the anterior liver showing signs of degeneration.,images/ct_scan_liver_degeneration_4823.jpg
CT scan image of the posterior spine showing signs of infection.,images/ct_scan_spine_infection_4824.jpg
Angiogram image of the bilateral knee showing signs of degeneration.,images/angiogram_knee_degeneration_4825.jpg
Ultrasound image of the anterior pancreas showing signs of fluid accumulation.,images/ultrasound_pancreas_fluid accumulation_4826.jpg
Endoscopy image of the central liver showing signs of abnormal growth.,images/endoscopy_liver_abnormal growth_4827.jpg
Ultrasound image of the lower knee showing signs of fluid accumulation.,images/ultrasound_knee_fluid accumulation_4828.jpg
X-ray image of the central lung showing signs of atrophy.,images/x-ray_lung_atrophy_4829.jpg
PET scan image of the posterior brain showing signs of abnormal growth.,images/pet_scan_brain_abnormal growth_4830.jpg
PET scan image of the right heart showing signs of infection.,images/pet_scan_heart_infection_4831.jpg
CT scan image of the lower knee showing signs of degeneration.,images/ct_scan_knee_degeneration_4832.jpg
Angiogram image of the posterior abdomen showing signs of mass.,images/angiogram_abdomen_mass_4833.jpg
MRI image of the right eye showing signs of cyst.,images/mri_eye_cyst_4834.jpg
Endoscopy image of the anterior eye showing signs of mass.,images/endoscopy_eye_mass_4835.jpg
MRI image of the anterior spine showing signs of blockage.,images/mri_spine_blockage_4836.jpg
X-ray image of the left bladder showing signs of mass.,images/x-ray_bladder_mass_4837.jpg
Ultrasound image of the central thyroid showing signs of fluid accumulation.,images/ultrasound_thyroid_fluid accumulation_4838.jpg
MRI image of the anterior heart showing signs of inflammation.,images/mri_heart_inflammation_4839.jpg
PET scan image of the left abdomen showing signs of inflammation.,images/pet_scan_abdomen_inflammation_4840.jpg
PET scan image of the upper pancreas showing signs of lesion.,images/pet_scan_pancreas_lesion_4841.jpg
Mammogram image of the upper eye showing signs of lesion.,images/mammogram_eye_lesion_4842.jpg
Endoscopy image of the bilateral breast showing signs of fluid accumulation.,images/endoscopy_breast_fluid accumulation_4843.jpg
Endoscopy image of the upper eye showing signs of atrophy.,images/endoscopy_eye_atrophy_4844.jpg
X-ray image of the bilateral spine showing signs of lesion.,images/x-ray_spine_lesion_4845.jpg
Angiogram image of the no specific pancreas showing signs of mass.,images/angiogram_pancreas_mass_4846.jpg
Angiogram image of the upper knee showing signs of atrophy.,images/angiogram_knee_atrophy_4847.jpg
Angiogram image of the upper eye showing signs of calcification.,images/angiogram_eye_calcification_4848.jpg
CT scan image of the central heart showing signs of swelling.,images/ct_scan_heart_swelling_4849.jpg
MRI image of the bilateral heart showing signs of inflammation.,images/mri_heart_inflammation_4850.jpg
Endoscopy image of the anterior knee showing signs of degeneration.,images/endoscopy_knee_degeneration_4851.jpg
Mammogram image of the lower heart showing signs of lesion.,images/mammogram_heart_lesion_4852.jpg
Mammogram image of the no specific bladder showing signs of calcification.,images/mammogram_bladder_calcification_4853.jpg
Ultrasound image of the central abdomen showing signs of fracture.,images/ultrasound_abdomen_fracture_4854.jpg
PET scan image of the upper heart showing signs of fluid accumulation.,images/pet_scan_heart_fluid accumulation_4855.jpg
Mammogram image of the lower abdomen showing signs of cyst.,images/mammogram_abdomen_cyst_4856.jpg
Endoscopy image of the anterior abdomen showing signs of hernia.,images/endoscopy_abdomen_hernia_4857.jpg
Mammogram image of the bilateral spine showing signs of blockage.,images/mammogram_spine_blockage_4858.jpg
X-ray image of the upper lung showing signs of lesion.,images/x-ray_lung_lesion_4859.jpg
Angiogram image of the bilateral breast showing signs of blockage.,images/angiogram_breast_blockage_4860.jpg
Mammogram image of the lower eye showing signs of fracture.,images/mammogram_eye_fracture_4861.jpg
CT scan image of the lower pancreas showing signs of fracture.,images/ct_scan_pancreas_fracture_4862.jpg
Angiogram image of the left eye showing signs of fracture.,images/angiogram_eye_fracture_4863.jpg
X-ray image of the right knee showing signs of cyst.,images/x-ray_knee_cyst_4864.jpg
Mammogram image of the right heart showing signs of infection.,images/mammogram_heart_infection_4865.jpg
MRI image of the bilateral breast showing signs of tumor.,images/mri_breast_tumor_4866.jpg
PET scan image of the no specific brain showing signs of degeneration.,images/pet_scan_brain_degeneration_4867.jpg
X-ray image of the right abdomen showing signs of tumor.,images/x-ray_abdomen_tumor_4868.jpg
MRI image of the lower lung showing signs of abnormal growth.,images/mri_lung_abnormal growth_4869.jpg
Angiogram image of the posterior thyroid showing signs of swelling.,images/angiogram_thyroid_swelling_4870.jpg
CT scan image of the right pancreas showing signs of calcification.,images/ct_scan_pancreas_calcification_4871.jpg
CT scan image of the anterior heart showing signs of infection.,images/ct_scan_heart_infection_4872.jpg
Mammogram image of the no specific knee showing signs of mass.,images/mammogram_knee_mass_4873.jpg
Ultrasound image of the bilateral breast showing signs of lesion.,images/ultrasound_breast_lesion_4874.jpg
Angiogram image of the posterior bladder showing signs of fracture.,images/angiogram_bladder_fracture_4875.jpg
PET scan image of the central abdomen showing signs of lesion.,images/pet_scan_abdomen_lesion_4876.jpg
Angiogram image of the left lung showing signs of tumor.,images/angiogram_lung_tumor_4877.jpg
Mammogram image of the anterior thyroid showing signs of inflammation.,images/mammogram_thyroid_inflammation_4878.jpg
Mammogram image of the upper brain showing signs of abnormal growth.,images/mammogram_brain_abnormal growth_4879.jpg
PET scan image of the left abdomen showing signs of blockage.,images/pet_scan_abdomen_blockage_4880.jpg
Angiogram image of the no specific heart showing signs of inflammation.,images/angiogram_heart_inflammation_4881.jpg
MRI image of the left liver showing signs of swelling.,images/mri_liver_swelling_4882.jpg
CT scan image of the upper bladder showing signs of scar tissue.,images/ct_scan_bladder_scar tissue_4883.jpg
Angiogram image of the lower thyroid showing signs of degeneration.,images/angiogram_thyroid_degeneration_4884.jpg
X-ray image of the left breast showing signs of lesion.,images/x-ray_breast_lesion_4885.jpg
PET scan image of the anterior eye showing signs of swelling.,images/pet_scan_eye_swelling_4886.jpg
Endoscopy image of the central heart showing signs of swelling.,images/endoscopy_heart_swelling_4887.jpg
Mammogram image of the no specific breast showing signs of fracture.,images/mammogram_breast_fracture_4888.jpg
Mammogram image of the bilateral bladder showing signs of fluid accumulation.,images/mammogram_bladder_fluid accumulation_4889.jpg
Angiogram image of the left bladder showing signs of calcification.,images/angiogram_bladder_calcification_4890.jpg
MRI image of the upper breast showing signs of infection.,images/mri_breast_infection_4891.jpg
X-ray image of the central thyroid showing signs of tumor.,images/x-ray_thyroid_tumor_4892.jpg
MRI image of the no specific eye showing signs of mass.,images/mri_eye_mass_4893.jpg
Angiogram image of the lower pancreas showing signs of hernia.,images/angiogram_pancreas_hernia_4894.jpg
Ultrasound image of the upper thyroid showing signs of swelling.,images/ultrasound_thyroid_swelling_4895.jpg
X-ray image of the posterior lung showing signs of abnormal growth.,images/x-ray_lung_abnormal growth_4896.jpg
Mammogram image of the lower spine showing signs of blockage.,images/mammogram_spine_blockage_4897.jpg
Angiogram image of the no specific bladder showing signs of fluid accumulation.,images/angiogram_bladder_fluid accumulation_4898.jpg
MRI image of the upper thyroid showing signs of lesion.,images/mri_thyroid_lesion_4899.jpg
PET scan image of the posterior pancreas showing signs of inflammation.,images/pet_scan_pancreas_inflammation_4900.jpg
CT scan image of the central lung showing signs of calcification.,images/ct_scan_lung_calcification_4901.jpg
Ultrasound image of the lower spine showing signs of atrophy.,images/ultrasound_spine_atrophy_4902.jpg
CT scan image of the left abdomen showing signs of fluid accumulation.,images/ct_scan_abdomen_fluid accumulation_4903.jpg
MRI image of the lower heart showing signs of hernia.,images/mri_heart_hernia_4904.jpg
CT scan image of the no specific pancreas showing signs of inflammation.,images/ct_scan_pancreas_inflammation_4905.jpg
Angiogram image of the right spine showing signs of lesion.,images/angiogram_spine_lesion_4906.jpg
CT scan image of the upper pancreas showing signs of tumor.,images/ct_scan_pancreas_tumor_4907.jpg
CT scan image of the anterior breast showing signs of blockage.,images/ct_scan_breast_blockage_4908.jpg
MRI image of the upper thyroid showing signs of fluid accumulation.,images/mri_thyroid_fluid accumulation_4909.jpg
CT scan image of the lower brain showing signs of fracture.,images/ct_scan_brain_fracture_4910.jpg
Angiogram image of the anterior breast showing signs of scar tissue.,images/angiogram_breast_scar tissue_4911.jpg
PET scan image of the central abdomen showing signs of hernia.,images/pet_scan_abdomen_hernia_4912.jpg
CT scan image of the central breast showing signs of degeneration.,images/ct_scan_breast_degeneration_4913.jpg
CT scan image of the bilateral heart showing signs of degeneration.,images/ct_scan_heart_degeneration_4914.jpg
X-ray image of the left thyroid showing signs of fracture.,images/x-ray_thyroid_fracture_4915.jpg
Ultrasound image of the no specific knee showing signs of atrophy.,images/ultrasound_knee_atrophy_4916.jpg
PET scan image of the posterior breast showing signs of fracture.,images/pet_scan_breast_fracture_4917.jpg
Angiogram image of the no specific breast showing signs of scar tissue.,images/angiogram_breast_scar tissue_4918.jpg
MRI image of the bilateral pancreas showing signs of swelling.,images/mri_pancreas_swelling_4919.jpg
X-ray image of the anterior eye showing signs of atrophy.,images/x-ray_eye_atrophy_4920.jpg
MRI image of the right liver showing signs of fracture.,images/mri_liver_fracture_4921.jpg
Angiogram image of the central pancreas showing signs of inflammation.,images/angiogram_pancreas_inflammation_4922.jpg
CT scan image of the upper liver showing signs of fluid accumulation.,images/ct_scan_liver_fluid accumulation_4923.jpg
PET scan image of the right lung showing signs of blockage.,images/pet_scan_lung_blockage_4924.jpg
Angiogram image of the anterior liver showing signs of fracture.,images/angiogram_liver_fracture_4925.jpg
PET scan image of the lower abdomen showing signs of degeneration.,images/pet_scan_abdomen_degeneration_4926.jpg
Endoscopy image of the central knee showing signs of fluid accumulation.,images/endoscopy_knee_fluid accumulation_4927.jpg
Endoscopy image of the lower liver showing signs of mass.,images/endoscopy_liver_mass_4928.jpg
MRI image of the upper spine showing signs of cyst.,images/mri_spine_cyst_4929.jpg
CT scan image of the no specific lung showing signs of cyst.,images/ct_scan_lung_cyst_4930.jpg
Endoscopy image of the central pancreas showing signs of hernia.,images/endoscopy_pancreas_hernia_4931.jpg
MRI image of the bilateral eye showing signs of mass.,images/mri_eye_mass_4932.jpg
Ultrasound image of the lower eye showing signs of mass.,images/ultrasound_eye_mass_4933.jpg
Ultrasound image of the posterior abdomen showing signs of swelling.,images/ultrasound_abdomen_swelling_4934.jpg
Ultrasound image of the central knee showing signs of hernia.,images/ultrasound_knee_hernia_4935.jpg
Angiogram image of the anterior spine showing signs of lesion.,images/angiogram_spine_lesion_4936.jpg
PET scan image of the central heart showing signs of infection.,images/pet_scan_heart_infection_4937.jpg
Angiogram image of the left bladder showing signs of calcification.,images/angiogram_bladder_calcification_4938.jpg
MRI image of the left thyroid showing signs of scar tissue.,images/mri_thyroid_scar tissue_4939.jpg
MRI image of the right thyroid showing signs of calcification.,images/mri_thyroid_calcification_4940.jpg
CT scan image of the lower brain showing signs of atrophy.,images/ct_scan_brain_atrophy_4941.jpg
Mammogram image of the bilateral knee showing signs of fracture.,images/mammogram_knee_fracture_4942.jpg
Angiogram image of the lower lung showing signs of lesion.,images/angiogram_lung_lesion_4943.jpg
Angiogram image of the right heart showing signs of scar tissue.,images/angiogram_heart_scar tissue_4944.jpg
MRI image of the right breast showing signs of mass.,images/mri_breast_mass_4945.jpg
Endoscopy image of the lower liver showing signs of inflammation.,images/endoscopy_liver_inflammation_4946.jpg
Angiogram image of the left breast showing signs of infection.,images/angiogram_breast_infection_4947.jpg
CT scan image of the no specific lung showing signs of mass.,images/ct_scan_lung_mass_4948.jpg
PET scan image of the posterior brain showing signs of inflammation.,images/pet_scan_brain_inflammation_4949.jpg
Endoscopy image of the anterior breast showing signs of tumor.,images/endoscopy_breast_tumor_4950.jpg
Mammogram image of the lower bladder showing signs of abnormal growth.,images/mammogram_bladder_abnormal growth_4951.jpg
CT scan image of the right pancreas showing signs of mass.,images/ct_scan_pancreas_mass_4952.jpg
Mammogram image of the posterior abdomen showing signs of tumor.,images/mammogram_abdomen_tumor_4953.jpg
Ultrasound image of the upper pancreas showing signs of scar tissue.,images/ultrasound_pancreas_scar tissue_4954.jpg
PET scan image of the anterior abdomen showing signs of hernia.,images/pet_scan_abdomen_hernia_4955.jpg
Angiogram image of the bilateral heart showing signs of tumor.,images/angiogram_heart_tumor_4956.jpg
MRI image of the left pancreas showing signs of calcification.,images/mri_pancreas_calcification_4957.jpg
CT scan image of the central thyroid showing signs of infection.,images/ct_scan_thyroid_infection_4958.jpg
Angiogram image of the posterior liver showing signs of cyst.,images/angiogram_liver_cyst_4959.jpg
CT scan image of the posterior liver showing signs of lesion.,images/ct_scan_liver_lesion_4960.jpg
X-ray image of the central thyroid showing signs of calcification.,images/x-ray_thyroid_calcification_4961.jpg
Angiogram image of the anterior spine showing signs of abnormal growth.,images/angiogram_spine_abnormal growth_4962.jpg
Endoscopy image of the right thyroid showing signs of cyst.,images/endoscopy_thyroid_cyst_4963.jpg
CT scan image of the anterior pancreas showing signs of calcification.,images/ct_scan_pancreas_calcification_4964.jpg
Ultrasound image of the right pancreas showing signs of fluid accumulation.,images/ultrasound_pancreas_fluid accumulation_4965.jpg
Angiogram image of the anterior knee showing signs of lesion.,images/angiogram_knee_lesion_4966.jpg
X-ray image of the posterior bladder showing signs of mass.,images/x-ray_bladder_mass_4967.jpg
MRI image of the lower lung showing signs of hernia.,images/mri_lung_hernia_4968.jpg
Endoscopy image of the right thyroid showing signs of lesion.,images/endoscopy_thyroid_lesion_4969.jpg
X-ray image of the central eye showing signs of fracture.,images/x-ray_eye_fracture_4970.jpg
X-ray image of the central knee showing signs of calcification.,images/x-ray_knee_calcification_4971.jpg
Angiogram image of the posterior bladder showing signs of lesion.,images/angiogram_bladder_lesion_4972.jpg
MRI image of the right bladder showing signs of inflammation.,images/mri_bladder_inflammation_4973.jpg
CT scan image of the posterior abdomen showing signs of degeneration.,images/ct_scan_abdomen_degeneration_4974.jpg
Angiogram image of the bilateral bladder showing signs of mass.,images/angiogram_bladder_mass_4975.jpg
Ultrasound image of the central pancreas showing signs of fluid accumulation.,images/ultrasound_pancreas_fluid accumulation_4976.jpg
CT scan image of the posterior knee showing signs of calcification.,images/ct_scan_knee_calcification_4977.jpg
CT scan image of the lower eye showing signs of degeneration.,images/ct_scan_eye_degeneration_4978.jpg
X-ray image of the lower brain showing signs of calcification.,images/x-ray_brain_calcification_4979.jpg
Ultrasound image of the upper abdomen showing signs of abnormal growth.,images/ultrasound_abdomen_abnormal growth_4980.jpg
Angiogram image of the no specific abdomen showing signs of calcification.,images/angiogram_abdomen_calcification_4981.jpg
Mammogram image of the right heart showing signs of blockage.,images/mammogram_heart_blockage_4982.jpg
Ultrasound image of the left pancreas showing signs of scar tissue.,images/ultrasound_pancreas_scar tissue_4983.jpg
CT scan image of the central knee showing signs of tumor.,images/ct_scan_knee_tumor_4984.jpg
PET scan image of the anterior breast showing signs of cyst.,images/pet_scan_breast_cyst_4985.jpg
X-ray image of the upper brain showing signs of infection.,images/x-ray_brain_infection_4986.jpg
MRI image of the anterior spine showing signs of blockage.,images/mri_spine_blockage_4987.jpg
Mammogram image of the no specific spine showing signs of scar tissue.,images/mammogram_spine_scar tissue_4988.jpg
Ultrasound image of the anterior spine showing signs of lesion.,images/ultrasound_spine_lesion_4989.jpg
Angiogram image of the bilateral eye showing signs of fracture.,images/angiogram_eye_fracture_4990.jpg
PET scan image of the right abdomen showing signs of calcification.,images/pet_scan_abdomen_calcification_4991.jpg
Angiogram image of the right thyroid showing signs of infection.,images/angiogram_thyroid_infection_4992.jpg
CT scan image of the posterior brain showing signs of fluid accumulation.,images/ct_scan_brain_fluid accumulation_4993.jpg
Ultrasound image of the anterior spine showing signs of abnormal growth.,images/ultrasound_spine_abnormal growth_4994.jpg
CT scan image of the no specific pancreas showing signs of swelling.,images/ct_scan_pancreas_swelling_4995.jpg
CT scan image of the left abdomen showing signs of tumor.,images/ct_scan_abdomen_tumor_4996.jpg
MRI image of the upper breast showing signs of calcification.,images/mri_breast_calcification_4997.jpg
Endoscopy image of the posterior knee showing signs of mass.,images/endoscopy_knee_mass_4998.jpg
Endoscopy image of the no specific bladder showing signs of hernia.,images/endoscopy_bladder_hernia_4999.jpg
